  0
SECTION
  2
HEADER
  9
$ACADVER
  1
AC1027
  9
$ACADMAINTVER
 70
105
  9
$DWGCODEPAGE
  3
ANSI_1251
  9
$LASTSAVEDBY
  1
ezdxf
  9
$REQUIREDVERSIONS
160
0
  9
$INSBASE
 10
0.0
 20
0.0
 30
0.0
  9
$EXTMIN
 10
1e+20
 20
1e+20
 30
1e+20
  9
$EXTMAX
 10
-1e+20
 20
-1e+20
 30
-1e+20
  9
$LIMMIN
 10
0.0
 20
0.0
  9
$LIMMAX
 10
420.0
 20
297.0
  9
$ORTHOMODE
 70
0
  9
$REGENMODE
 70
1
  9
$FILLMODE
 70
1
  9
$QTEXTMODE
 70
0
  9
$MIRRTEXT
 70
1
  9
$LTSCALE
 40
1.0
  9
$ATTMODE
 70
1
  9
$TEXTSIZE
 40
2.5
  9
$TRACEWID
 40
1.0
  9
$TEXTSTYLE
  7
ГОСТ 2.304
  9
$CLAYER
  8
Размеры
  9
$CELTYPE
  6
ByLayer
  9
$CECOLOR
 62
256
  9
$CELTSCALE
 40
75.0
  9
$DISPSILH
 70
0
  9
$DIMSCALE
 40
75.0
  9
$DIMASZ
 40
2.5
  9
$DIMEXO
 40
0.625
  9
$DIMDLI
 40
3.75
  9
$DIMRND
 40
0.0
  9
$DIMDLE
 40
0.0
  9
$DIMEXE
 40
2.0
  9
$DIMTP
 40
0.0
  9
$DIMTM
 40
0.0
  9
$DIMTXT
 40
2.5
  9
$DIMCEN
 40
2.5
  9
$DIMTSZ
 40
0.0
  9
$DIMTOL
 70
0
  9
$DIMLIM
 70
0
  9
$DIMTIH
 70
0
  9
$DIMTOH
 70
0
  9
$DIMSE1
 70
0
  9
$DIMSE2
 70
0
  9
$DIMTAD
 70
1
  9
$DIMZIN
 70
8
  9
$DIMBLK
  1

  9
$DIMASO
 70
1
  9
$DIMSHO
 70
1
  9
$DIMPOST
  1

  9
$DIMAPOST
  1

  9
$DIMALT
 70
0
  9
$DIMALTD
 70
3
  9
$DIMALTF
 40
0.03937007874
  9
$DIMLFAC
 40
1.0
  9
$DIMTOFL
 70
1
  9
$DIMTVP
 40
0.0
  9
$DIMTIX
 70
0
  9
$DIMSOXD
 70
0
  9
$DIMSAH
 70
0
  9
$DIMBLK1
  1

  9
$DIMBLK2
  1

  9
$DIMSTYLE
  2
СПДС
  9
$DIMCLRD
 70
0
  9
$DIMCLRE
 70
0
  9
$DIMCLRT
 70
0
  9
$DIMTFAC
 40
1.0
  9
$DIMGAP
 40
1.0
  9
$DIMJUST
 70
0
  9
$DIMSD1
 70
0
  9
$DIMSD2
 70
0
  9
$DIMTOLJ
 70
0
  9
$DIMTZIN
 70
8
  9
$DIMALTZ
 70
0
  9
$DIMALTTZ
 70
0
  9
$DIMUPT
 70
0
  9
$DIMDEC
 70
2
  9
$DIMTDEC
 70
2
  9
$DIMALTU
 70
2
  9
$DIMALTTD
 70
3
  9
$DIMTXSTY
  7
Standard
  9
$DIMAUNIT
 70
0
  9
$DIMADEC
 70
0
  9
$DIMALTRND
 40
0.0
  9
$DIMAZIN
 70
0
  9
$DIMDSEP
 70
44
  9
$DIMATFIT
 70
3
  9
$DIMFRAC
 70
0
  9
$DIMLDRBLK
  1

  9
$DIMLUNIT
 70
2
  9
$DIMLWD
 70
-2
  9
$DIMLWE
 70
-2
  9
$DIMTMOVE
 70
0
  9
$DIMFXL
 40
1.0
  9
$DIMFXLON
 70
0
  9
$DIMJOGANG
 40
0.785398163397
  9
$DIMTFILL
 70
0
  9
$DIMTFILLCLR
 70
0
  9
$DIMARCSYM
 70
0
  9
$DIMLTYPE
  6

  9
$DIMLTEX1
  6

  9
$DIMLTEX2
  6

  9
$DIMTXTDIRECTION
 70
0
  9
$LUNITS
 70
2
  9
$LUPREC
 70
4
  9
$SKETCHINC
 40
1.0
  9
$FILLETRAD
 40
10.0
  9
$AUNITS
 70
0
  9
$AUPREC
 70
2
  9
$MENU
  1
.
  9
$ELEVATION
 40
0.0
  9
$PELEVATION
 40
0.0
  9
$THICKNESS
 40
0.0
  9
$LIMCHECK
 70
0
  9
$CHAMFERA
 40
0.0
  9
$CHAMFERB
 40
0.0
  9
$CHAMFERC
 40
0.0
  9
$CHAMFERD
 40
0.0
  9
$SKPOLY
 70
0
  9
$TDCREATE
 40
2461305.102465278
  9
$TDUCREATE
 40
2458532.153996898
  9
$TDUPDATE
 40
2461305.102708333
  9
$TDUUPDATE
 40
2458532.1544311
  9
$TDINDWG
 40
0.0
  9
$TDUSRTIMER
 40
0.0
  9
$USRTIMER
 70
1
  9
$ANGBASE
 50
0.0
  9
$ANGDIR
 70
0
  9
$PDMODE
 70
0
  9
$PDSIZE
 40
0.0
  9
$PLINEWID
 40
0.0
  9
$SPLFRAME
 70
0
  9
$SPLINETYPE
 70
6
  9
$SPLINESEGS
 70
8
  9
$HANDSEED
  5
69C
  9
$SURFTAB1
 70
6
  9
$SURFTAB2
 70
6
  9
$SURFTYPE
 70
6
  9
$SURFU
 70
6
  9
$SURFV
 70
6
  9
$UCSBASE
  2

  9
$UCSNAME
  2

  9
$UCSORG
 10
0.0
 20
0.0
 30
0.0
  9
$UCSXDIR
 10
1.0
 20
0.0
 30
0.0
  9
$UCSYDIR
 10
0.0
 20
1.0
 30
0.0
  9
$UCSORTHOREF
  2

  9
$UCSORTHOVIEW
 70
0
  9
$UCSORGTOP
 10
0.0
 20
0.0
 30
0.0
  9
$UCSORGBOTTOM
 10
0.0
 20
0.0
 30
0.0
  9
$UCSORGLEFT
 10
0.0
 20
0.0
 30
0.0
  9
$UCSORGRIGHT
 10
0.0
 20
0.0
 30
0.0
  9
$UCSORGFRONT
 10
0.0
 20
0.0
 30
0.0
  9
$UCSORGBACK
 10
0.0
 20
0.0
 30
0.0
  9
$PUCSBASE
  2

  9
$PUCSNAME
  2

  9
$PUCSORG
 10
0.0
 20
0.0
 30
0.0
  9
$PUCSXDIR
 10
1.0
 20
0.0
 30
0.0
  9
$PUCSYDIR
 10
0.0
 20
1.0
 30
0.0
  9
$PUCSORTHOREF
  2

  9
$PUCSORTHOVIEW
 70
0
  9
$PUCSORGTOP
 10
0.0
 20
0.0
 30
0.0
  9
$PUCSORGBOTTOM
 10
0.0
 20
0.0
 30
0.0
  9
$PUCSORGLEFT
 10
0.0
 20
0.0
 30
0.0
  9
$PUCSORGRIGHT
 10
0.0
 20
0.0
 30
0.0
  9
$PUCSORGFRONT
 10
0.0
 20
0.0
 30
0.0
  9
$PUCSORGBACK
 10
0.0
 20
0.0
 30
0.0
  9
$USERI1
 70
0
  9
$USERI2
 70
0
  9
$USERI3
 70
0
  9
$USERI4
 70
0
  9
$USERI5
 70
0
  9
$USERR1
 40
0.0
  9
$USERR2
 40
0.0
  9
$USERR3
 40
0.0
  9
$USERR4
 40
0.0
  9
$USERR5
 40
0.0
  9
$WORLDVIEW
 70
1
  9
$SHADEDGE
 70
3
  9
$SHADEDIF
 70
70
  9
$TILEMODE
 70
1
  9
$MAXACTVP
 70
64
  9
$PINSBASE
 10
0.0
 20
0.0
 30
0.0
  9
$PLIMCHECK
 70
0
  9
$PEXTMIN
 10
1e+20
 20
1e+20
 30
1e+20
  9
$PEXTMAX
 10
-1e+20
 20
-1e+20
 30
-1e+20
  9
$PLIMMIN
 10
0.0
 20
0.0
  9
$PLIMMAX
 10
420.0
 20
297.0
  9
$UNITMODE
 70
0
  9
$VISRETAIN
 70
1
  9
$PLINEGEN
 70
0
  9
$PSLTSCALE
 70
1
  9
$TREEDEPTH
 70
3020
  9
$CMLSTYLE
  2
Standard
  9
$CMLJUST
 70
0
  9
$CMLSCALE
 40
20.0
  9
$PROXYGRAPHICS
 70
1
  9
$MEASUREMENT
 70
1
  9
$CELWEIGHT
370
-1
  9
$ENDCAPS
280
0
  9
$JOINSTYLE
280
0
  9
$LWDISPLAY
290
0
  9
$INSUNITS
 70
4
  9
$HYPERLINKBASE
  1

  9
$STYLESHEET
  1

  9
$XEDIT
290
1
  9
$CEPSNTYPE
380
0
  9
$PSTYLEMODE
290
1
  9
$FINGERPRINTGUID
  2
{6B30C40D-6143-4470-A951-752E126BCAA7}
  9
$VERSIONGUID
  2
{D6DC76B6-3E8A-4CB0-8E9C-7AF9F786E801}
  9
$EXTNAMES
290
1
  9
$PSVPSCALE
 40
0.0
  9
$OLESTARTUP
290
0
  9
$SORTENTS
280
127
  9
$INDEXCTL
280
0
  9
$HIDETEXT
280
1
  9
$XCLIPFRAME
280
1
  9
$HALOGAP
280
0
  9
$OBSCOLOR
 70
257
  9
$OBSLTYPE
280
0
  9
$INTERSECTIONDISPLAY
280
0
  9
$INTERSECTIONCOLOR
 70
257
  9
$DIMASSOC
280
2
  9
$PROJECTNAME
  1

  9
$CAMERADISPLAY
290
0
  9
$LENSLENGTH
 40
50.0
  9
$CAMERAHEIGHT
 40
0.0
  9
$STEPSPERSEC
 40
24.0
  9
$STEPSIZE
 40
100.0
  9
$3DDWFPREC
 40
2.0
  9
$PSOLWIDTH
 40
0.005
  9
$PSOLHEIGHT
 40
0.08
  9
$LOFTANG1
 40
1.570796326795
  9
$LOFTANG2
 40
1.570796326795
  9
$LOFTMAG1
 40
0.0
  9
$LOFTMAG2
 40
0.0
  9
$LOFTPARAM
 70
7
  9
$LOFTNORMALS
280
1
  9
$LATITUDE
 40
37.795
  9
$LONGITUDE
 40
-122.394
  9
$NORTHDIRECTION
 40
0.0
  9
$TIMEZONE
 70
-8000
  9
$LIGHTGLYPHDISPLAY
280
1
  9
$TILEMODELIGHTSYNCH
280
1
  9
$CMATERIAL
347
20
  9
$SOLIDHIST
280
0
  9
$SHOWHIST
280
1
  9
$DWFFRAME
280
2
  9
$DGNFRAME
280
2
  9
$REALWORLDSCALE
290
1
  9
$INTERFERECOLOR
 62
256
  9
$CSHADOW
280
0
  9
$SHADOWPLANELOCATION
 40
0.0
  0
ENDSEC
  0
SECTION
  2
CLASSES
  0
CLASS
  1
ACDBDICTIONARYWDFLT
  2
AcDbDictionaryWithDefault
  3
ObjectDBX Classes
 90
0
 91
0
280
0
281
0
  0
CLASS
  1
SUN
  2
AcDbSun
  3
SCENEOE
 90
1153
 91
0
280
0
281
0
  0
CLASS
  1
VISUALSTYLE
  2
AcDbVisualStyle
  3
ObjectDBX Classes
 90
4095
 91
0
280
0
281
0
  0
CLASS
  1
MATERIAL
  2
AcDbMaterial
  3
ObjectDBX Classes
 90
1153
 91
0
280
0
281
0
  0
CLASS
  1
SCALE
  2
AcDbScale
  3
ObjectDBX Classes
 90
1153
 91
0
280
0
281
0
  0
CLASS
  1
TABLESTYLE
  2
AcDbTableStyle
  3
ObjectDBX Classes
 90
4095
 91
0
280
0
281
0
  0
CLASS
  1
MLEADERSTYLE
  2
AcDbMLeaderStyle
  3
ACDB_MLEADERSTYLE_CLASS
 90
4095
 91
0
280
0
281
0
  0
CLASS
  1
DICTIONARYVAR
  2
AcDbDictionaryVar
  3
ObjectDBX Classes
 90
0
 91
0
280
0
281
0
  0
CLASS
  1
CELLSTYLEMAP
  2
AcDbCellStyleMap
  3
ObjectDBX Classes
 90
1152
 91
0
280
0
281
0
  0
CLASS
  1
MENTALRAYRENDERSETTINGS
  2
AcDbMentalRayRenderSettings
  3
SCENEOE
 90
1024
 91
0
280
0
281
0
  0
CLASS
  1
ACDBDETAILVIEWSTYLE
  2
AcDbDetailViewStyle
  3
ObjectDBX Classes
 90
1025
 91
0
280
0
281
0
  0
CLASS
  1
ACDBSECTIONVIEWSTYLE
  2
AcDbSectionViewStyle
  3
ObjectDBX Classes
 90
1025
 91
0
280
0
281
0
  0
CLASS
  1
RASTERVARIABLES
  2
AcDbRasterVariables
  3
ISM
 90
0
 91
0
280
0
281
0
  0
CLASS
  1
ACDBPLACEHOLDER
  2
AcDbPlaceHolder
  3
ObjectDBX Classes
 90
0
 91
0
280
0
281
0
  0
CLASS
  1
LAYOUT
  2
AcDbLayout
  3
ObjectDBX Classes
 90
0
 91
0
280
0
281
0
  0
ENDSEC
  0
SECTION
  2
TABLES
  0
TABLE
  2
VPORT
  5
8
330
0
100
AcDbSymbolTable
 70
1
  0
VPORT
  5
23
330
8
100
AcDbSymbolTableRecord
100
AcDbViewportTableRecord
  2
*Active
 70
0
 10
0.0
 20
0.0
 11
1.0
 21
1.0
 12
0.0
 22
0.0
 13
0.0
 23
0.0
 14
0.5
 24
0.5
 15
0.5
 25
0.5
 16
0.0
 26
0.0
 36
1.0
 17
0.0
 27
0.0
 37
0.0
 40
1000.0
 41
1.34
 42
50.0
 43
0.0
 44
0.0
 50
0.0
 51
0.0
 71
0
 72
1000
 73
1
 74
3
 75
0
 76
0
 77
0
 78
0
281
0
 65
0
146
0.0
  0
ENDTAB
  0
TABLE
  2
LTYPE
  5
2
330
0
100
AcDbSymbolTable
 70
13
  0
LTYPE
  5
24
330
2
100
AcDbSymbolTableRecord
100
AcDbLinetypeTableRecord
  2
ByBlock
 70
0
  3

 72
65
 73
0
 40
0.0
  0
LTYPE
  5
25
330
2
100
AcDbSymbolTableRecord
100
AcDbLinetypeTableRecord
  2
ByLayer
 70
0
  3

 72
65
 73
0
 40
0.0
  0
LTYPE
  5
26
330
2
100
AcDbSymbolTableRecord
100
AcDbLinetypeTableRecord
  2
Continuous
 70
0
  3

 72
65
 73
0
 40
0.0
  0
LTYPE
  5
2F
330
2
100
AcDbSymbolTableRecord
100
AcDbLinetypeTableRecord
  2
GOST2.303 6
 70
0
  3

 72
65
 73
0
 40
0.0
  0
LTYPE
  5
30
330
2
100
AcDbSymbolTableRecord
100
AcDbLinetypeTableRecord
  2
GOST2.303 4
 70
0
  3

 72
65
 73
0
 40
0.0
  0
LTYPE
  5
31
330
2
100
AcDbSymbolTableRecord
100
AcDbLinetypeTableRecord
  2
DASHED
 70
0
  3

 72
65
 73
0
 40
0.0
  0
LTYPE
  5
32
330
2
100
AcDbSymbolTableRecord
100
AcDbLinetypeTableRecord
  2
GOST2.303 8
 70
0
  3

 72
65
 73
0
 40
0.0
  0
LTYPE
  5
33
330
2
100
AcDbSymbolTableRecord
100
AcDbLinetypeTableRecord
  2
ГОСТ 2.303 5
 70
0
  3

 72
65
 73
0
 40
0.0
  0
LTYPE
  5
34
330
2
100
AcDbSymbolTableRecord
100
AcDbLinetypeTableRecord
  2
ГОСТ 2.303 3
 70
0
  3

 72
65
 73
0
 40
0.0
  0
LTYPE
  5
35
330
2
100
AcDbSymbolTableRecord
100
AcDbLinetypeTableRecord
  2
ГОСТ 2.303 4
 70
0
  3

 72
65
 73
0
 40
0.0
  0
LTYPE
  5
36
330
2
100
AcDbSymbolTableRecord
100
AcDbLinetypeTableRecord
  2
ГОСТ 2.303 6
 70
0
  3

 72
65
 73
0
 40
0.0
  0
LTYPE
  5
37
330
2
100
AcDbSymbolTableRecord
100
AcDbLinetypeTableRecord
  2
ГОСТ 2.303 8
 70
0
  3

 72
65
 73
0
 40
0.0
  0
LTYPE
  5
38
330
2
100
AcDbSymbolTableRecord
100
AcDbLinetypeTableRecord
  2
ГОСТ 2.303 9
 70
0
  3

 72
65
 73
0
 40
0.0
  0
ENDTAB
  0
TABLE
  2
LAYER
  5
1
330
0
100
AcDbSymbolTable
 70
73
  0
LAYER
  5
27
330
1
100
AcDbSymbolTableRecord
100
AcDbLayerTableRecord
  2
0
 70
0
 62
7
  6
Continuous
370
-3
390
13
347
21
  0
LAYER
  5
28
330
1
100
AcDbSymbolTableRecord
100
AcDbLayerTableRecord
  2
Defpoints
 70
0
 62
7
  6
Continuous
290
0
370
-3
390
13
347
21
  0
LAYER
  5
39
330
1
100
AcDbSymbolTableRecord
100
AcDbLayerTableRecord
  2
Штрихпунктрирные и осевые
 70
0
 62
14
  6
GOST2.303 6
370
0
390
13
347
21
  0
LAYER
  5
3A
330
1
100
AcDbSymbolTableRecord
100
AcDbLayerTableRecord
  2
Размеры
 70
0
 62
14
  6
Continuous
370
13
390
13
347
21
  0
LAYER
  5
3B
330
1
100
AcDbSymbolTableRecord
100
AcDbLayerTableRecord
  2
Текст
 70
0
 62
2
  6
Continuous
370
15
390
13
347
21
  0
LAYER
  5
3C
330
1
100
AcDbSymbolTableRecord
100
AcDbLayerTableRecord
  2
Основные
 70
0
 62
4
  6
Continuous
370
35
390
13
347
21
  0
LAYER
  5
3D
330
1
100
AcDbSymbolTableRecord
100
AcDbLayerTableRecord
  2
Рамки
 70
0
 62
7
  6
Continuous
370
-3
390
13
347
21
  0
LAYER
  5
3E
330
1
100
AcDbSymbolTableRecord
100
AcDbLayerTableRecord
  2
Существующие конструкции здания
 70
0
 62
6
  6
Continuous
370
30
390
13
347
21
  0
LAYER
  5
3F
330
1
100
AcDbSymbolTableRecord
100
AcDbLayerTableRecord
  2
Тонкая
 70
0
 62
110
  6
Continuous
370
13
390
13
347
21
  0
LAYER
  5
40
330
1
100
AcDbSymbolTableRecord
100
AcDbLayerTableRecord
  2
Штриховка
 70
0
 62
44
  6
Continuous
370
9
390
13
347
21
  0
LAYER
  5
41
330
1
100
AcDbSymbolTableRecord
100
AcDbLayerTableRecord
  2
Стандартные элементы
 70
0
 62
40
  6
Continuous
370
15
390
13
347
21
  0
LAYER
  5
42
330
1
100
AcDbSymbolTableRecord
100
AcDbLayerTableRecord
  2
Штриховые
 70
0
 62
170
  6
GOST2.303 4
370
9
390
13
347
21
  0
LAYER
  5
43
330
1
100
AcDbSymbolTableRecord
100
AcDbLayerTableRecord
  2
Невидимые
 70
0
 62
250
  6
Continuous
370
13
390
13
347
21
  0
LAYER
  5
44
330
1
100
AcDbSymbolTableRecord
100
AcDbLayerTableRecord
  2
Подсистема
 70
0
 62
33
  6
DASHED
370
0
390
13
347
21
  0
LAYER
  5
45
330
1
100
AcDbSymbolTableRecord
100
AcDbLayerTableRecord
  2
Геодезия
 70
0
 62
60
  6
Continuous
370
-3
390
13
347
21
  0
LAYER
  5
46
330
1
100
AcDbSymbolTableRecord
100
AcDbLayerTableRecord
  2
Профили
 70
0
 62
60
  6
Continuous
370
-3
390
13
347
21
  0
LAYER
  5
47
330
1
100
AcDbSymbolTableRecord
100
AcDbLayerTableRecord
  2
Обозначения
 70
0
 62
14
  6
Continuous
370
9
390
13
347
21
  0
LAYER
  5
48
330
1
100
AcDbSymbolTableRecord
100
AcDbLayerTableRecord
  2
Обозначение ст-т
 70
0
 62
5
  6
Continuous
370
9
390
13
347
21
  0
LAYER
  5
49
330
1
100
AcDbSymbolTableRecord
100
AcDbLayerTableRecord
  2
Черно-белый
 70
0
 62
7
  6
Continuous
370
-3
390
13
347
21
  0
LAYER
  5
4A
330
1
100
AcDbSymbolTableRecord
100
AcDbLayerTableRecord
  2
Контур стен
 70
0
 62
73
  6
DASHED
370
5
390
13
347
21
  0
LAYER
  5
4B
330
1
100
AcDbSymbolTableRecord
100
AcDbLayerTableRecord
  2
Оси
 70
0
 62
14
  6
Continuous
370
9
390
13
347
21
  0
LAYER
  5
4C
330
1
100
AcDbSymbolTableRecord
100
AcDbLayerTableRecord
  2
Металл
 70
0
 62
102
  6
Continuous
370
30
390
13
347
21
  0
LAYER
  5
4D
330
1
100
AcDbSymbolTableRecord
100
AcDbLayerTableRecord
  2
Отметки
 70
0
 62
14
  6
Continuous
370
13
390
13
347
21
  0
LAYER
  5
4E
330
1
100
AcDbSymbolTableRecord
100
AcDbLayerTableRecord
  2
Витражи
 70
0
 62
140
  6
Continuous
370
9
390
13
347
21
  0
LAYER
  5
4F
330
1
100
AcDbSymbolTableRecord
100
AcDbLayerTableRecord
  2
Окна
 70
0
 62
195
  6
Continuous
370
0
390
13
347
21
  0
LAYER
  5
50
330
1
100
AcDbSymbolTableRecord
100
AcDbLayerTableRecord
  2
Ламели
 70
0
 62
102
  6
Continuous
370
0
390
13
347
21
  0
LAYER
  5
51
330
1
100
AcDbSymbolTableRecord
100
AcDbLayerTableRecord
  2
Штриховка витражей
 70
0
 62
85
  6
Continuous
370
0
390
13
347
21
  0
LAYER
  5
52
330
1
100
AcDbSymbolTableRecord
100
AcDbLayerTableRecord
  2
Площади
 70
0
 62
7
  6
Continuous
370
9
390
13
347
21
  0
LAYER
  5
53
330
1
100
AcDbSymbolTableRecord
100
AcDbLayerTableRecord
  2
Железо
 70
0
 62
204
  6
Continuous
370
-3
390
13
347
21
  0
LAYER
  5
54
330
1
100
AcDbSymbolTableRecord
100
AcDbLayerTableRecord
  2
Подшивка
 70
0
 62
252
  6
Continuous
370
9
390
13
347
21
  0
LAYER
  5
55
330
1
100
AcDbSymbolTableRecord
100
AcDbLayerTableRecord
  2
Размеры подсистемы
 70
0
 62
1
  6
Continuous
370
5
390
13
347
21
  0
LAYER
  5
56
330
1
100
AcDbSymbolTableRecord
100
AcDbLayerTableRecord
  2
Штриховка утеплителя
 70
0
 62
150
  6
Continuous
370
0
390
13
347
21
  0
LAYER
  5
57
330
1
100
AcDbSymbolTableRecord
100
AcDbLayerTableRecord
  2
Контуры штриховки утеплителя
 70
0
 62
150
  6
Continuous
370
13
390
13
347
21
  0
LAYER
  5
58
330
1
100
AcDbSymbolTableRecord
100
AcDbLayerTableRecord
  2
Размеры облицовки
 70
0
 62
14
  6
Continuous
370
5
390
13
347
21
  0
LAYER
  5
59
330
1
100
AcDbSymbolTableRecord
100
AcDbLayerTableRecord
  2
Кляммеры
 70
0
 62
254
  6
DASHED
370
0
390
13
347
21
  0
LAYER
  5
5A
330
1
100
AcDbSymbolTableRecord
100
AcDbLayerTableRecord
  2
Керамогранит
 70
0
 62
251
  6
Continuous
370
15
390
13
347
21
  0
LAYER
  5
5B
330
1
100
AcDbSymbolTableRecord
100
AcDbLayerTableRecord
  2
Контур КЖ
 70
0
 62
4
  6
DASHED
370
5
390
13
347
21
  0
LAYER
  5
5C
330
1
100
AcDbSymbolTableRecord
100
AcDbLayerTableRecord
  2
Стены
 70
0
 62
4
  6
Continuous
370
-3
390
13
347
21
  0
LAYER
  5
5D
330
1
100
AcDbSymbolTableRecord
100
AcDbLayerTableRecord
  2
Нащельники
 70
0
 62
5
  6
Continuous
370
9
390
13
347
21
  0
LAYER
  5
5E
330
1
100
AcDbSymbolTableRecord
100
AcDbLayerTableRecord
  2
Невидимые размеры
 70
0
 62
250
  6
Continuous
370
13
390
13
347
21
  0
LAYER
  5
5F
330
1
100
AcDbSymbolTableRecord
100
AcDbLayerTableRecord
  2
Уплотнители стоечные
 70
0
 62
45
  6
Continuous
370
-3
390
13
347
21
  0
LAYER
  5
60
330
1
100
AcDbSymbolTableRecord
100
AcDbLayerTableRecord
  2
Крышки стоечные
 70
0
 62
2
  6
Continuous
370
-3
390
13
347
21
  0
LAYER
  5
61
330
1
100
AcDbSymbolTableRecord
100
AcDbLayerTableRecord
  2
Стойки прямые
 70
0
 62
17
  6
Continuous
370
-3
390
13
347
21
  0
LAYER
  5
62
330
1
100
AcDbSymbolTableRecord
100
AcDbLayerTableRecord
  2
Термомост стойки прямой
 70
0
 62
174
  6
Continuous
370
-3
390
13
347
21
  0
LAYER
  5
63
330
1
100
AcDbSymbolTableRecord
100
AcDbLayerTableRecord
  2
Стеклопакеты
 70
0
 62
1
  6
Continuous
370
-3
390
13
347
21
  0
LAYER
  5
64
330
1
100
AcDbSymbolTableRecord
100
AcDbLayerTableRecord
  2
Уплотнители прижимные
 70
0
 62
55
  6
Continuous
370
-3
390
13
347
21
  0
LAYER
  5
65
330
1
100
AcDbSymbolTableRecord
100
AcDbLayerTableRecord
  2
Стойки угловые
 70
0
 62
28
  6
Continuous
370
-3
390
13
347
21
  0
LAYER
  5
66
330
1
100
AcDbSymbolTableRecord
100
AcDbLayerTableRecord
  2
Ригели
 70
0
 62
73
  6
Continuous
370
-3
390
13
347
21
  0
LAYER
  5
67
330
1
100
AcDbSymbolTableRecord
100
AcDbLayerTableRecord
  2
Крышки ригельные
 70
0
 62
30
  6
Continuous
370
-3
390
13
347
21
  0
LAYER
  5
68
330
1
100
AcDbSymbolTableRecord
100
AcDbLayerTableRecord
  2
Крышки стоечные угловые
 70
0
 62
52
  6
Continuous
370
-3
390
13
347
21
  0
LAYER
  5
69
330
1
100
AcDbSymbolTableRecord
100
AcDbLayerTableRecord
  2
Сухари
 70
0
 62
134
  6
Continuous
370
-3
390
13
347
21
  0
LAYER
  5
6A
330
1
100
AcDbSymbolTableRecord
100
AcDbLayerTableRecord
  2
Уплотнители ригельные
 70
0
 62
53
  6
Continuous
370
-3
390
13
347
21
  0
LAYER
  5
6B
330
1
100
AcDbSymbolTableRecord
100
AcDbLayerTableRecord
  2
Детали
 70
0
 62
40
  6
Continuous
370
20
390
13
347
21
  0
LAYER
  5
6C
330
1
100
AcDbSymbolTableRecord
100
AcDbLayerTableRecord
  2
Крепеж
 70
0
 62
1
  6
Continuous
370
25
390
13
347
21
  0
LAYER
  5
6D
330
1
100
AcDbSymbolTableRecord
100
AcDbLayerTableRecord
  2
Уплотнители стоечные угловые
 70
0
 62
24
  6
Continuous
370
-3
390
13
347
21
  0
LAYER
  5
6E
330
1
100
AcDbSymbolTableRecord
100
AcDbLayerTableRecord
  2
Термомост стойки угловой
 70
0
 62
174
  6
Continuous
370
-3
390
13
347
21
  0
LAYER
  5
6F
330
1
100
AcDbSymbolTableRecord
100
AcDbLayerTableRecord
  2
Термомост ригелей
 70
0
 62
174
  6
Continuous
370
-3
390
13
347
21
  0
LAYER
  5
70
330
1
100
AcDbSymbolTableRecord
100
AcDbLayerTableRecord
  2
Двери
 70
0
 62
22
  6
Continuous
370
0
390
13
347
21
  0
LAYER
  5
71
330
1
100
AcDbSymbolTableRecord
100
AcDbLayerTableRecord
  2
Размеры утеплителя
 70
0
 62
30
  6
Continuous
370
5
390
13
347
21
  0
LAYER
  5
72
330
1
100
AcDbSymbolTableRecord
100
AcDbLayerTableRecord
  2
Контур КМ
 70
0
 62
1
  6
DASHED
370
5
390
13
347
21
  0
LAYER
  5
73
330
1
100
AcDbSymbolTableRecord
100
AcDbLayerTableRecord
  2
Обозначения узлов разрезов и сечений
 70
0
 62
14
  6
Continuous
370
9
390
13
347
21
  0
LAYER
  5
74
330
1
100
AcDbSymbolTableRecord
100
AcDbLayerTableRecord
  2
Вспомогательные для штриховки
 70
0
 62
37
  6
Continuous
370
0
390
13
347
21
  0
LAYER
  5
75
330
1
100
AcDbSymbolTableRecord
100
AcDbLayerTableRecord
  2
Закладные
 70
0
 62
251
  6
Continuous
370
-3
390
13
347
21
  0
LAYER
  5
76
330
1
100
AcDbSymbolTableRecord
100
AcDbLayerTableRecord
  2
Адаптер ПВХ
 70
0
 62
174
  6
Continuous
370
-3
390
13
347
21
  0
LAYER
  5
77
330
1
100
AcDbSymbolTableRecord
100
AcDbLayerTableRecord
  2
Адаптер алюминиевый
 70
0
 62
3
  6
Continuous
370
-3
390
13
347
21
  0
LAYER
  5
78
330
1
100
AcDbSymbolTableRecord
100
AcDbLayerTableRecord
  2
Кассеты
 70
0
 62
20
  6
Continuous
370
15
390
13
347
21
  0
LAYER
  5
79
330
1
100
AcDbSymbolTableRecord
100
AcDbLayerTableRecord
  2
Вентиляционные решетки
 70
0
 62
2
  6
Continuous
370
0
390
13
347
21
  0
LAYER
  5
7A
330
1
100
AcDbSymbolTableRecord
100
AcDbLayerTableRecord
  2
Ограждения
 70
0
 62
250
  6
Continuous
370
13
390
13
347
21
  0
LAYER
  5
7B
330
1
100
AcDbSymbolTableRecord
100
AcDbLayerTableRecord
  2
Водосток
 70
0
 62
5
  6
Continuous
370
5
390
13
347
21
  0
LAYER
  5
7C
330
1
100
AcDbSymbolTableRecord
100
AcDbLayerTableRecord
  2
Молниезащита
 70
0
 62
50
  6
GOST2.303 8
370
30
390
13
347
21
  0
LAYER
  5
7D
330
1
100
AcDbSymbolTableRecord
100
AcDbLayerTableRecord
  2
Подсистема оцинкованная
 70
0
 62
33
  6
DASHED
370
0
390
13
347
21
  0
LAYER
  5
7E
330
1
100
AcDbSymbolTableRecord
100
AcDbLayerTableRecord
  2
Подсистема алюминиевая
 70
0
 62
33
  6
DASHED
370
0
390
13
347
21
  0
LAYER
  5
9C
330
1
100
AcDbSymbolTableRecord
100
AcDbLayerTableRecord
  2
Основной
 70
0
 62
7
  6
Continuous
370
-3
390
13
347
21
  0
ENDTAB
  0
TABLE
  2
STYLE
  5
5
330
0
100
AcDbSymbolTable
 70
5
  0
STYLE
  5
29
330
5
100
AcDbSymbolTableRecord
100
AcDbTextStyleTableRecord
  2
Standard
 70
0
 40
0.0
 41
1.0
 50
0.0
 71
0
 42
2.5
  3
txt
  4

  0
STYLE
  5
7F
330
5
100
AcDbSymbolTableRecord
100
AcDbTextStyleTableRecord
  2
Основной стиль
 70
0
 40
0.0
 41
0.7
 50
15.0
 71
0
 42
3125.0
  3
romans.shx
  4

  0
STYLE
  5
80
330
5
100
AcDbSymbolTableRecord
100
AcDbTextStyleTableRecord
  2
Основной стиль (для надписей)
 70
0
 40
0.0
 41
1.0
 50
0.0
 71
0
 42
8437500.0
  3
ariali.ttf
  4

  0
STYLE
  5
81
330
5
100
AcDbSymbolTableRecord
100
AcDbTextStyleTableRecord
  2
ГОСТ 2.304
 70
0
 40
0.0
 41
1.0
 50
0.0
 71
0
 42
5859375.0
  3
CS_Gost2304.shx
  4

  0
STYLE
  5
9D
330
5
100
AcDbSymbolTableRecord
100
AcDbTextStyleTableRecord
  2
WindowStyle
 70
0
 40
0.0
 41
1.0
 50
0.0
 71
0
 42
2.5
  3
Arial.ttf
  4

  0
ENDTAB
  0
TABLE
  2
VIEW
  5
7
330
0
100
AcDbSymbolTable
 70
0
  0
ENDTAB
  0
TABLE
  2
UCS
  5
6
330
0
100
AcDbSymbolTable
 70
0
  0
ENDTAB
  0
TABLE
  2
APPID
  5
3
330
0
100
AcDbSymbolTable
 70
3
  0
APPID
  5
2A
330
3
100
AcDbSymbolTableRecord
100
AcDbRegAppTableRecord
  2
ACAD
 70
0
  0
APPID
  5
699
330
3
100
AcDbSymbolTableRecord
100
AcDbRegAppTableRecord
  2
HATCHBACKGROUNDCOLOR
 70
0
  0
APPID
  5
69A
330
3
100
AcDbSymbolTableRecord
100
AcDbRegAppTableRecord
  2
EZDXF
 70
0
  0
ENDTAB
  0
TABLE
  2
DIMSTYLE
  5
4
330
0
100
AcDbSymbolTable
 70
8
100
AcDbDimStyleTable
  0
DIMSTYLE
105
2B
330
4
100
AcDbSymbolTableRecord
100
AcDbDimStyleTableRecord
  2
Standard
 70
0
 40
1.0
 41
2.5
 42
0.625
 43
3.75
 44
1.25
 45
0.0
 46
0.0
 47
0.0
 48
0.0
 49
2.5
140
2.5
141
2.5
142
0.0
143
0.03937007874
144
1.0
145
0.0
146
1.0
147
0.625
148
0.0
 69
0
 70
0
 71
0
 72
0
 73
0
 74
0
 75
0
 76
0
 77
1
 78
8
 79
3
170
0
171
3
172
1
173
0
174
0
175
0
176
0
177
0
178
0
179
2
271
2
272
2
273
2
274
3
275
0
276
0
277
2
278
44
279
0
280
0
281
0
282
0
283
0
284
8
285
0
286
0
288
0
289
3
290
0
371
-2
372
-2
  0
DIMSTYLE
105
82
330
4
100
AcDbSymbolTableRecord
100
AcDbDimStyleTableRecord
  2
Основной стиль с точками
 70
0
 40
4.0
 41
6.0
 42
2.5
 43
3.75
 44
3.0
 45
0.0
 46
0.0
 47
0.0
 48
0.0
 49
1.25
140
8.0
141
2.5
142
0.0
143
0.03937007874016
144
1.0
145
0.0
146
1.0
147
3.0
148
0.0
 69
1
 70
0
 71
0
 72
0
 73
0
 74
0
 75
0
 76
0
 77
1
 78
8
 79
3
170
0
171
3
172
1
173
1
174
0
175
0
176
256
177
256
178
3
179
2
271
0
272
0
273
2
274
3
275
0
276
0
277
2
278
44
279
1
280
0
281
0
282
0
283
0
284
8
285
0
286
0
288
0
289
3
290
0
340
7F
343
89
344
89
371
-2
372
-2
  0
DIMSTYLE
105
83
330
4
100
AcDbSymbolTableRecord
100
AcDbDimStyleTableRecord
  2
Основной стиль
 70
0
 40
4.0
 41
6.0
 42
2.5
 43
3.75
 44
3.0
 45
0.0
 46
0.0
 47
0.0
 48
0.0
 49
1.25
140
8.0
141
2.5
142
0.0
143
0.03937007874016
144
1.0
145
0.0
146
1.0
147
3.0
148
0.0
 69
1
 70
0
 71
0
 72
0
 73
0
 74
0
 75
0
 76
0
 77
1
 78
8
 79
3
170
0
171
3
172
1
173
0
174
0
175
0
176
256
177
256
178
3
179
2
271
0
272
0
273
2
274
3
275
0
276
0
277
2
278
44
279
0
280
0
281
0
282
0
283
0
284
8
285
0
286
0
288
0
289
3
290
0
340
7F
371
-2
372
-2
  0
DIMSTYLE
105
84
330
4
100
AcDbSymbolTableRecord
100
AcDbDimStyleTableRecord
  2
СПДС
 70
0
 40
25.0
 41
2.5
 42
0.625
 43
7.0
 44
2.0
 45
0.0
 46
2.0
 47
0.0
 48
0.0
 49
2.5
140
2.5
141
2.5
142
0.0
143
0.03937007874
144
1.0
145
0.0
146
0.75
147
1.0
148
0.0
 69
1
 70
0
 71
0
 72
0
 73
0
 74
0
 75
0
 76
0
 77
1
 78
8
 79
2
 90
1
170
0
171
3
172
1
173
0
174
0
175
0
176
0
177
0
178
0
179
2
271
0
272
2
273
2
274
3
275
0
276
0
277
2
278
44
279
1
280
0
281
0
282
0
283
0
284
8
285
0
286
0
288
0
289
3
290
0
340
81
342
8D
343
8D
344
8D
371
-2
372
-2
  0
DIMSTYLE
105
85
330
4
100
AcDbSymbolTableRecord
100
AcDbDimStyleTableRecord
  2
СПДС$2
 70
0
 40
25.0
 41
2.5
 42
0.625
 43
7.0
 44
1.25
 45
0.0
 46
0.0
 47
0.0
 48
0.0
 49
2.5
140
2.5
141
2.5
142
0.0
143
0.03937007874
144
1.0
145
0.0
146
1.0
147
1.0
148
0.0
 69
1
 70
0
 71
0
 72
0
 73
0
 74
0
 75
0
 76
0
 77
1
 78
8
 79
3
 90
1
170
0
171
3
172
1
173
0
174
0
175
0
176
0
177
0
178
0
179
2
271
0
272
2
273
2
274
3
275
0
276
0
277
2
278
44
279
0
280
0
281
0
282
0
283
0
284
8
285
0
286
0
288
0
289
3
290
0
340
81
342
91
343
91
344
91
371
-2
372
-2
  0
DIMSTYLE
105
86
330
4
100
AcDbSymbolTableRecord
100
AcDbDimStyleTableRecord
  2
СПДС$3
 70
0
 40
25.0
 41
2.5
 42
0.625
 43
3.75
 44
1.25
 45
0.0
 46
0.0
 47
0.0
 48
0.0
 49
2.5
140
2.5
141
2.5
142
0.0
143
0.03937007874
144
1.0
145
0.0
146
1.0
147
1.0
148
0.0
 69
1
 70
0
 71
0
 72
0
 73
0
 74
0
 75
0
 76
0
 77
1
 78
8
 79
3
170
0
171
3
172
1
173
0
174
0
175
0
176
0
177
0
178
0
179
2
271
0
272
2
273
2
274
3
275
0
276
0
277
2
278
44
279
0
280
0
281
0
282
0
283
0
284
8
285
0
286
0
288
1
289
1
290
0
340
81
342
91
343
91
344
91
371
-2
372
-2
  0
DIMSTYLE
105
87
330
4
100
AcDbSymbolTableRecord
100
AcDbDimStyleTableRecord
  2
СПДС$7
 70
0
 40
25.0
 41
1.0
 42
0.625
 43
3.75
 44
1.25
 45
0.0
 46
0.0
 47
0.0
 48
0.0
 49
2.5
140
2.5
141
2.5
142
0.0
143
0.03937007874
144
1.0
145
0.0
146
1.0
147
1.0
148
0.0
 69
1
 70
0
 71
0
 72
0
 73
0
 74
0
 75
0
 76
0
 77
1
 78
8
 79
3
170
0
171
3
172
1
173
0
174
0
175
0
176
0
177
0
178
0
179
2
271
0
272
2
273
2
274
3
275
0
276
0
277
2
278
44
279
0
280
0
281
0
282
0
283
0
284
8
285
0
286
0
288
0
289
3
290
0
340
81
341
97
371
-2
372
-2
  0
DIMSTYLE
105
88
330
4
100
AcDbSymbolTableRecord
100
AcDbDimStyleTableRecord
  2
СПДС$4
 70
0
 40
25.0
 41
2.5
 42
0.625
 43
3.75
 44
1.25
 45
0.0
 46
0.0
 47
0.0
 48
0.0
 49
2.5
140
2.5
141
2.5
142
0.0
143
0.03937007874
144
1.0
145
0.0
146
1.0
147
1.0
148
0.0
 69
1
 70
0
 71
0
 72
0
 73
0
 74
0
 75
0
 76
0
 77
1
 78
8
 79
3
170
0
171
3
172
1
173
0
174
0
175
0
176
0
177
0
178
0
179
2
271
0
272
2
273
2
274
3
275
0
276
0
277
2
278
44
279
0
280
0
281
0
282
0
283
0
284
8
285
0
286
0
288
0
289
3
290
0
340
81
342
91
343
91
344
91
371
-2
372
-2
  0
ENDTAB
  0
TABLE
  2
BLOCK_RECORD
  5
9
330
0
100
AcDbSymbolTable
 70
19
  0
BLOCK_RECORD
  5
17
330
9
100
AcDbSymbolTableRecord
100
AcDbBlockTableRecord
  2
*Model_Space
340
1A
 70
0
280
1
281
0
  0
BLOCK_RECORD
  5
1B
330
9
100
AcDbSymbolTableRecord
100
AcDbBlockTableRecord
  2
*Paper_Space
340
1E
 70
0
280
1
281
0
  0
BLOCK_RECORD
  5
89
330
9
100
AcDbSymbolTableRecord
100
AcDbBlockTableRecord
  2
_DotSmall
340
0
 70
0
280
1
281
0
  0
BLOCK_RECORD
  5
8D
330
9
100
AcDbSymbolTableRecord
100
AcDbBlockTableRecord
  2
_Oblique
340
0
 70
0
280
1
281
0
  0
BLOCK_RECORD
  5
91
330
9
100
AcDbSymbolTableRecord
100
AcDbBlockTableRecord
  2
_Open30
340
0
 70
0
280
1
281
0
  0
BLOCK_RECORD
  5
97
330
9
100
AcDbSymbolTableRecord
100
AcDbBlockTableRecord
  2
_Dot
340
0
 70
0
280
1
281
0
  0
BLOCK_RECORD
  5
9E
330
9
100
AcDbSymbolTableRecord
100
AcDbBlockTableRecord
  2
Пример 01 ОК-1.1 900х900 1x1 Снаружи #01
340
0
 70
0
280
1
281
0
  0
BLOCK_RECORD
  5
B4
330
9
100
AcDbSymbolTableRecord
100
AcDbBlockTableRecord
  2
_CLOSEDFILLED
340
0
 70
0
280
1
281
0
  0
BLOCK_RECORD
  5
C1
330
9
100
AcDbSymbolTableRecord
100
AcDbBlockTableRecord
  2
Пример 02 ОК-1.2 1000х1200 1x1 Изнутри #02
340
0
 70
0
280
1
281
0
  0
BLOCK_RECORD
  5
EB
330
9
100
AcDbSymbolTableRecord
100
AcDbBlockTableRecord
  2
Пример 03 ОК-2.1 1400х1500 2x1 Снаружи #03
340
0
 70
0
280
1
281
0
  0
BLOCK_RECORD
  5
12E
330
9
100
AcDbSymbolTableRecord
100
AcDbBlockTableRecord
  2
Пример 04 ОК-2.2 1800х1800 2x2 Изнутри #04
340
0
 70
0
280
1
281
0
  0
BLOCK_RECORD
  5
1AE
330
9
100
AcDbSymbolTableRecord
100
AcDbBlockTableRecord
  2
Пример 05 ОК-3.2 1500х1500 3x2 Снаружи #05
340
0
 70
0
280
1
281
0
  0
BLOCK_RECORD
  5
20D
330
9
100
AcDbSymbolTableRecord
100
AcDbBlockTableRecord
  2
Пример 06 ОК-3.2Д 1700х1700 3x2 Изнутри #06
340
0
 70
0
280
1
281
0
  0
BLOCK_RECORD
  5
2A5
330
9
100
AcDbSymbolTableRecord
100
AcDbBlockTableRecord
  2
Пример 07 ОК-3.3 2100х2100 3x3 Снаружи #07
340
0
 70
0
280
1
281
0
  0
BLOCK_RECORD
  5
332
330
9
100
AcDbSymbolTableRecord
100
AcDbBlockTableRecord
  2
Пример 08 ОК-4.3 2400х1800 4x3 Изнутри #08
340
0
 70
0
280
1
281
0
  0
BLOCK_RECORD
  5
45D
330
9
100
AcDbSymbolTableRecord
100
AcDbBlockTableRecord
  2
Пример 09 ОК-6.3 3600х2000 6x3 Снаружи #09
340
0
 70
0
280
1
281
0
  0
BLOCK_RECORD
  5
4B8
330
9
100
AcDbSymbolTableRecord
100
AcDbBlockTableRecord
  2
Пример 10 ОК-8.4 4800х3000 8x4 Изнутри #10
340
0
 70
0
280
1
281
0
  0
BLOCK_RECORD
  5
540
330
9
100
AcDbSymbolTableRecord
100
AcDbBlockTableRecord
  2
Пример 11 ОК-2.2П 1500х1500 2x2 Снаружи #11
340
0
 70
0
280
1
281
0
  0
BLOCK_RECORD
  5
58A
330
9
100
AcDbSymbolTableRecord
100
AcDbBlockTableRecord
  2
Пример 12 ОК-УЗ 1200х2100 2x3 Изнутри #12
340
0
 70
0
280
1
281
0
  0
ENDTAB
  0
ENDSEC
  0
SECTION
  2
BLOCKS
  0
BLOCK
  5
18
330
17
100
AcDbEntity
  8
0
100
AcDbBlockBegin
  2
*Model_Space
 70
0
 10
0.0
 20
0.0
 30
0.0
  3
*Model_Space
  1

  0
ENDBLK
  5
19
330
17
100
AcDbEntity
  8
0
100
AcDbBlockEnd
  0
BLOCK
  5
1C
330
1B
100
AcDbEntity
  8
0
100
AcDbBlockBegin
  2
*Paper_Space
 70
0
 10
0.0
 20
0.0
 30
0.0
  3
*Paper_Space
  1

  0
ENDBLK
  5
1D
330
1B
100
AcDbEntity
  8
0
100
AcDbBlockEnd
  0
BLOCK
  5
8A
330
89
100
AcDbEntity
  8
0
100
AcDbBlockBegin
  2
_DotSmall
 70
0
 10
0.0
 20
0.0
 30
0.0
  3
_DotSmall
  1

  0
LWPOLYLINE
  5
8C
330
89
100
AcDbEntity
  8
0
  6
ByBlock
 62
0
100
AcDbPolyline
 90
2
 70
1
 43
0.5
 10
-0.0625
 20
0.0
 42
1.0
 10
0.0625
 20
0.0
 42
1.0
  0
ENDBLK
  5
8B
330
89
100
AcDbEntity
  8
0
100
AcDbBlockEnd
  0
BLOCK
  5
8E
330
8D
100
AcDbEntity
  8
0
100
AcDbBlockBegin
  2
_Oblique
 70
0
 10
0.0
 20
0.0
 30
0.0
  3
_Oblique
  1

  0
LINE
  5
90
330
8D
100
AcDbEntity
  8
0
  6
ByBlock
 62
0
370
-2
100
AcDbLine
 10
-0.5
 20
-0.5
 30
0.0
 11
0.5
 21
0.5
 31
0.0
  0
ENDBLK
  5
8F
330
8D
100
AcDbEntity
  8
0
100
AcDbBlockEnd
  0
BLOCK
  5
92
330
91
100
AcDbEntity
  8
0
100
AcDbBlockBegin
  2
_Open30
 70
0
 10
0.0
 20
0.0
 30
0.0
  3
_Open30
  1

  0
LINE
  5
94
330
91
100
AcDbEntity
  8
0
  6
ByBlock
 62
0
370
-2
100
AcDbLine
 10
-1.0
 20
0.26794919
 30
0.0
 11
0.0
 21
0.0
 31
0.0
  0
LINE
  5
95
330
91
100
AcDbEntity
  8
0
  6
ByBlock
 62
0
370
-2
100
AcDbLine
 10
0.0
 20
0.0
 30
0.0
 11
-1.0
 21
-0.26794919
 31
0.0
  0
LINE
  5
96
330
91
100
AcDbEntity
  8
0
  6
ByBlock
 62
0
370
-2
100
AcDbLine
 10
0.0
 20
0.0
 30
0.0
 11
-1.0
 21
0.0
 31
0.0
  0
ENDBLK
  5
93
330
91
100
AcDbEntity
  8
0
100
AcDbBlockEnd
  0
BLOCK
  5
98
330
97
100
AcDbEntity
  8
0
100
AcDbBlockBegin
  2
_Dot
 70
0
 10
0.0
 20
0.0
 30
0.0
  3
_Dot
  1

  0
LWPOLYLINE
  5
9A
330
97
100
AcDbEntity
  8
0
  6
ByBlock
 62
0
100
AcDbPolyline
 90
2
 70
1
 43
0.5
 10
-0.25
 20
0.0
 42
1.0
 10
0.25
 20
0.0
 42
1.0
  0
LINE
  5
9B
330
97
100
AcDbEntity
  8
0
  6
ByBlock
 62
0
370
-2
100
AcDbLine
 10
-0.5
 20
0.0
 30
0.0
 11
-1.0
 21
0.0
 31
0.0
  0
ENDBLK
  5
99
330
97
100
AcDbEntity
  8
0
100
AcDbBlockEnd
  0
BLOCK
  5
9F
330
9E
100
AcDbEntity
  8
0
100
AcDbBlockBegin
  2
Пример 01 ОК-1.1 900х900 1x1 Снаружи #01
 70
2
 10
0.0
 20
0.0
 30
0.0
  3
Пример 01 ОК-1.1 900х900 1x1 Снаружи #01
  1

  0
LWPOLYLINE
  5
A1
330
9E
100
AcDbEntity
  8
Штриховые
100
AcDbPolyline
 90
4
 70
1
 10
0.0
 20
0.0
 10
900.0
 20
0.0
 10
900.0
 20
900.0
 10
0.0
 20
900.0
  0
LWPOLYLINE
  5
A2
330
9E
100
AcDbEntity
  8
Окна
100
AcDbPolyline
 90
4
 70
1
 10
20.0
 20
20.0
 10
880.0
 20
20.0
 10
880.0
 20
880.0
 10
20.0
 20
880.0
  0
LWPOLYLINE
  5
A3
330
9E
100
AcDbEntity
  8
Окна
100
AcDbPolyline
 90
4
 70
1
 10
80.0
 20
80.0
 10
820.0
 20
80.0
 10
820.0
 20
820.0
 10
80.0
 20
820.0
  0
LINE
  5
A4
330
9E
100
AcDbEntity
  8
Окна
100
AcDbLine
 10
20.0
 20
20.0
 30
0.0
 11
80.0
 21
80.0
 31
0.0
  0
LINE
  5
A5
330
9E
100
AcDbEntity
  8
Окна
100
AcDbLine
 10
880.0
 20
20.0
 30
0.0
 11
820.0
 21
80.0
 31
0.0
  0
LINE
  5
A6
330
9E
100
AcDbEntity
  8
Окна
100
AcDbLine
 10
880.0
 20
880.0
 30
0.0
 11
820.0
 21
820.0
 31
0.0
  0
LINE
  5
A7
330
9E
100
AcDbEntity
  8
Окна
100
AcDbLine
 10
20.0
 20
880.0
 30
0.0
 11
80.0
 21
820.0
 31
0.0
  0
LWPOLYLINE
  5
A8
330
9E
100
AcDbEntity
  8
Окна
100
AcDbPolyline
 90
4
 70
1
 10
80.0
 20
80.0
 10
820.0
 20
80.0
 10
820.0
 20
105.0
 10
80.0
 20
105.0
  0
LWPOLYLINE
  5
A9
330
9E
100
AcDbEntity
  8
Окна
100
AcDbPolyline
 90
4
 70
1
 10
80.0
 20
795.0
 10
820.0
 20
795.0
 10
820.0
 20
820.0
 10
80.0
 20
820.0
  0
LWPOLYLINE
  5
AA
330
9E
100
AcDbEntity
  8
Окна
100
AcDbPolyline
 90
4
 70
1
 10
80.0
 20
105.0
 10
105.0
 20
105.0
 10
105.0
 20
795.0
 10
80.0
 20
795.0
  0
LWPOLYLINE
  5
AB
330
9E
100
AcDbEntity
  8
Окна
100
AcDbPolyline
 90
4
 70
1
 10
795.0
 20
105.0
 10
820.0
 20
105.0
 10
820.0
 20
795.0
 10
795.0
 20
795.0
  0
ATTDEF
  5
AC
330
9E
100
AcDbEntity
  8
Текст
100
AcDbText
 10
0.0
 20
1210.0
 30
0.0
 40
30.0
  1
Пример 01
  7
Основной стиль (для надписей)
100
AcDbAttributeDefinition
  3
Объект
  2
OBJECT
 70
0
  0
ATTDEF
  5
AD
330
9E
100
AcDbEntity
  8
Текст
100
AcDbText
 10
0.0
 20
1160.0
 30
0.0
 40
30.0
  1
ОК-1.1/1 шт.
  7
Основной стиль (для надписей)
100
AcDbAttributeDefinition
  3
Окно / кол-во
  2
WINDOW
 70
0
  0
ATTDEF
  5
AE
330
9E
100
AcDbEntity
  8
Текст
100
AcDbText
 10
0.0
 20
1110.0
 30
0.0
 40
30.0
  1
RAL8017/RAL9016
  7
Основной стиль (для надписей)
100
AcDbAttributeDefinition
  3
Цвет
  2
COLOR
 70
0
  0
ATTDEF
  5
AF
330
9E
100
AcDbEntity
  8
Текст
100
AcDbText
 10
0.0
 20
1060.0
 30
0.0
 40
30.0
  1
Заполнение СПД42
  7
Основной стиль (для надписей)
100
AcDbAttributeDefinition
  3
Заполнение
  2
GLAZING
 70
0
  0
ATTDEF
  5
B0
330
9E
100
AcDbEntity
  8
Текст
100
AcDbText
 10
0.0
 20
1010.0
 30
0.0
 40
30.0
  1
900х900
  7
Основной стиль (для надписей)
100
AcDbAttributeDefinition
  3
Габарит
  2
SIZE
 70
0
  0
ATTDEF
  5
B1
330
9E
100
AcDbEntity
  8
Текст
100
AcDbText
 10
0.0
 20
960.0
 30
0.0
 40
30.0
  1
1х1
  7
Основной стиль (для надписей)
100
AcDbAttributeDefinition
  3
Сетка
  2
GRID
 70
0
  0
TEXT
  5
B2
330
9E
100
AcDbEntity
  8
Текст
100
AcDbText
 10
900.0
 20
960.0
 30
0.0
 40
30.0
  1
S=0.81 м²
  7
Основной стиль (для надписей)
 72
2
 11
900.0
 21
960.0
 31
0.0
100
AcDbText
 73
3
  0
DIMENSION
  5
B3
330
9E
100
AcDbEntity
  8
Размеры
100
AcDbDimension
280
0
  3
Основной стиль
 10
20.0
 20
-80.0
 30
0.0
 11
450.0
 21
-52.0
 31
0.0
 70
32
 71
5
  1
<>
100
AcDbAlignedDimension
 13
20.0
 23
20.0
 33
0.0
 14
880.0
 24
20.0
 34
0.0
 50
0.0
100
AcDbRotatedDimension
  0
DIMENSION
  5
B8
330
9E
100
AcDbEntity
  8
Размеры
100
AcDbDimension
280
0
  3
Основной стиль с точками
 10
20.0
 20
-160.0
 30
0.0
 11
450.0
 21
-132.0
 31
0.0
 70
32
 71
5
  1
<>
100
AcDbAlignedDimension
 13
20.0
 23
20.0
 33
0.0
 14
880.0
 24
20.0
 34
0.0
 50
0.0
100
AcDbRotatedDimension
  0
DIMENSION
  5
B9
330
9E
100
AcDbEntity
  8
Размеры
100
AcDbDimension
280
0
  3
Основной стиль
 10
0.0
 20
-240.0
 30
0.0
 11
450.0
 21
-212.0
 31
0.0
 70
32
 71
5
  1
<>
100
AcDbAlignedDimension
 13
0.0
 23
0.0
 33
0.0
 14
900.0
 24
0.0
 34
0.0
 50
0.0
100
AcDbRotatedDimension
  0
DIMENSION
  5
BA
330
9E
100
AcDbEntity
  8
Размеры
100
AcDbDimension
280
0
  3
Основной стиль
 10
0.0
 20
-160.0
 30
0.0
 11
10.0
 21
-120.0
 31
0.0
 70
32
 71
5
  1
<>
100
AcDbAlignedDimension
 13
0.0
 23
0.0
 33
0.0
 14
20.0
 24
0.0
 34
0.0
 50
0.0
100
AcDbRotatedDimension
  0
DIMENSION
  5
BB
330
9E
100
AcDbEntity
  8
Размеры
100
AcDbDimension
280
0
  3
Основной стиль
 10
880.0
 20
-160.0
 30
0.0
 11
890.0
 21
-120.0
 31
0.0
 70
32
 71
5
  1
<>
100
AcDbAlignedDimension
 13
880.0
 23
0.0
 33
0.0
 14
900.0
 24
0.0
 34
0.0
 50
0.0
100
AcDbRotatedDimension
  0
DIMENSION
  5
BC
330
9E
100
AcDbEntity
  8
Размеры
100
AcDbDimension
280
0
  3
Основной стиль
 10
980.0
 20
20.0
 30
0.0
 11
952.0
 21
450.0
 31
0.0
 70
32
 71
5
  1
<>
100
AcDbAlignedDimension
 13
880.0
 23
20.0
 33
0.0
 14
880.0
 24
880.0
 34
0.0
 50
90.0
100
AcDbRotatedDimension
  0
DIMENSION
  5
BD
330
9E
100
AcDbEntity
  8
Размеры
100
AcDbDimension
280
0
  3
Основной стиль с точками
 10
1060.0
 20
20.0
 30
0.0
 11
1032.0
 21
450.0
 31
0.0
 70
32
 71
5
  1
<>
100
AcDbAlignedDimension
 13
880.0
 23
20.0
 33
0.0
 14
880.0
 24
880.0
 34
0.0
 50
90.0
100
AcDbRotatedDimension
  0
DIMENSION
  5
BE
330
9E
100
AcDbEntity
  8
Размеры
100
AcDbDimension
280
0
  3
Основной стиль
 10
1140.0
 20
0.0
 30
0.0
 11
1112.0
 21
450.0
 31
0.0
 70
32
 71
5
  1
<>
100
AcDbAlignedDimension
 13
900.0
 23
0.0
 33
0.0
 14
900.0
 24
900.0
 34
0.0
 50
90.0
100
AcDbRotatedDimension
  0
DIMENSION
  5
BF
330
9E
100
AcDbEntity
  8
Размеры
100
AcDbDimension
280
0
  3
Основной стиль
 10
1060.0
 20
0.0
 30
0.0
 11
1020.0
 21
10.0
 31
0.0
 70
32
 71
5
  1
<>
100
AcDbAlignedDimension
 13
900.0
 23
0.0
 33
0.0
 14
900.0
 24
20.0
 34
0.0
 50
90.0
100
AcDbRotatedDimension
  0
DIMENSION
  5
C0
330
9E
100
AcDbEntity
  8
Размеры
100
AcDbDimension
280
0
  3
Основной стиль
 10
1060.0
 20
880.0
 30
0.0
 11
1020.0
 21
890.0
 31
0.0
 70
32
 71
5
  1
<>
100
AcDbAlignedDimension
 13
900.0
 23
880.0
 33
0.0
 14
900.0
 24
900.0
 34
0.0
 50
90.0
100
AcDbRotatedDimension
  0
ENDBLK
  5
A0
330
9E
100
AcDbEntity
  8
0
100
AcDbBlockEnd
  0
BLOCK
  5
B5
330
B4
100
AcDbEntity
  8
0
100
AcDbBlockBegin
  2
_CLOSEDFILLED
 70
0
 10
0.0
 20
0.0
 30
0.0
  3
_CLOSEDFILLED
  1

  0
SOLID
  5
B7
330
B4
100
AcDbEntity
  8
0
  6
BYBLOCK
 62
0
100
AcDbTrace
 10
-1.0
 20
0.16439898372402537
 30
0.0
 11
0.0
 21
0.0
 31
0.0
 12
-1.0
 22
-0.16439898372402537
 32
0.0
 13
-1.0
 23
-0.16439898372402537
 33
0.0
  0
ENDBLK
  5
B6
330
B4
100
AcDbEntity
  8
0
100
AcDbBlockEnd
  0
BLOCK
  5
C2
330
C1
100
AcDbEntity
  8
0
100
AcDbBlockBegin
  2
Пример 02 ОК-1.2 1000х1200 1x1 Изнутри #02
 70
2
 10
0.0
 20
0.0
 30
0.0
  3
Пример 02 ОК-1.2 1000х1200 1x1 Изнутри #02
  1

  0
LWPOLYLINE
  5
C4
330
C1
100
AcDbEntity
  8
Штриховые
100
AcDbPolyline
 90
4
 70
1
 10
1000.0
 20
0.0
 10
0.0
 20
0.0
 10
0.0
 20
1200.0
 10
1000.0
 20
1200.0
  0
LWPOLYLINE
  5
C5
330
C1
100
AcDbEntity
  8
Окна
100
AcDbPolyline
 90
4
 70
1
 10
970.0
 20
60.0
 10
30.0
 20
60.0
 10
30.0
 20
1170.0
 10
970.0
 20
1170.0
  0
LINE
  5
C6
330
C1
100
AcDbEntity
  8
Окна
100
AcDbLine
 10
970.0
 20
60.0
 30
0.0
 11
925.0
 21
105.0
 31
0.0
  0
LINE
  5
C7
330
C1
100
AcDbEntity
  8
Окна
100
AcDbLine
 10
30.0
 20
60.0
 30
0.0
 11
75.0
 21
105.0
 31
0.0
  0
LINE
  5
C8
330
C1
100
AcDbEntity
  8
Окна
100
AcDbLine
 10
30.0
 20
1170.0
 30
0.0
 11
75.0
 21
1125.0
 31
0.0
  0
LINE
  5
C9
330
C1
100
AcDbEntity
  8
Окна
100
AcDbLine
 10
970.0
 20
1170.0
 30
0.0
 11
925.0
 21
1125.0
 31
0.0
  0
LWPOLYLINE
  5
CA
330
C1
100
AcDbEntity
  8
Окна
100
AcDbPolyline
 90
4
 70
1
 10
970.0
 20
30.0
 10
30.0
 20
30.0
 10
30.0
 20
60.0
 10
970.0
 20
60.0
  0
LINE
  5
CB
330
C1
100
AcDbEntity
  8
Окна
100
AcDbLine
 10
925.0
 20
105.0
 30
0.0
 11
75.0
 21
105.0
 31
0.0
  0
LINE
  5
CC
330
C1
100
AcDbEntity
  8
Окна
100
AcDbLine
 10
75.0
 20
105.0
 30
0.0
 11
75.0
 21
1125.0
 31
0.0
  0
LINE
  5
CD
330
C1
100
AcDbEntity
  8
Окна
100
AcDbLine
 10
75.0
 20
1125.0
 30
0.0
 11
925.0
 21
1125.0
 31
0.0
  0
LINE
  5
CE
330
C1
100
AcDbEntity
  8
Окна
100
AcDbLine
 10
925.0
 20
1125.0
 30
0.0
 11
925.0
 21
105.0
 31
0.0
  0
LINE
  5
CF
330
C1
100
AcDbEntity
  8
Окна
100
AcDbLine
 10
845.0
 20
185.0
 30
0.0
 11
155.0
 21
185.0
 31
0.0
  0
LINE
  5
D0
330
C1
100
AcDbEntity
  8
Окна
100
AcDbLine
 10
155.0
 20
185.0
 30
0.0
 11
155.0
 21
1045.0
 31
0.0
  0
LINE
  5
D1
330
C1
100
AcDbEntity
  8
Окна
100
AcDbLine
 10
155.0
 20
1045.0
 30
0.0
 11
845.0
 21
1045.0
 31
0.0
  0
LINE
  5
D2
330
C1
100
AcDbEntity
  8
Окна
100
AcDbLine
 10
845.0
 20
1045.0
 30
0.0
 11
845.0
 21
185.0
 31
0.0
  0
LINE
  5
D3
330
C1
100
AcDbEntity
  8
Окна
100
AcDbLine
 10
925.0
 20
105.0
 30
0.0
 11
845.0
 21
185.0
 31
0.0
  0
LINE
  5
D4
330
C1
100
AcDbEntity
  8
Окна
100
AcDbLine
 10
75.0
 20
105.0
 30
0.0
 11
155.0
 21
185.0
 31
0.0
  0
LINE
  5
D5
330
C1
100
AcDbEntity
  8
Окна
100
AcDbLine
 10
75.0
 20
1125.0
 30
0.0
 11
155.0
 21
1045.0
 31
0.0
  0
LINE
  5
D6
330
C1
100
AcDbEntity
  8
Окна
100
AcDbLine
 10
925.0
 20
1125.0
 30
0.0
 11
845.0
 21
1045.0
 31
0.0
  0
LINE
  5
D7
330
C1
100
AcDbEntity
  8
Штриховые
  6
Continuous
100
AcDbLine
 10
925.0
 20
105.0
 30
0.0
 11
75.0
 21
615.0
 31
0.0
  0
LINE
  5
D8
330
C1
100
AcDbEntity
  8
Штриховые
  6
Continuous
100
AcDbLine
 10
925.0
 20
1125.0
 30
0.0
 11
75.0
 21
615.0
 31
0.0
  0
ATTDEF
  5
D9
330
C1
100
AcDbEntity
  8
Текст
100
AcDbText
 10
0.0
 20
1510.0
 30
0.0
 40
30.0
  1
Пример 02
  7
Основной стиль (для надписей)
100
AcDbAttributeDefinition
  3
Объект
  2
OBJECT
 70
0
  0
ATTDEF
  5
DA
330
C1
100
AcDbEntity
  8
Текст
100
AcDbText
 10
0.0
 20
1460.0
 30
0.0
 40
30.0
  1
ОК-1.2/1 шт.
  7
Основной стиль (для надписей)
100
AcDbAttributeDefinition
  3
Окно / кол-во
  2
WINDOW
 70
0
  0
ATTDEF
  5
DB
330
C1
100
AcDbEntity
  8
Текст
100
AcDbText
 10
0.0
 20
1410.0
 30
0.0
 40
30.0
  1
RAL8017/RAL9016
  7
Основной стиль (для надписей)
100
AcDbAttributeDefinition
  3
Цвет
  2
COLOR
 70
0
  0
ATTDEF
  5
DC
330
C1
100
AcDbEntity
  8
Текст
100
AcDbText
 10
0.0
 20
1360.0
 30
0.0
 40
30.0
  1
Заполнение СПД42
  7
Основной стиль (для надписей)
100
AcDbAttributeDefinition
  3
Заполнение
  2
GLAZING
 70
0
  0
ATTDEF
  5
DD
330
C1
100
AcDbEntity
  8
Текст
100
AcDbText
 10
0.0
 20
1310.0
 30
0.0
 40
30.0
  1
1000х1200
  7
Основной стиль (для надписей)
100
AcDbAttributeDefinition
  3
Габарит
  2
SIZE
 70
0
  0
ATTDEF
  5
DE
330
C1
100
AcDbEntity
  8
Текст
100
AcDbText
 10
0.0
 20
1260.0
 30
0.0
 40
30.0
  1
1х1
  7
Основной стиль (для надписей)
100
AcDbAttributeDefinition
  3
Сетка
  2
GRID
 70
0
  0
TEXT
  5
DF
330
C1
100
AcDbEntity
  8
Текст
100
AcDbText
 10
1000.0
 20
1260.0
 30
0.0
 40
30.0
  1
S=1.20 м²
  7
Основной стиль (для надписей)
 72
2
 11
1000.0
 21
1260.0
 31
0.0
100
AcDbText
 73
3
  0
DIMENSION
  5
E0
330
C1
100
AcDbEntity
  8
Размеры
100
AcDbDimension
280
0
  3
Основной стиль
 10
30.0
 20
-80.0
 30
0.0
 11
500.0
 21
-52.0
 31
0.0
 70
32
 71
5
  1
<>
100
AcDbAlignedDimension
 13
30.0
 23
30.0
 33
0.0
 14
970.0
 24
30.0
 34
0.0
 50
0.0
100
AcDbRotatedDimension
  0
DIMENSION
  5
E1
330
C1
100
AcDbEntity
  8
Размеры
100
AcDbDimension
280
0
  3
Основной стиль с точками
 10
30.0
 20
-160.0
 30
0.0
 11
500.0
 21
-132.0
 31
0.0
 70
32
 71
5
  1
<>
100
AcDbAlignedDimension
 13
30.0
 23
30.0
 33
0.0
 14
970.0
 24
30.0
 34
0.0
 50
0.0
100
AcDbRotatedDimension
  0
DIMENSION
  5
E2
330
C1
100
AcDbEntity
  8
Размеры
100
AcDbDimension
280
0
  3
Основной стиль
 10
0.0
 20
-240.0
 30
0.0
 11
500.0
 21
-212.0
 31
0.0
 70
32
 71
5
  1
<>
100
AcDbAlignedDimension
 13
0.0
 23
0.0
 33
0.0
 14
1000.0
 24
0.0
 34
0.0
 50
0.0
100
AcDbRotatedDimension
  0
DIMENSION
  5
E3
330
C1
100
AcDbEntity
  8
Размеры
100
AcDbDimension
280
0
  3
Основной стиль
 10
0.0
 20
-160.0
 30
0.0
 11
15.0
 21
-120.0
 31
0.0
 70
32
 71
5
  1
<>
100
AcDbAlignedDimension
 13
0.0
 23
0.0
 33
0.0
 14
30.0
 24
0.0
 34
0.0
 50
0.0
100
AcDbRotatedDimension
  0
DIMENSION
  5
E4
330
C1
100
AcDbEntity
  8
Размеры
100
AcDbDimension
280
0
  3
Основной стиль
 10
970.0
 20
-160.0
 30
0.0
 11
985.0
 21
-120.0
 31
0.0
 70
32
 71
5
  1
<>
100
AcDbAlignedDimension
 13
970.0
 23
0.0
 33
0.0
 14
1000.0
 24
0.0
 34
0.0
 50
0.0
100
AcDbRotatedDimension
  0
DIMENSION
  5
E5
330
C1
100
AcDbEntity
  8
Размеры
100
AcDbDimension
280
0
  3
Основной стиль
 10
1080.0
 20
60.0
 30
0.0
 11
1052.0
 21
615.0
 31
0.0
 70
32
 71
5
  1
<>
100
AcDbAlignedDimension
 13
970.0
 23
60.0
 33
0.0
 14
970.0
 24
1170.0
 34
0.0
 50
90.0
100
AcDbRotatedDimension
  0
DIMENSION
  5
E6
330
C1
100
AcDbEntity
  8
Размеры
100
AcDbDimension
280
0
  3
Основной стиль с точками
 10
1160.0
 20
60.0
 30
0.0
 11
1132.0
 21
615.0
 31
0.0
 70
32
 71
5
  1
<>
100
AcDbAlignedDimension
 13
970.0
 23
60.0
 33
0.0
 14
970.0
 24
1170.0
 34
0.0
 50
90.0
100
AcDbRotatedDimension
  0
DIMENSION
  5
E7
330
C1
100
AcDbEntity
  8
Размеры
100
AcDbDimension
280
0
  3
Основной стиль с точками
 10
1080.0
 20
30.0
 30
0.0
 11
1040.0
 21
45.0
 31
0.0
 70
32
 71
5
  1
<>
100
AcDbAlignedDimension
 13
970.0
 23
30.0
 33
0.0
 14
970.0
 24
60.0
 34
0.0
 50
90.0
100
AcDbRotatedDimension
  0
DIMENSION
  5
E8
330
C1
100
AcDbEntity
  8
Размеры
100
AcDbDimension
280
0
  3
Основной стиль
 10
1240.0
 20
0.0
 30
0.0
 11
1212.0
 21
600.0
 31
0.0
 70
32
 71
5
  1
<>
100
AcDbAlignedDimension
 13
1000.0
 23
0.0
 33
0.0
 14
1000.0
 24
1200.0
 34
0.0
 50
90.0
100
AcDbRotatedDimension
  0
DIMENSION
  5
E9
330
C1
100
AcDbEntity
  8
Размеры
100
AcDbDimension
280
0
  3
Основной стиль
 10
1160.0
 20
0.0
 30
0.0
 11
1120.0
 21
15.0
 31
0.0
 70
32
 71
5
  1
<>
100
AcDbAlignedDimension
 13
1000.0
 23
0.0
 33
0.0
 14
1000.0
 24
30.0
 34
0.0
 50
90.0
100
AcDbRotatedDimension
  0
DIMENSION
  5
EA
330
C1
100
AcDbEntity
  8
Размеры
100
AcDbDimension
280
0
  3
Основной стиль
 10
1160.0
 20
1170.0
 30
0.0
 11
1120.0
 21
1185.0
 31
0.0
 70
32
 71
5
  1
<>
100
AcDbAlignedDimension
 13
1000.0
 23
1170.0
 33
0.0
 14
1000.0
 24
1200.0
 34
0.0
 50
90.0
100
AcDbRotatedDimension
  0
ENDBLK
  5
C3
330
C1
100
AcDbEntity
  8
0
100
AcDbBlockEnd
  0
BLOCK
  5
EC
330
EB
100
AcDbEntity
  8
0
100
AcDbBlockBegin
  2
Пример 03 ОК-2.1 1400х1500 2x1 Снаружи #03
 70
2
 10
0.0
 20
0.0
 30
0.0
  3
Пример 03 ОК-2.1 1400х1500 2x1 Снаружи #03
  1

  0
LWPOLYLINE
  5
EE
330
EB
100
AcDbEntity
  8
Штриховые
100
AcDbPolyline
 90
4
 70
1
 10
0.0
 20
0.0
 10
1400.0
 20
0.0
 10
1400.0
 20
1500.0
 10
0.0
 20
1500.0
  0
LWPOLYLINE
  5
EF
330
EB
100
AcDbEntity
  8
Окна
100
AcDbPolyline
 90
4
 70
1
 10
75.0
 20
55.0
 10
1375.0
 20
55.0
 10
1375.0
 20
1475.0
 10
75.0
 20
1475.0
  0
LWPOLYLINE
  5
F0
330
EB
100
AcDbEntity
  8
Окна
100
AcDbPolyline
 90
4
 70
1
 10
135.0
 20
115.0
 10
1315.0
 20
115.0
 10
1315.0
 20
1415.0
 10
135.0
 20
1415.0
  0
LINE
  5
F1
330
EB
100
AcDbEntity
  8
Окна
100
AcDbLine
 10
75.0
 20
55.0
 30
0.0
 11
135.0
 21
115.0
 31
0.0
  0
LINE
  5
F2
330
EB
100
AcDbEntity
  8
Окна
100
AcDbLine
 10
1375.0
 20
55.0
 30
0.0
 11
1315.0
 21
115.0
 31
0.0
  0
LINE
  5
F3
330
EB
100
AcDbEntity
  8
Окна
100
AcDbLine
 10
1375.0
 20
1475.0
 30
0.0
 11
1315.0
 21
1415.0
 31
0.0
  0
LINE
  5
F4
330
EB
100
AcDbEntity
  8
Окна
100
AcDbLine
 10
75.0
 20
1475.0
 30
0.0
 11
135.0
 21
1415.0
 31
0.0
  0
LWPOLYLINE
  5
F5
330
EB
100
AcDbEntity
  8
Окна
100
AcDbPolyline
 90
4
 70
1
 10
685.0
 20
115.0
 10
765.0
 20
115.0
 10
765.0
 20
1415.0
 10
685.0
 20
1415.0
  0
LWPOLYLINE
  5
F6
330
EB
100
AcDbEntity
  8
Окна
100
AcDbPolyline
 90
4
 70
1
 10
25.0
 20
25.0
 10
1375.0
 20
25.0
 10
1375.0
 20
55.0
 10
25.0
 20
55.0
  0
LWPOLYLINE
  5
F7
330
EB
100
AcDbEntity
  8
Окна
100
AcDbPolyline
 90
4
 70
1
 10
25.0
 20
55.0
 10
75.0
 20
55.0
 10
75.0
 20
1475.0
 10
25.0
 20
1475.0
  0
LINE
  5
F8
330
EB
100
AcDbEntity
  8
Окна
100
AcDbLine
 10
200.0
 20
180.0
 30
0.0
 11
620.0
 21
180.0
 31
0.0
  0
LINE
  5
F9
330
EB
100
AcDbEntity
  8
Окна
100
AcDbLine
 10
620.0
 20
180.0
 30
0.0
 11
620.0
 21
1350.0
 31
0.0
  0
LINE
  5
FA
330
EB
100
AcDbEntity
  8
Окна
100
AcDbLine
 10
620.0
 20
1350.0
 30
0.0
 11
200.0
 21
1350.0
 31
0.0
  0
LINE
  5
FB
330
EB
100
AcDbEntity
  8
Окна
100
AcDbLine
 10
200.0
 20
1350.0
 30
0.0
 11
200.0
 21
180.0
 31
0.0
  0
LINE
  5
FC
330
EB
100
AcDbEntity
  8
Окна
100
AcDbLine
 10
135.0
 20
115.0
 30
0.0
 11
200.0
 21
180.0
 31
0.0
  0
LINE
  5
FD
330
EB
100
AcDbEntity
  8
Окна
100
AcDbLine
 10
685.0
 20
115.0
 30
0.0
 11
620.0
 21
180.0
 31
0.0
  0
LINE
  5
FE
330
EB
100
AcDbEntity
  8
Окна
100
AcDbLine
 10
685.0
 20
1415.0
 30
0.0
 11
620.0
 21
1350.0
 31
0.0
  0
LINE
  5
FF
330
EB
100
AcDbEntity
  8
Окна
100
AcDbLine
 10
135.0
 20
1415.0
 30
0.0
 11
200.0
 21
1350.0
 31
0.0
  0
LINE
  5
100
330
EB
100
AcDbEntity
  8
Штриховые
  6
ByLayer
100
AcDbLine
 10
135.0
 20
115.0
 30
0.0
 11
685.0
 21
765.0
 31
0.0
  0
LINE
  5
101
330
EB
100
AcDbEntity
  8
Штриховые
  6
ByLayer
100
AcDbLine
 10
135.0
 20
1415.0
 30
0.0
 11
685.0
 21
765.0
 31
0.0
  0
LINE
  5
102
330
EB
100
AcDbEntity
  8
Окна
100
AcDbLine
 10
830.0
 20
180.0
 30
0.0
 11
1250.0
 21
180.0
 31
0.0
  0
LINE
  5
103
330
EB
100
AcDbEntity
  8
Окна
100
AcDbLine
 10
1250.0
 20
180.0
 30
0.0
 11
1250.0
 21
1350.0
 31
0.0
  0
LINE
  5
104
330
EB
100
AcDbEntity
  8
Окна
100
AcDbLine
 10
1250.0
 20
1350.0
 30
0.0
 11
830.0
 21
1350.0
 31
0.0
  0
LINE
  5
105
330
EB
100
AcDbEntity
  8
Окна
100
AcDbLine
 10
830.0
 20
1350.0
 30
0.0
 11
830.0
 21
180.0
 31
0.0
  0
LINE
  5
106
330
EB
100
AcDbEntity
  8
Окна
100
AcDbLine
 10
765.0
 20
115.0
 30
0.0
 11
830.0
 21
180.0
 31
0.0
  0
LINE
  5
107
330
EB
100
AcDbEntity
  8
Окна
100
AcDbLine
 10
1315.0
 20
115.0
 30
0.0
 11
1250.0
 21
180.0
 31
0.0
  0
LINE
  5
108
330
EB
100
AcDbEntity
  8
Окна
100
AcDbLine
 10
1315.0
 20
1415.0
 30
0.0
 11
1250.0
 21
1350.0
 31
0.0
  0
LINE
  5
109
330
EB
100
AcDbEntity
  8
Окна
100
AcDbLine
 10
765.0
 20
1415.0
 30
0.0
 11
830.0
 21
1350.0
 31
0.0
  0
LINE
  5
10A
330
EB
100
AcDbEntity
  8
Штриховые
  6
ByLayer
100
AcDbLine
 10
765.0
 20
115.0
 30
0.0
 11
1040.0
 21
1415.0
 31
0.0
  0
LINE
  5
10B
330
EB
100
AcDbEntity
  8
Штриховые
  6
ByLayer
100
AcDbLine
 10
1315.0
 20
115.0
 30
0.0
 11
1040.0
 21
1415.0
 31
0.0
  0
LWPOLYLINE
  5
10C
330
EB
100
AcDbEntity
  8
Окна
100
AcDbPolyline
 90
4
 70
1
 10
135.0
 20
115.0
 10
1315.0
 20
115.0
 10
1315.0
 20
140.0
 10
135.0
 20
140.0
  0
LWPOLYLINE
  5
10D
330
EB
100
AcDbEntity
  8
Окна
100
AcDbPolyline
 90
4
 70
1
 10
135.0
 20
1390.0
 10
1315.0
 20
1390.0
 10
1315.0
 20
1415.0
 10
135.0
 20
1415.0
  0
LWPOLYLINE
  5
10E
330
EB
100
AcDbEntity
  8
Окна
100
AcDbPolyline
 90
4
 70
1
 10
135.0
 20
140.0
 10
160.0
 20
140.0
 10
160.0
 20
1390.0
 10
135.0
 20
1390.0
  0
LWPOLYLINE
  5
10F
330
EB
100
AcDbEntity
  8
Окна
100
AcDbPolyline
 90
4
 70
1
 10
1290.0
 20
140.0
 10
1315.0
 20
140.0
 10
1315.0
 20
1390.0
 10
1290.0
 20
1390.0
  0
LWPOLYLINE
  5
110
330
EB
100
AcDbEntity
  8
Окна
100
AcDbPolyline
 90
4
 70
1
 10
685.0
 20
115.0
 10
710.0
 20
115.0
 10
710.0
 20
1415.0
 10
685.0
 20
1415.0
  0
LWPOLYLINE
  5
111
330
EB
100
AcDbEntity
  8
Окна
100
AcDbPolyline
 90
4
 70
1
 10
740.0
 20
115.0
 10
765.0
 20
115.0
 10
765.0
 20
1415.0
 10
740.0
 20
1415.0
  0
LWPOLYLINE
  5
112
330
EB
100
AcDbEntity
  8
Окна
100
AcDbPolyline
 90
4
 70
1
 10
200.0
 20
180.0
 10
620.0
 20
180.0
 10
620.0
 20
205.0
 10
200.0
 20
205.0
  0
LWPOLYLINE
  5
113
330
EB
100
AcDbEntity
  8
Окна
100
AcDbPolyline
 90
4
 70
1
 10
200.0
 20
1325.0
 10
620.0
 20
1325.0
 10
620.0
 20
1350.0
 10
200.0
 20
1350.0
  0
LWPOLYLINE
  5
114
330
EB
100
AcDbEntity
  8
Окна
100
AcDbPolyline
 90
4
 70
1
 10
200.0
 20
205.0
 10
225.0
 20
205.0
 10
225.0
 20
1325.0
 10
200.0
 20
1325.0
  0
LWPOLYLINE
  5
115
330
EB
100
AcDbEntity
  8
Окна
100
AcDbPolyline
 90
4
 70
1
 10
595.0
 20
205.0
 10
620.0
 20
205.0
 10
620.0
 20
1325.0
 10
595.0
 20
1325.0
  0
LWPOLYLINE
  5
116
330
EB
100
AcDbEntity
  8
Окна
100
AcDbPolyline
 90
4
 70
1
 10
830.0
 20
180.0
 10
1250.0
 20
180.0
 10
1250.0
 20
205.0
 10
830.0
 20
205.0
  0
LWPOLYLINE
  5
117
330
EB
100
AcDbEntity
  8
Окна
100
AcDbPolyline
 90
4
 70
1
 10
830.0
 20
1325.0
 10
1250.0
 20
1325.0
 10
1250.0
 20
1350.0
 10
830.0
 20
1350.0
  0
LWPOLYLINE
  5
118
330
EB
100
AcDbEntity
  8
Окна
100
AcDbPolyline
 90
4
 70
1
 10
830.0
 20
205.0
 10
855.0
 20
205.0
 10
855.0
 20
1325.0
 10
830.0
 20
1325.0
  0
LWPOLYLINE
  5
119
330
EB
100
AcDbEntity
  8
Окна
100
AcDbPolyline
 90
4
 70
1
 10
1225.0
 20
205.0
 10
1250.0
 20
205.0
 10
1250.0
 20
1325.0
 10
1225.0
 20
1325.0
  0
ATTDEF
  5
11A
330
EB
100
AcDbEntity
  8
Текст
100
AcDbText
 10
0.0
 20
1810.0
 30
0.0
 40
30.0
  1
Пример 03
  7
Основной стиль (для надписей)
100
AcDbAttributeDefinition
  3
Объект
  2
OBJECT
 70
0
  0
ATTDEF
  5
11B
330
EB
100
AcDbEntity
  8
Текст
100
AcDbText
 10
0.0
 20
1760.0
 30
0.0
 40
30.0
  1
ОК-2.1/1 шт.
  7
Основной стиль (для надписей)
100
AcDbAttributeDefinition
  3
Окно / кол-во
  2
WINDOW
 70
0
  0
ATTDEF
  5
11C
330
EB
100
AcDbEntity
  8
Текст
100
AcDbText
 10
0.0
 20
1710.0
 30
0.0
 40
30.0
  1
RAL8017/RAL9016
  7
Основной стиль (для надписей)
100
AcDbAttributeDefinition
  3
Цвет
  2
COLOR
 70
0
  0
ATTDEF
  5
11D
330
EB
100
AcDbEntity
  8
Текст
100
AcDbText
 10
0.0
 20
1660.0
 30
0.0
 40
30.0
  1
Заполнение СПД42
  7
Основной стиль (для надписей)
100
AcDbAttributeDefinition
  3
Заполнение
  2
GLAZING
 70
0
  0
ATTDEF
  5
11E
330
EB
100
AcDbEntity
  8
Текст
100
AcDbText
 10
0.0
 20
1610.0
 30
0.0
 40
30.0
  1
1400х1500
  7
Основной стиль (для надписей)
100
AcDbAttributeDefinition
  3
Габарит
  2
SIZE
 70
0
  0
ATTDEF
  5
11F
330
EB
100
AcDbEntity
  8
Текст
100
AcDbText
 10
0.0
 20
1560.0
 30
0.0
 40
30.0
  1
2х1
  7
Основной стиль (для надписей)
100
AcDbAttributeDefinition
  3
Сетка
  2
GRID
 70
0
  0
TEXT
  5
120
330
EB
100
AcDbEntity
  8
Текст
100
AcDbText
 10
1400.0
 20
1560.0
 30
0.0
 40
30.0
  1
S=2.10 м²
  7
Основной стиль (для надписей)
 72
2
 11
1400.0
 21
1560.0
 31
0.0
100
AcDbText
 73
3
  0
DIMENSION
  5
121
330
EB
100
AcDbEntity
  8
Размеры
100
AcDbDimension
280
0
  3
Основной стиль
 10
75.0
 20
-80.0
 30
0.0
 11
400.0
 21
-52.0
 31
0.0
 70
32
 71
5
  1
<>
100
AcDbAlignedDimension
 13
75.0
 23
25.0
 33
0.0
 14
725.0
 24
25.0
 34
0.0
 50
0.0
100
AcDbRotatedDimension
  0
DIMENSION
  5
122
330
EB
100
AcDbEntity
  8
Размеры
100
AcDbDimension
280
0
  3
Основной стиль
 10
725.0
 20
-80.0
 30
0.0
 11
1050.0
 21
-52.0
 31
0.0
 70
32
 71
5
  1
<>
100
AcDbAlignedDimension
 13
725.0
 23
25.0
 33
0.0
 14
1375.0
 24
25.0
 34
0.0
 50
0.0
100
AcDbRotatedDimension
  0
DIMENSION
  5
123
330
EB
100
AcDbEntity
  8
Размеры
100
AcDbDimension
280
0
  3
Основной стиль с точками
 10
25.0
 20
-160.0
 30
0.0
 11
700.0
 21
-132.0
 31
0.0
 70
32
 71
5
  1
<>
100
AcDbAlignedDimension
 13
25.0
 23
25.0
 33
0.0
 14
1375.0
 24
25.0
 34
0.0
 50
0.0
100
AcDbRotatedDimension
  0
DIMENSION
  5
124
330
EB
100
AcDbEntity
  8
Размеры
100
AcDbDimension
280
0
  3
Основной стиль
 10
0.0
 20
-240.0
 30
0.0
 11
700.0
 21
-212.0
 31
0.0
 70
32
 71
5
  1
<>
100
AcDbAlignedDimension
 13
0.0
 23
0.0
 33
0.0
 14
1400.0
 24
0.0
 34
0.0
 50
0.0
100
AcDbRotatedDimension
  0
DIMENSION
  5
125
330
EB
100
AcDbEntity
  8
Размеры
100
AcDbDimension
280
0
  3
Основной стиль
 10
25.0
 20
-80.0
 30
0.0
 11
50.0
 21
-52.0
 31
0.0
 70
32
 71
5
  1
<>
100
AcDbAlignedDimension
 13
25.0
 23
25.0
 33
0.0
 14
75.0
 24
25.0
 34
0.0
 50
0.0
100
AcDbRotatedDimension
  0
DIMENSION
  5
126
330
EB
100
AcDbEntity
  8
Размеры
100
AcDbDimension
280
0
  3
Основной стиль
 10
0.0
 20
-160.0
 30
0.0
 11
12.5
 21
-120.0
 31
0.0
 70
32
 71
5
  1
<>
100
AcDbAlignedDimension
 13
0.0
 23
0.0
 33
0.0
 14
25.0
 24
0.0
 34
0.0
 50
0.0
100
AcDbRotatedDimension
  0
DIMENSION
  5
127
330
EB
100
AcDbEntity
  8
Размеры
100
AcDbDimension
280
0
  3
Основной стиль
 10
1375.0
 20
-160.0
 30
0.0
 11
1387.5
 21
-120.0
 31
0.0
 70
32
 71
5
  1
<>
100
AcDbAlignedDimension
 13
1375.0
 23
0.0
 33
0.0
 14
1400.0
 24
0.0
 34
0.0
 50
0.0
100
AcDbRotatedDimension
  0
DIMENSION
  5
128
330
EB
100
AcDbEntity
  8
Размеры
100
AcDbDimension
280
0
  3
Основной стиль
 10
1480.0
 20
55.0
 30
0.0
 11
1452.0
 21
765.0
 31
0.0
 70
32
 71
5
  1
<>
100
AcDbAlignedDimension
 13
1375.0
 23
55.0
 33
0.0
 14
1375.0
 24
1475.0
 34
0.0
 50
90.0
100
AcDbRotatedDimension
  0
DIMENSION
  5
129
330
EB
100
AcDbEntity
  8
Размеры
100
AcDbDimension
280
0
  3
Основной стиль с точками
 10
1560.0
 20
55.0
 30
0.0
 11
1532.0
 21
765.0
 31
0.0
 70
32
 71
5
  1
<>
100
AcDbAlignedDimension
 13
1375.0
 23
55.0
 33
0.0
 14
1375.0
 24
1475.0
 34
0.0
 50
90.0
100
AcDbRotatedDimension
  0
DIMENSION
  5
12A
330
EB
100
AcDbEntity
  8
Размеры
100
AcDbDimension
280
0
  3
Основной стиль с точками
 10
1480.0
 20
25.0
 30
0.0
 11
1440.0
 21
40.0
 31
0.0
 70
32
 71
5
  1
<>
100
AcDbAlignedDimension
 13
1375.0
 23
25.0
 33
0.0
 14
1375.0
 24
55.0
 34
0.0
 50
90.0
100
AcDbRotatedDimension
  0
DIMENSION
  5
12B
330
EB
100
AcDbEntity
  8
Размеры
100
AcDbDimension
280
0
  3
Основной стиль
 10
1640.0
 20
0.0
 30
0.0
 11
1612.0
 21
750.0
 31
0.0
 70
32
 71
5
  1
<>
100
AcDbAlignedDimension
 13
1400.0
 23
0.0
 33
0.0
 14
1400.0
 24
1500.0
 34
0.0
 50
90.0
100
AcDbRotatedDimension
  0
DIMENSION
  5
12C
330
EB
100
AcDbEntity
  8
Размеры
100
AcDbDimension
280
0
  3
Основной стиль
 10
1560.0
 20
0.0
 30
0.0
 11
1520.0
 21
12.5
 31
0.0
 70
32
 71
5
  1
<>
100
AcDbAlignedDimension
 13
1400.0
 23
0.0
 33
0.0
 14
1400.0
 24
25.0
 34
0.0
 50
90.0
100
AcDbRotatedDimension
  0
DIMENSION
  5
12D
330
EB
100
AcDbEntity
  8
Размеры
100
AcDbDimension
280
0
  3
Основной стиль
 10
1560.0
 20
1475.0
 30
0.0
 11
1520.0
 21
1487.5
 31
0.0
 70
32
 71
5
  1
<>
100
AcDbAlignedDimension
 13
1400.0
 23
1475.0
 33
0.0
 14
1400.0
 24
1500.0
 34
0.0
 50
90.0
100
AcDbRotatedDimension
  0
ENDBLK
  5
ED
330
EB
100
AcDbEntity
  8
0
100
AcDbBlockEnd
  0
BLOCK
  5
12F
330
12E
100
AcDbEntity
  8
0
100
AcDbBlockBegin
  2
Пример 04 ОК-2.2 1800х1800 2x2 Изнутри #04
 70
2
 10
0.0
 20
0.0
 30
0.0
  3
Пример 04 ОК-2.2 1800х1800 2x2 Изнутри #04
  1

  0
LWPOLYLINE
  5
131
330
12E
100
AcDbEntity
  8
Штриховые
100
AcDbPolyline
 90
4
 70
1
 10
1800.0
 20
0.0
 10
0.0
 20
0.0
 10
0.0
 20
1800.0
 10
1800.0
 20
1800.0
  0
LWPOLYLINE
  5
132
330
12E
100
AcDbEntity
  8
Окна
100
AcDbPolyline
 90
4
 70
1
 10
1770.0
 20
60.0
 10
30.0
 20
60.0
 10
30.0
 20
1710.0
 10
1770.0
 20
1710.0
  0
LINE
  5
133
330
12E
100
AcDbEntity
  8
Окна
100
AcDbLine
 10
925.0
 20
120.0
 30
0.0
 11
875.0
 21
120.0
 31
0.0
  0
LINE
  5
134
330
12E
100
AcDbEntity
  8
Окна
100
AcDbLine
 10
90.0
 20
860.0
 30
0.0
 11
90.0
 21
910.0
 31
0.0
  0
LINE
  5
135
330
12E
100
AcDbEntity
  8
Окна
100
AcDbLine
 10
875.0
 20
1650.0
 30
0.0
 11
924.9999999999999
 21
1650.0
 31
0.0
  0
LINE
  5
136
330
12E
100
AcDbEntity
  8
Окна
100
AcDbLine
 10
1710.0
 20
910.0
 30
0.0
 11
1710.0
 21
859.9999999999999
 31
0.0
  0
LINE
  5
137
330
12E
100
AcDbEntity
  8
Окна
100
AcDbLine
 10
1770.0
 20
60.0
 30
0.0
 11
1725.0
 21
105.0
 31
0.0
  0
LINE
  5
138
330
12E
100
AcDbEntity
  8
Окна
100
AcDbLine
 10
30.0
 20
60.0
 30
0.0
 11
75.0
 21
105.0
 31
0.0
  0
LINE
  5
139
330
12E
100
AcDbEntity
  8
Окна
100
AcDbLine
 10
30.0
 20
1710.0
 30
0.0
 11
75.0
 21
1665.0
 31
0.0
  0
LINE
  5
13A
330
12E
100
AcDbEntity
  8
Окна
100
AcDbLine
 10
1770.0
 20
1710.0
 30
0.0
 11
1725.0
 21
1665.0
 31
0.0
  0
LINE
  5
13B
330
12E
100
AcDbEntity
  8
Окна
100
AcDbLine
 10
925.0
 20
120.0
 30
0.0
 11
875.0
 21
120.0
 31
0.0
  0
LINE
  5
13C
330
12E
100
AcDbEntity
  8
Окна
100
AcDbLine
 10
860.0
 20
860.0
 30
0.0
 11
860.0
 21
910.0
 31
0.0
  0
LINE
  5
13D
330
12E
100
AcDbEntity
  8
Окна
100
AcDbLine
 10
875.0
 20
1650.0
 30
0.0
 11
925.0
 21
1650.0
 31
0.0
  0
LINE
  5
13E
330
12E
100
AcDbEntity
  8
Окна
100
AcDbLine
 10
940.0
 20
910.0
 30
0.0
 11
940.0
 21
859.9999999999999
 31
0.0
  0
LINE
  5
13F
330
12E
100
AcDbEntity
  8
Окна
100
AcDbLine
 10
940.0
 20
860.0
 30
0.0
 11
940.0
 21
910.0
 31
0.0
  0
LINE
  5
140
330
12E
100
AcDbEntity
  8
Окна
100
AcDbLine
 10
1710.0
 20
910.0
 30
0.0
 11
1710.0
 21
860.0
 31
0.0
  0
LINE
  5
141
330
12E
100
AcDbEntity
  8
Окна
100
AcDbLine
 10
90.0
 20
860.0
 30
0.0
 11
90.0
 21
910.0
 31
0.0
  0
LINE
  5
142
330
12E
100
AcDbEntity
  8
Окна
100
AcDbLine
 10
860.0
 20
910.0
 30
0.0
 11
860.0
 21
860.0
 31
0.0
  0
LWPOLYLINE
  5
143
330
12E
100
AcDbEntity
  8
Окна
100
AcDbPolyline
 90
4
 70
1
 10
1770.0
 20
30.0
 10
30.0
 20
30.0
 10
30.0
 20
60.0
 10
1770.0
 20
60.0
  0
LWPOLYLINE
  5
144
330
12E
100
AcDbEntity
  8
Окна
100
AcDbPolyline
 90
4
 70
1
 10
1770.0
 20
1710.0
 10
30.0
 20
1710.0
 10
30.0
 20
1770.0
 10
1770.0
 20
1770.0
  0
LINE
  5
145
330
12E
100
AcDbEntity
  8
Окна
100
AcDbLine
 10
1725.0
 20
105.0
 30
0.0
 11
925.0
 21
105.0
 31
0.0
  0
LINE
  5
146
330
12E
100
AcDbEntity
  8
Окна
100
AcDbLine
 10
925.0
 20
105.0
 30
0.0
 11
925.0
 21
860.0
 31
0.0
  0
LINE
  5
147
330
12E
100
AcDbEntity
  8
Окна
100
AcDbLine
 10
925.0
 20
860.0
 30
0.0
 11
1725.0
 21
860.0
 31
0.0
  0
LINE
  5
148
330
12E
100
AcDbEntity
  8
Окна
100
AcDbLine
 10
1725.0
 20
860.0
 30
0.0
 11
1725.0
 21
105.0
 31
0.0
  0
LINE
  5
149
330
12E
100
AcDbEntity
  8
Окна
100
AcDbLine
 10
1645.0
 20
185.0
 30
0.0
 11
1005.0
 21
185.0
 31
0.0
  0
LINE
  5
14A
330
12E
100
AcDbEntity
  8
Окна
100
AcDbLine
 10
1005.0
 20
185.0
 30
0.0
 11
1005.0
 21
780.0
 31
0.0
  0
LINE
  5
14B
330
12E
100
AcDbEntity
  8
Окна
100
AcDbLine
 10
1005.0
 20
780.0
 30
0.0
 11
1645.0
 21
780.0
 31
0.0
  0
LINE
  5
14C
330
12E
100
AcDbEntity
  8
Окна
100
AcDbLine
 10
1645.0
 20
780.0
 30
0.0
 11
1645.0
 21
185.0
 31
0.0
  0
LINE
  5
14D
330
12E
100
AcDbEntity
  8
Окна
100
AcDbLine
 10
1725.0
 20
105.0
 30
0.0
 11
1645.0
 21
185.0
 31
0.0
  0
LINE
  5
14E
330
12E
100
AcDbEntity
  8
Окна
100
AcDbLine
 10
925.0
 20
105.0
 30
0.0
 11
1005.0
 21
185.0
 31
0.0
  0
LINE
  5
14F
330
12E
100
AcDbEntity
  8
Окна
100
AcDbLine
 10
925.0
 20
860.0
 30
0.0
 11
1005.0
 21
780.0
 31
0.0
  0
LINE
  5
150
330
12E
100
AcDbEntity
  8
Окна
100
AcDbLine
 10
1725.0
 20
860.0
 30
0.0
 11
1645.0
 21
780.0
 31
0.0
  0
LINE
  5
151
330
12E
100
AcDbEntity
  8
Штриховые
  6
Continuous
100
AcDbLine
 10
1725.0
 20
105.0
 30
0.0
 11
925.0
 21
482.5
 31
0.0
  0
LINE
  5
152
330
12E
100
AcDbEntity
  8
Штриховые
  6
Continuous
100
AcDbLine
 10
1725.0
 20
860.0
 30
0.0
 11
925.0
 21
482.5
 31
0.0
  0
LINE
  5
153
330
12E
100
AcDbEntity
  8
Окна
100
AcDbLine
 10
875.0
 20
105.0
 30
0.0
 11
75.0
 21
105.0
 31
0.0
  0
LINE
  5
154
330
12E
100
AcDbEntity
  8
Окна
100
AcDbLine
 10
75.0
 20
105.0
 30
0.0
 11
75.0
 21
860.0
 31
0.0
  0
LINE
  5
155
330
12E
100
AcDbEntity
  8
Окна
100
AcDbLine
 10
75.0
 20
860.0
 30
0.0
 11
875.0
 21
860.0
 31
0.0
  0
LINE
  5
156
330
12E
100
AcDbEntity
  8
Окна
100
AcDbLine
 10
875.0
 20
860.0
 30
0.0
 11
875.0
 21
105.0
 31
0.0
  0
LINE
  5
157
330
12E
100
AcDbEntity
  8
Окна
100
AcDbLine
 10
795.0
 20
185.0
 30
0.0
 11
155.0
 21
185.0
 31
0.0
  0
LINE
  5
158
330
12E
100
AcDbEntity
  8
Окна
100
AcDbLine
 10
155.0
 20
185.0
 30
0.0
 11
155.0
 21
780.0
 31
0.0
  0
LINE
  5
159
330
12E
100
AcDbEntity
  8
Окна
100
AcDbLine
 10
155.0
 20
780.0
 30
0.0
 11
795.0
 21
780.0
 31
0.0
  0
LINE
  5
15A
330
12E
100
AcDbEntity
  8
Окна
100
AcDbLine
 10
795.0
 20
780.0
 30
0.0
 11
795.0
 21
185.0
 31
0.0
  0
LINE
  5
15B
330
12E
100
AcDbEntity
  8
Окна
100
AcDbLine
 10
875.0
 20
105.0
 30
0.0
 11
795.0
 21
185.0
 31
0.0
  0
LINE
  5
15C
330
12E
100
AcDbEntity
  8
Окна
100
AcDbLine
 10
75.0
 20
105.0
 30
0.0
 11
155.0
 21
185.0
 31
0.0
  0
LINE
  5
15D
330
12E
100
AcDbEntity
  8
Окна
100
AcDbLine
 10
75.0
 20
860.0
 30
0.0
 11
155.0
 21
780.0
 31
0.0
  0
LINE
  5
15E
330
12E
100
AcDbEntity
  8
Окна
100
AcDbLine
 10
875.0
 20
860.0
 30
0.0
 11
795.0
 21
780.0
 31
0.0
  0
LINE
  5
15F
330
12E
100
AcDbEntity
  8
Штриховые
  6
Continuous
100
AcDbLine
 10
875.0
 20
105.0
 30
0.0
 11
75.0
 21
482.5
 31
0.0
  0
LINE
  5
160
330
12E
100
AcDbEntity
  8
Штриховые
  6
Continuous
100
AcDbLine
 10
875.0
 20
860.0
 30
0.0
 11
75.0
 21
482.5
 31
0.0
  0
LINE
  5
161
330
12E
100
AcDbEntity
  8
Окна
100
AcDbLine
 10
1725.0
 20
910.0
 30
0.0
 11
925.0
 21
910.0
 31
0.0
  0
LINE
  5
162
330
12E
100
AcDbEntity
  8
Окна
100
AcDbLine
 10
925.0
 20
910.0
 30
0.0
 11
925.0
 21
1665.0
 31
0.0
  0
LINE
  5
163
330
12E
100
AcDbEntity
  8
Окна
100
AcDbLine
 10
925.0
 20
1665.0
 30
0.0
 11
1725.0
 21
1665.0
 31
0.0
  0
LINE
  5
164
330
12E
100
AcDbEntity
  8
Окна
100
AcDbLine
 10
1725.0
 20
1665.0
 30
0.0
 11
1725.0
 21
910.0
 31
0.0
  0
LINE
  5
165
330
12E
100
AcDbEntity
  8
Окна
100
AcDbLine
 10
1645.0
 20
990.0
 30
0.0
 11
1005.0
 21
990.0
 31
0.0
  0
LINE
  5
166
330
12E
100
AcDbEntity
  8
Окна
100
AcDbLine
 10
1005.0
 20
990.0
 30
0.0
 11
1005.0
 21
1585.0
 31
0.0
  0
LINE
  5
167
330
12E
100
AcDbEntity
  8
Окна
100
AcDbLine
 10
1005.0
 20
1585.0
 30
0.0
 11
1645.0
 21
1585.0
 31
0.0
  0
LINE
  5
168
330
12E
100
AcDbEntity
  8
Окна
100
AcDbLine
 10
1645.0
 20
1585.0
 30
0.0
 11
1645.0
 21
990.0
 31
0.0
  0
LINE
  5
169
330
12E
100
AcDbEntity
  8
Окна
100
AcDbLine
 10
1725.0
 20
910.0
 30
0.0
 11
1645.0
 21
990.0
 31
0.0
  0
LINE
  5
16A
330
12E
100
AcDbEntity
  8
Окна
100
AcDbLine
 10
925.0
 20
910.0
 30
0.0
 11
1005.0
 21
990.0
 31
0.0
  0
LINE
  5
16B
330
12E
100
AcDbEntity
  8
Окна
100
AcDbLine
 10
925.0
 20
1665.0
 30
0.0
 11
1005.0
 21
1585.0
 31
0.0
  0
LINE
  5
16C
330
12E
100
AcDbEntity
  8
Окна
100
AcDbLine
 10
1725.0
 20
1665.0
 30
0.0
 11
1645.0
 21
1585.0
 31
0.0
  0
LINE
  5
16D
330
12E
100
AcDbEntity
  8
Штриховые
  6
Continuous
100
AcDbLine
 10
1725.0
 20
910.0
 30
0.0
 11
925.0
 21
1287.5
 31
0.0
  0
LINE
  5
16E
330
12E
100
AcDbEntity
  8
Штриховые
  6
Continuous
100
AcDbLine
 10
1725.0
 20
1665.0
 30
0.0
 11
925.0
 21
1287.5
 31
0.0
  0
LINE
  5
16F
330
12E
100
AcDbEntity
  8
Окна
100
AcDbLine
 10
875.0
 20
910.0
 30
0.0
 11
75.0
 21
910.0
 31
0.0
  0
LINE
  5
170
330
12E
100
AcDbEntity
  8
Окна
100
AcDbLine
 10
75.0
 20
910.0
 30
0.0
 11
75.0
 21
1665.0
 31
0.0
  0
LINE
  5
171
330
12E
100
AcDbEntity
  8
Окна
100
AcDbLine
 10
75.0
 20
1665.0
 30
0.0
 11
875.0
 21
1665.0
 31
0.0
  0
LINE
  5
172
330
12E
100
AcDbEntity
  8
Окна
100
AcDbLine
 10
875.0
 20
1665.0
 30
0.0
 11
875.0
 21
910.0
 31
0.0
  0
LINE
  5
173
330
12E
100
AcDbEntity
  8
Окна
100
AcDbLine
 10
795.0
 20
990.0
 30
0.0
 11
155.0
 21
990.0
 31
0.0
  0
LINE
  5
174
330
12E
100
AcDbEntity
  8
Окна
100
AcDbLine
 10
155.0
 20
990.0
 30
0.0
 11
155.0
 21
1585.0
 31
0.0
  0
LINE
  5
175
330
12E
100
AcDbEntity
  8
Окна
100
AcDbLine
 10
155.0
 20
1585.0
 30
0.0
 11
795.0
 21
1585.0
 31
0.0
  0
LINE
  5
176
330
12E
100
AcDbEntity
  8
Окна
100
AcDbLine
 10
795.0
 20
1585.0
 30
0.0
 11
795.0
 21
990.0
 31
0.0
  0
LINE
  5
177
330
12E
100
AcDbEntity
  8
Окна
100
AcDbLine
 10
875.0
 20
910.0
 30
0.0
 11
795.0
 21
990.0
 31
0.0
  0
LINE
  5
178
330
12E
100
AcDbEntity
  8
Окна
100
AcDbLine
 10
75.0
 20
910.0
 30
0.0
 11
155.0
 21
990.0
 31
0.0
  0
LINE
  5
179
330
12E
100
AcDbEntity
  8
Окна
100
AcDbLine
 10
75.0
 20
1665.0
 30
0.0
 11
155.0
 21
1585.0
 31
0.0
  0
LINE
  5
17A
330
12E
100
AcDbEntity
  8
Окна
100
AcDbLine
 10
875.0
 20
1665.0
 30
0.0
 11
795.0
 21
1585.0
 31
0.0
  0
LINE
  5
17B
330
12E
100
AcDbEntity
  8
Штриховые
  6
Continuous
100
AcDbLine
 10
875.0
 20
910.0
 30
0.0
 11
75.0
 21
1287.5
 31
0.0
  0
LINE
  5
17C
330
12E
100
AcDbEntity
  8
Штриховые
  6
Continuous
100
AcDbLine
 10
875.0
 20
1665.0
 30
0.0
 11
75.0
 21
1287.5
 31
0.0
  0
LINE
  5
17D
330
12E
100
AcDbEntity
  8
Окна
100
AcDbLine
 10
875.0
 20
120.0
 30
0.0
 11
924.9999999999999
 21
120.0
 31
0.0
  0
LINE
  5
17E
330
12E
100
AcDbEntity
  8
Окна
100
AcDbLine
 10
925.0
 20
145.0
 30
0.0
 11
875.0
 21
145.0
 31
0.0
  0
LINE
  5
17F
330
12E
100
AcDbEntity
  8
Окна
100
AcDbLine
 10
875.0
 20
1625.0
 30
0.0
 11
924.9999999999999
 21
1625.0
 31
0.0
  0
LINE
  5
180
330
12E
100
AcDbEntity
  8
Окна
100
AcDbLine
 10
925.0
 20
1650.0
 30
0.0
 11
875.0
 21
1650.0
 31
0.0
  0
LINE
  5
181
330
12E
100
AcDbEntity
  8
Окна
100
AcDbLine
 10
115.0
 20
860.0
 30
0.0
 11
115.0
 21
910.0
 31
0.0
  0
LINE
  5
182
330
12E
100
AcDbEntity
  8
Окна
100
AcDbLine
 10
90.0
 20
910.0
 30
0.0
 11
90.0
 21
860.0
 31
0.0
  0
LINE
  5
183
330
12E
100
AcDbEntity
  8
Окна
100
AcDbLine
 10
1710.0
 20
860.0
 30
0.0
 11
1710.0
 21
910.0
 31
0.0
  0
LINE
  5
184
330
12E
100
AcDbEntity
  8
Окна
100
AcDbLine
 10
1685.0
 20
910.0
 30
0.0
 11
1685.0
 21
860.0
 31
0.0
  0
LINE
  5
185
330
12E
100
AcDbEntity
  8
Окна
100
AcDbLine
 10
875.0
 20
120.0
 30
0.0
 11
885.0
 21
120.0
 31
0.0
  0
LINE
  5
186
330
12E
100
AcDbEntity
  8
Окна
100
AcDbLine
 10
885.0
 20
120.0
 30
0.0
 11
885.0
 21
1650.0
 31
0.0
  0
LINE
  5
187
330
12E
100
AcDbEntity
  8
Окна
100
AcDbLine
 10
885.0
 20
1650.0
 30
0.0
 11
875.0
 21
1650.0
 31
0.0
  0
LINE
  5
188
330
12E
100
AcDbEntity
  8
Окна
100
AcDbLine
 10
860.0
 20
910.0
 30
0.0
 11
860.0
 21
859.9999999999999
 31
0.0
  0
LINE
  5
189
330
12E
100
AcDbEntity
  8
Окна
100
AcDbLine
 10
915.0
 20
120.0
 30
0.0
 11
925.0
 21
120.0
 31
0.0
  0
LINE
  5
18A
330
12E
100
AcDbEntity
  8
Окна
100
AcDbLine
 10
940.0
 20
860.0
 30
0.0
 11
940.0
 21
910.0
 31
0.0
  0
LINE
  5
18B
330
12E
100
AcDbEntity
  8
Окна
100
AcDbLine
 10
925.0
 20
1650.0
 30
0.0
 11
915.0
 21
1650.0
 31
0.0
  0
LINE
  5
18C
330
12E
100
AcDbEntity
  8
Окна
100
AcDbLine
 10
915.0
 20
1650.0
 30
0.0
 11
915.0
 21
120.0
 31
0.0
  0
LINE
  5
18D
330
12E
100
AcDbEntity
  8
Окна
100
AcDbLine
 10
1710.0
 20
860.0
 30
0.0
 11
1710.0
 21
870.0
 31
0.0
  0
LINE
  5
18E
330
12E
100
AcDbEntity
  8
Окна
100
AcDbLine
 10
1710.0
 20
870.0
 30
0.0
 11
940.0
 21
870.0
 31
0.0
  0
LINE
  5
18F
330
12E
100
AcDbEntity
  8
Окна
100
AcDbLine
 10
940.0
 20
870.0
 30
0.0
 11
940.0
 21
860.0
 31
0.0
  0
LINE
  5
190
330
12E
100
AcDbEntity
  8
Окна
100
AcDbLine
 10
940.0
 20
900.0
 30
0.0
 11
1710.0
 21
900.0
 31
0.0
  0
LINE
  5
191
330
12E
100
AcDbEntity
  8
Окна
100
AcDbLine
 10
1710.0
 20
900.0
 30
0.0
 11
1710.0
 21
910.0
 31
0.0
  0
LINE
  5
192
330
12E
100
AcDbEntity
  8
Окна
100
AcDbLine
 10
940.0
 20
910.0
 30
0.0
 11
940.0
 21
900.0
 31
0.0
  0
LINE
  5
193
330
12E
100
AcDbEntity
  8
Окна
100
AcDbLine
 10
860.0
 20
860.0
 30
0.0
 11
860.0
 21
870.0
 31
0.0
  0
LINE
  5
194
330
12E
100
AcDbEntity
  8
Окна
100
AcDbLine
 10
860.0
 20
870.0
 30
0.0
 11
90.0
 21
870.0
 31
0.0
  0
LINE
  5
195
330
12E
100
AcDbEntity
  8
Окна
100
AcDbLine
 10
90.0
 20
870.0
 30
0.0
 11
90.0
 21
860.0
 31
0.0
  0
LINE
  5
196
330
12E
100
AcDbEntity
  8
Окна
100
AcDbLine
 10
90.0
 20
900.0
 30
0.0
 11
860.0
 21
900.0
 31
0.0
  0
LINE
  5
197
330
12E
100
AcDbEntity
  8
Окна
100
AcDbLine
 10
860.0
 20
900.0
 30
0.0
 11
860.0
 21
910.0
 31
0.0
  0
LINE
  5
198
330
12E
100
AcDbEntity
  8
Окна
100
AcDbLine
 10
90.0
 20
910.0
 30
0.0
 11
90.0
 21
900.0
 31
0.0
  0
ATTDEF
  5
199
330
12E
100
AcDbEntity
  8
Текст
100
AcDbText
 10
0.0
 20
2110.0
 30
0.0
 40
30.0
  1
Пример 04
  7
Основной стиль (для надписей)
100
AcDbAttributeDefinition
  3
Объект
  2
OBJECT
 70
0
  0
ATTDEF
  5
19A
330
12E
100
AcDbEntity
  8
Текст
100
AcDbText
 10
0.0
 20
2060.0
 30
0.0
 40
30.0
  1
ОК-2.2/1 шт.
  7
Основной стиль (для надписей)
100
AcDbAttributeDefinition
  3
Окно / кол-во
  2
WINDOW
 70
0
  0
ATTDEF
  5
19B
330
12E
100
AcDbEntity
  8
Текст
100
AcDbText
 10
0.0
 20
2010.0
 30
0.0
 40
30.0
  1
RAL8017/RAL9016
  7
Основной стиль (для надписей)
100
AcDbAttributeDefinition
  3
Цвет
  2
COLOR
 70
0
  0
ATTDEF
  5
19C
330
12E
100
AcDbEntity
  8
Текст
100
AcDbText
 10
0.0
 20
1960.0
 30
0.0
 40
30.0
  1
Заполнение СПД42
  7
Основной стиль (для надписей)
100
AcDbAttributeDefinition
  3
Заполнение
  2
GLAZING
 70
0
  0
ATTDEF
  5
19D
330
12E
100
AcDbEntity
  8
Текст
100
AcDbText
 10
0.0
 20
1910.0
 30
0.0
 40
30.0
  1
1800х1800
  7
Основной стиль (для надписей)
100
AcDbAttributeDefinition
  3
Габарит
  2
SIZE
 70
0
  0
ATTDEF
  5
19E
330
12E
100
AcDbEntity
  8
Текст
100
AcDbText
 10
0.0
 20
1860.0
 30
0.0
 40
30.0
  1
2х2
  7
Основной стиль (для надписей)
100
AcDbAttributeDefinition
  3
Сетка
  2
GRID
 70
0
  0
TEXT
  5
19F
330
12E
100
AcDbEntity
  8
Текст
100
AcDbText
 10
1800.0
 20
1860.0
 30
0.0
 40
30.0
  1
S=3.24 м²
  7
Основной стиль (для надписей)
 72
2
 11
1800.0
 21
1860.0
 31
0.0
100
AcDbText
 73
3
  0
DIMENSION
  5
1A0
330
12E
100
AcDbEntity
  8
Размеры
100
AcDbDimension
280
0
  3
Основной стиль
 10
30.0
 20
-80.0
 30
0.0
 11
465.0
 21
-52.0
 31
0.0
 70
32
 71
5
  1
<>
100
AcDbAlignedDimension
 13
30.0
 23
30.0
 33
0.0
 14
900.0
 24
30.0
 34
0.0
 50
0.0
100
AcDbRotatedDimension
  0
DIMENSION
  5
1A1
330
12E
100
AcDbEntity
  8
Размеры
100
AcDbDimension
280
0
  3
Основной стиль
 10
900.0
 20
-80.0
 30
0.0
 11
1335.0
 21
-52.0
 31
0.0
 70
32
 71
5
  1
<>
100
AcDbAlignedDimension
 13
900.0
 23
30.0
 33
0.0
 14
1770.0
 24
30.0
 34
0.0
 50
0.0
100
AcDbRotatedDimension
  0
DIMENSION
  5
1A2
330
12E
100
AcDbEntity
  8
Размеры
100
AcDbDimension
280
0
  3
Основной стиль с точками
 10
30.0
 20
-160.0
 30
0.0
 11
900.0
 21
-132.0
 31
0.0
 70
32
 71
5
  1
<>
100
AcDbAlignedDimension
 13
30.0
 23
30.0
 33
0.0
 14
1770.0
 24
30.0
 34
0.0
 50
0.0
100
AcDbRotatedDimension
  0
DIMENSION
  5
1A3
330
12E
100
AcDbEntity
  8
Размеры
100
AcDbDimension
280
0
  3
Основной стиль
 10
0.0
 20
-240.0
 30
0.0
 11
900.0
 21
-212.0
 31
0.0
 70
32
 71
5
  1
<>
100
AcDbAlignedDimension
 13
0.0
 23
0.0
 33
0.0
 14
1800.0
 24
0.0
 34
0.0
 50
0.0
100
AcDbRotatedDimension
  0
DIMENSION
  5
1A4
330
12E
100
AcDbEntity
  8
Размеры
100
AcDbDimension
280
0
  3
Основной стиль
 10
0.0
 20
-160.0
 30
0.0
 11
15.0
 21
-120.0
 31
0.0
 70
32
 71
5
  1
<>
100
AcDbAlignedDimension
 13
0.0
 23
0.0
 33
0.0
 14
30.0
 24
0.0
 34
0.0
 50
0.0
100
AcDbRotatedDimension
  0
DIMENSION
  5
1A5
330
12E
100
AcDbEntity
  8
Размеры
100
AcDbDimension
280
0
  3
Основной стиль
 10
1770.0
 20
-160.0
 30
0.0
 11
1785.0
 21
-120.0
 31
0.0
 70
32
 71
5
  1
<>
100
AcDbAlignedDimension
 13
1770.0
 23
0.0
 33
0.0
 14
1800.0
 24
0.0
 34
0.0
 50
0.0
100
AcDbRotatedDimension
  0
DIMENSION
  5
1A6
330
12E
100
AcDbEntity
  8
Размеры
100
AcDbDimension
280
0
  3
Основной стиль
 10
1880.0
 20
60.0
 30
0.0
 11
1852.0
 21
472.5
 31
0.0
 70
32
 71
5
  1
<>
100
AcDbAlignedDimension
 13
1770.0
 23
60.0
 33
0.0
 14
1770.0
 24
885.0
 34
0.0
 50
90.0
100
AcDbRotatedDimension
  0
DIMENSION
  5
1A7
330
12E
100
AcDbEntity
  8
Размеры
100
AcDbDimension
280
0
  3
Основной стиль
 10
1880.0
 20
885.0
 30
0.0
 11
1852.0
 21
1297.5
 31
0.0
 70
32
 71
5
  1
<>
100
AcDbAlignedDimension
 13
1770.0
 23
885.0
 33
0.0
 14
1770.0
 24
1710.0
 34
0.0
 50
90.0
100
AcDbRotatedDimension
  0
DIMENSION
  5
1A8
330
12E
100
AcDbEntity
  8
Размеры
100
AcDbDimension
280
0
  3
Основной стиль с точками
 10
1960.0
 20
60.0
 30
0.0
 11
1932.0
 21
885.0
 31
0.0
 70
32
 71
5
  1
<>
100
AcDbAlignedDimension
 13
1770.0
 23
60.0
 33
0.0
 14
1770.0
 24
1710.0
 34
0.0
 50
90.0
100
AcDbRotatedDimension
  0
DIMENSION
  5
1A9
330
12E
100
AcDbEntity
  8
Размеры
100
AcDbDimension
280
0
  3
Основной стиль с точками
 10
1880.0
 20
30.0
 30
0.0
 11
1840.0
 21
45.0
 31
0.0
 70
32
 71
5
  1
<>
100
AcDbAlignedDimension
 13
1770.0
 23
30.0
 33
0.0
 14
1770.0
 24
60.0
 34
0.0
 50
90.0
100
AcDbRotatedDimension
  0
DIMENSION
  5
1AA
330
12E
100
AcDbEntity
  8
Размеры
100
AcDbDimension
280
0
  3
Основной стиль с точками
 10
1960.0
 20
1710.0
 30
0.0
 11
1932.0
 21
1740.0
 31
0.0
 70
32
 71
5
  1
<>
100
AcDbAlignedDimension
 13
1770.0
 23
1710.0
 33
0.0
 14
1770.0
 24
1770.0
 34
0.0
 50
90.0
100
AcDbRotatedDimension
  0
DIMENSION
  5
1AB
330
12E
100
AcDbEntity
  8
Размеры
100
AcDbDimension
280
0
  3
Основной стиль
 10
2040.0
 20
0.0
 30
0.0
 11
2012.0
 21
900.0
 31
0.0
 70
32
 71
5
  1
<>
100
AcDbAlignedDimension
 13
1800.0
 23
0.0
 33
0.0
 14
1800.0
 24
1800.0
 34
0.0
 50
90.0
100
AcDbRotatedDimension
  0
DIMENSION
  5
1AC
330
12E
100
AcDbEntity
  8
Размеры
100
AcDbDimension
280
0
  3
Основной стиль
 10
1960.0
 20
0.0
 30
0.0
 11
1920.0
 21
15.0
 31
0.0
 70
32
 71
5
  1
<>
100
AcDbAlignedDimension
 13
1800.0
 23
0.0
 33
0.0
 14
1800.0
 24
30.0
 34
0.0
 50
90.0
100
AcDbRotatedDimension
  0
DIMENSION
  5
1AD
330
12E
100
AcDbEntity
  8
Размеры
100
AcDbDimension
280
0
  3
Основной стиль
 10
1960.0
 20
1770.0
 30
0.0
 11
1920.0
 21
1785.0
 31
0.0
 70
32
 71
5
  1
<>
100
AcDbAlignedDimension
 13
1800.0
 23
1770.0
 33
0.0
 14
1800.0
 24
1800.0
 34
0.0
 50
90.0
100
AcDbRotatedDimension
  0
ENDBLK
  5
130
330
12E
100
AcDbEntity
  8
0
100
AcDbBlockEnd
  0
BLOCK
  5
1AF
330
1AE
100
AcDbEntity
  8
0
100
AcDbBlockBegin
  2
Пример 05 ОК-3.2 1500х1500 3x2 Снаружи #05
 70
2
 10
0.0
 20
0.0
 30
0.0
  3
Пример 05 ОК-3.2 1500х1500 3x2 Снаружи #05
  1

  0
LWPOLYLINE
  5
1B1
330
1AE
100
AcDbEntity
  8
Штриховые
100
AcDbPolyline
 90
4
 70
1
 10
0.0
 20
0.0
 10
1500.0
 20
0.0
 10
1500.0
 20
1500.0
 10
0.0
 20
1500.0
  0
LWPOLYLINE
  5
1B2
330
1AE
100
AcDbEntity
  8
Окна
100
AcDbPolyline
 90
4
 70
1
 10
30.0
 20
60.0
 10
1470.0
 20
60.0
 10
1470.0
 20
1470.0
 10
30.0
 20
1470.0
  0
LWPOLYLINE
  5
1B3
330
1AE
100
AcDbEntity
  8
Окна
100
AcDbPolyline
 90
4
 70
1
 10
90.0
 20
120.0
 10
1410.0
 20
120.0
 10
1410.0
 20
1410.0
 10
90.0
 20
1410.0
  0
LINE
  5
1B4
330
1AE
100
AcDbEntity
  8
Окна
100
AcDbLine
 10
30.0
 20
60.0
 30
0.0
 11
90.0
 21
120.0
 31
0.0
  0
LINE
  5
1B5
330
1AE
100
AcDbEntity
  8
Окна
100
AcDbLine
 10
1470.0
 20
60.0
 30
0.0
 11
1410.0
 21
120.0
 31
0.0
  0
LINE
  5
1B6
330
1AE
100
AcDbEntity
  8
Окна
100
AcDbLine
 10
1470.0
 20
1470.0
 30
0.0
 11
1410.0
 21
1410.0
 31
0.0
  0
LINE
  5
1B7
330
1AE
100
AcDbEntity
  8
Окна
100
AcDbLine
 10
30.0
 20
1470.0
 30
0.0
 11
90.0
 21
1410.0
 31
0.0
  0
LWPOLYLINE
  5
1B8
330
1AE
100
AcDbEntity
  8
Окна
100
AcDbPolyline
 90
4
 70
1
 10
476.6666666666667
 20
120.0
 10
556.6666666666667
 20
120.0
 10
556.6666666666667
 20
1410.0
 10
476.6666666666667
 20
1410.0
  0
LWPOLYLINE
  5
1B9
330
1AE
100
AcDbEntity
  8
Окна
100
AcDbPolyline
 90
4
 70
1
 10
943.3333333333334
 20
120.0
 10
1023.3333333333334
 20
120.0
 10
1023.3333333333334
 20
1410.0
 10
943.3333333333334
 20
1410.0
  0
LWPOLYLINE
  5
1BA
330
1AE
100
AcDbEntity
  8
Окна
100
AcDbPolyline
 90
4
 70
1
 10
90.0
 20
725.0
 10
476.6666666666667
 20
725.0
 10
476.6666666666667
 20
805.0
 10
90.0
 20
805.0
  0
LWPOLYLINE
  5
1BB
330
1AE
100
AcDbEntity
  8
Окна
100
AcDbPolyline
 90
4
 70
1
 10
556.6666666666667
 20
725.0
 10
943.3333333333334
 20
725.0
 10
943.3333333333334
 20
805.0
 10
556.6666666666667
 20
805.0
  0
LWPOLYLINE
  5
1BC
330
1AE
100
AcDbEntity
  8
Окна
100
AcDbPolyline
 90
4
 70
1
 10
1023.3333333333334
 20
725.0
 10
1410.0
 20
725.0
 10
1410.0
 20
805.0
 10
1023.3333333333334
 20
805.0
  0
LWPOLYLINE
  5
1BD
330
1AE
100
AcDbEntity
  8
Окна
100
AcDbPolyline
 90
4
 70
1
 10
30.0
 20
30.0
 10
1470.0
 20
30.0
 10
1470.0
 20
60.0
 10
30.0
 20
60.0
  0
LINE
  5
1BE
330
1AE
100
AcDbEntity
  8
Окна
100
AcDbLine
 10
155.0
 20
185.0
 30
0.0
 11
411.6666666666667
 21
185.0
 31
0.0
  0
LINE
  5
1BF
330
1AE
100
AcDbEntity
  8
Окна
100
AcDbLine
 10
411.6666666666667
 20
185.0
 30
0.0
 11
411.6666666666667
 21
660.0
 31
0.0
  0
LINE
  5
1C0
330
1AE
100
AcDbEntity
  8
Окна
100
AcDbLine
 10
411.6666666666667
 20
660.0
 30
0.0
 11
155.0
 21
660.0
 31
0.0
  0
LINE
  5
1C1
330
1AE
100
AcDbEntity
  8
Окна
100
AcDbLine
 10
155.0
 20
660.0
 30
0.0
 11
155.0
 21
185.0
 31
0.0
  0
LINE
  5
1C2
330
1AE
100
AcDbEntity
  8
Окна
100
AcDbLine
 10
90.0
 20
120.0
 30
0.0
 11
155.0
 21
185.0
 31
0.0
  0
LINE
  5
1C3
330
1AE
100
AcDbEntity
  8
Окна
100
AcDbLine
 10
476.6666666666667
 20
120.0
 30
0.0
 11
411.6666666666667
 21
185.0
 31
0.0
  0
LINE
  5
1C4
330
1AE
100
AcDbEntity
  8
Окна
100
AcDbLine
 10
476.6666666666667
 20
725.0
 30
0.0
 11
411.6666666666667
 21
660.0
 31
0.0
  0
LINE
  5
1C5
330
1AE
100
AcDbEntity
  8
Окна
100
AcDbLine
 10
90.0
 20
725.0
 30
0.0
 11
155.0
 21
660.0
 31
0.0
  0
LINE
  5
1C6
330
1AE
100
AcDbEntity
  8
Штриховые
  6
ByLayer
100
AcDbLine
 10
90.0
 20
120.0
 30
0.0
 11
476.6666666666667
 21
422.5
 31
0.0
  0
LINE
  5
1C7
330
1AE
100
AcDbEntity
  8
Штриховые
  6
ByLayer
100
AcDbLine
 10
90.0
 20
725.0
 30
0.0
 11
476.6666666666667
 21
422.5
 31
0.0
  0
LINE
  5
1C8
330
1AE
100
AcDbEntity
  8
Окна
100
AcDbLine
 10
621.6666666666667
 20
185.0
 30
0.0
 11
878.3333333333335
 21
185.0
 31
0.0
  0
LINE
  5
1C9
330
1AE
100
AcDbEntity
  8
Окна
100
AcDbLine
 10
878.3333333333335
 20
185.0
 30
0.0
 11
878.3333333333335
 21
660.0
 31
0.0
  0
LINE
  5
1CA
330
1AE
100
AcDbEntity
  8
Окна
100
AcDbLine
 10
878.3333333333335
 20
660.0
 30
0.0
 11
621.6666666666667
 21
660.0
 31
0.0
  0
LINE
  5
1CB
330
1AE
100
AcDbEntity
  8
Окна
100
AcDbLine
 10
621.6666666666667
 20
660.0
 30
0.0
 11
621.6666666666667
 21
185.0
 31
0.0
  0
LINE
  5
1CC
330
1AE
100
AcDbEntity
  8
Окна
100
AcDbLine
 10
556.6666666666667
 20
120.0
 30
0.0
 11
621.6666666666667
 21
185.0
 31
0.0
  0
LINE
  5
1CD
330
1AE
100
AcDbEntity
  8
Окна
100
AcDbLine
 10
943.3333333333335
 20
120.0
 30
0.0
 11
878.3333333333335
 21
185.0
 31
0.0
  0
LINE
  5
1CE
330
1AE
100
AcDbEntity
  8
Окна
100
AcDbLine
 10
943.3333333333335
 20
725.0
 30
0.0
 11
878.3333333333335
 21
660.0
 31
0.0
  0
LINE
  5
1CF
330
1AE
100
AcDbEntity
  8
Окна
100
AcDbLine
 10
556.6666666666667
 20
725.0
 30
0.0
 11
621.6666666666667
 21
660.0
 31
0.0
  0
LINE
  5
1D0
330
1AE
100
AcDbEntity
  8
Штриховые
  6
ByLayer
100
AcDbLine
 10
556.6666666666667
 20
120.0
 30
0.0
 11
943.3333333333335
 21
422.5
 31
0.0
  0
LINE
  5
1D1
330
1AE
100
AcDbEntity
  8
Штриховые
  6
ByLayer
100
AcDbLine
 10
556.6666666666667
 20
725.0
 30
0.0
 11
943.3333333333335
 21
422.5
 31
0.0
  0
LINE
  5
1D2
330
1AE
100
AcDbEntity
  8
Штриховые
  6
ByLayer
100
AcDbLine
 10
556.6666666666667
 20
120.0
 30
0.0
 11
750.0000000000001
 21
725.0
 31
0.0
  0
LINE
  5
1D3
330
1AE
100
AcDbEntity
  8
Штриховые
  6
ByLayer
100
AcDbLine
 10
943.3333333333335
 20
120.0
 30
0.0
 11
750.0000000000001
 21
725.0
 31
0.0
  0
LINE
  5
1D4
330
1AE
100
AcDbEntity
  8
Окна
100
AcDbLine
 10
155.0
 20
870.0
 30
0.0
 11
411.6666666666667
 21
870.0
 31
0.0
  0
LINE
  5
1D5
330
1AE
100
AcDbEntity
  8
Окна
100
AcDbLine
 10
411.6666666666667
 20
870.0
 30
0.0
 11
411.6666666666667
 21
1345.0
 31
0.0
  0
LINE
  5
1D6
330
1AE
100
AcDbEntity
  8
Окна
100
AcDbLine
 10
411.6666666666667
 20
1345.0
 30
0.0
 11
155.0
 21
1345.0
 31
0.0
  0
LINE
  5
1D7
330
1AE
100
AcDbEntity
  8
Окна
100
AcDbLine
 10
155.0
 20
1345.0
 30
0.0
 11
155.0
 21
870.0
 31
0.0
  0
LINE
  5
1D8
330
1AE
100
AcDbEntity
  8
Окна
100
AcDbLine
 10
90.0
 20
805.0
 30
0.0
 11
155.0
 21
870.0
 31
0.0
  0
LINE
  5
1D9
330
1AE
100
AcDbEntity
  8
Окна
100
AcDbLine
 10
476.6666666666667
 20
805.0
 30
0.0
 11
411.6666666666667
 21
870.0
 31
0.0
  0
LINE
  5
1DA
330
1AE
100
AcDbEntity
  8
Окна
100
AcDbLine
 10
476.6666666666667
 20
1410.0
 30
0.0
 11
411.6666666666667
 21
1345.0
 31
0.0
  0
LINE
  5
1DB
330
1AE
100
AcDbEntity
  8
Окна
100
AcDbLine
 10
90.0
 20
1410.0
 30
0.0
 11
155.0
 21
1345.0
 31
0.0
  0
LINE
  5
1DC
330
1AE
100
AcDbEntity
  8
Штриховые
  6
ByLayer
100
AcDbLine
 10
90.0
 20
805.0
 30
0.0
 11
283.33333333333337
 21
1410.0
 31
0.0
  0
LINE
  5
1DD
330
1AE
100
AcDbEntity
  8
Штриховые
  6
ByLayer
100
AcDbLine
 10
476.6666666666667
 20
805.0
 30
0.0
 11
283.33333333333337
 21
1410.0
 31
0.0
  0
LWPOLYLINE
  5
1DE
330
1AE
100
AcDbEntity
  8
Окна
100
AcDbPolyline
 90
4
 70
1
 10
90.0
 20
120.0
 10
1410.0
 20
120.0
 10
1410.0
 20
145.0
 10
90.0
 20
145.0
  0
LWPOLYLINE
  5
1DF
330
1AE
100
AcDbEntity
  8
Окна
100
AcDbPolyline
 90
4
 70
1
 10
90.0
 20
1385.0
 10
1410.0
 20
1385.0
 10
1410.0
 20
1410.0
 10
90.0
 20
1410.0
  0
LWPOLYLINE
  5
1E0
330
1AE
100
AcDbEntity
  8
Окна
100
AcDbPolyline
 90
4
 70
1
 10
90.0
 20
145.0
 10
115.0
 20
145.0
 10
115.0
 20
1385.0
 10
90.0
 20
1385.0
  0
LWPOLYLINE
  5
1E1
330
1AE
100
AcDbEntity
  8
Окна
100
AcDbPolyline
 90
4
 70
1
 10
1385.0
 20
145.0
 10
1410.0
 20
145.0
 10
1410.0
 20
1385.0
 10
1385.0
 20
1385.0
  0
LWPOLYLINE
  5
1E2
330
1AE
100
AcDbEntity
  8
Окна
100
AcDbPolyline
 90
4
 70
1
 10
476.6666666666667
 20
120.0
 10
501.6666666666667
 20
120.0
 10
501.6666666666667
 20
1410.0
 10
476.6666666666667
 20
1410.0
  0
LWPOLYLINE
  5
1E3
330
1AE
100
AcDbEntity
  8
Окна
100
AcDbPolyline
 90
4
 70
1
 10
531.6666666666667
 20
120.0
 10
556.6666666666667
 20
120.0
 10
556.6666666666667
 20
1410.0
 10
531.6666666666667
 20
1410.0
  0
LWPOLYLINE
  5
1E4
330
1AE
100
AcDbEntity
  8
Окна
100
AcDbPolyline
 90
4
 70
1
 10
943.3333333333334
 20
120.0
 10
968.3333333333334
 20
120.0
 10
968.3333333333334
 20
1410.0
 10
943.3333333333334
 20
1410.0
  0
LWPOLYLINE
  5
1E5
330
1AE
100
AcDbEntity
  8
Окна
100
AcDbPolyline
 90
4
 70
1
 10
998.3333333333334
 20
120.0
 10
1023.3333333333334
 20
120.0
 10
1023.3333333333334
 20
1410.0
 10
998.3333333333334
 20
1410.0
  0
LWPOLYLINE
  5
1E6
330
1AE
100
AcDbEntity
  8
Окна
100
AcDbPolyline
 90
4
 70
1
 10
90.0
 20
725.0
 10
476.6666666666667
 20
725.0
 10
476.6666666666667
 20
750.0
 10
90.0
 20
750.0
  0
LWPOLYLINE
  5
1E7
330
1AE
100
AcDbEntity
  8
Окна
100
AcDbPolyline
 90
4
 70
1
 10
90.0
 20
780.0
 10
476.6666666666667
 20
780.0
 10
476.6666666666667
 20
805.0
 10
90.0
 20
805.0
  0
LWPOLYLINE
  5
1E8
330
1AE
100
AcDbEntity
  8
Окна
100
AcDbPolyline
 90
4
 70
1
 10
556.6666666666667
 20
725.0
 10
943.3333333333334
 20
725.0
 10
943.3333333333334
 20
750.0
 10
556.6666666666667
 20
750.0
  0
LWPOLYLINE
  5
1E9
330
1AE
100
AcDbEntity
  8
Окна
100
AcDbPolyline
 90
4
 70
1
 10
556.6666666666667
 20
780.0
 10
943.3333333333334
 20
780.0
 10
943.3333333333334
 20
805.0
 10
556.6666666666667
 20
805.0
  0
LWPOLYLINE
  5
1EA
330
1AE
100
AcDbEntity
  8
Окна
100
AcDbPolyline
 90
4
 70
1
 10
1023.3333333333334
 20
725.0
 10
1410.0
 20
725.0
 10
1410.0
 20
750.0
 10
1023.3333333333334
 20
750.0
  0
LWPOLYLINE
  5
1EB
330
1AE
100
AcDbEntity
  8
Окна
100
AcDbPolyline
 90
4
 70
1
 10
1023.3333333333334
 20
780.0
 10
1410.0
 20
780.0
 10
1410.0
 20
805.0
 10
1023.3333333333334
 20
805.0
  0
LWPOLYLINE
  5
1EC
330
1AE
100
AcDbEntity
  8
Окна
100
AcDbPolyline
 90
4
 70
1
 10
155.0
 20
185.0
 10
411.6666666666667
 20
185.0
 10
411.6666666666667
 20
210.0
 10
155.0
 20
210.0
  0
LWPOLYLINE
  5
1ED
330
1AE
100
AcDbEntity
  8
Окна
100
AcDbPolyline
 90
4
 70
1
 10
155.0
 20
635.0
 10
411.6666666666667
 20
635.0
 10
411.6666666666667
 20
660.0
 10
155.0
 20
660.0
  0
LWPOLYLINE
  5
1EE
330
1AE
100
AcDbEntity
  8
Окна
100
AcDbPolyline
 90
4
 70
1
 10
155.0
 20
210.0
 10
180.0
 20
210.0
 10
180.0
 20
635.0
 10
155.0
 20
635.0
  0
LWPOLYLINE
  5
1EF
330
1AE
100
AcDbEntity
  8
Окна
100
AcDbPolyline
 90
4
 70
1
 10
386.6666666666667
 20
210.0
 10
411.6666666666667
 20
210.0
 10
411.6666666666667
 20
635.0
 10
386.6666666666667
 20
635.0
  0
LWPOLYLINE
  5
1F0
330
1AE
100
AcDbEntity
  8
Окна
100
AcDbPolyline
 90
4
 70
1
 10
621.6666666666667
 20
185.0
 10
878.3333333333335
 20
185.0
 10
878.3333333333335
 20
210.0
 10
621.6666666666667
 20
210.0
  0
LWPOLYLINE
  5
1F1
330
1AE
100
AcDbEntity
  8
Окна
100
AcDbPolyline
 90
4
 70
1
 10
621.6666666666667
 20
635.0
 10
878.3333333333335
 20
635.0
 10
878.3333333333335
 20
660.0
 10
621.6666666666667
 20
660.0
  0
LWPOLYLINE
  5
1F2
330
1AE
100
AcDbEntity
  8
Окна
100
AcDbPolyline
 90
4
 70
1
 10
621.6666666666667
 20
210.0
 10
646.6666666666667
 20
210.0
 10
646.6666666666667
 20
635.0
 10
621.6666666666667
 20
635.0
  0
LWPOLYLINE
  5
1F3
330
1AE
100
AcDbEntity
  8
Окна
100
AcDbPolyline
 90
4
 70
1
 10
853.3333333333335
 20
210.0
 10
878.3333333333335
 20
210.0
 10
878.3333333333335
 20
635.0
 10
853.3333333333335
 20
635.0
  0
LWPOLYLINE
  5
1F4
330
1AE
100
AcDbEntity
  8
Окна
100
AcDbPolyline
 90
4
 70
1
 10
155.0
 20
870.0
 10
411.6666666666667
 20
870.0
 10
411.6666666666667
 20
895.0
 10
155.0
 20
895.0
  0
LWPOLYLINE
  5
1F5
330
1AE
100
AcDbEntity
  8
Окна
100
AcDbPolyline
 90
4
 70
1
 10
155.0
 20
1320.0
 10
411.6666666666667
 20
1320.0
 10
411.6666666666667
 20
1345.0
 10
155.0
 20
1345.0
  0
LWPOLYLINE
  5
1F6
330
1AE
100
AcDbEntity
  8
Окна
100
AcDbPolyline
 90
4
 70
1
 10
155.0
 20
895.0
 10
180.0
 20
895.0
 10
180.0
 20
1320.0
 10
155.0
 20
1320.0
  0
LWPOLYLINE
  5
1F7
330
1AE
100
AcDbEntity
  8
Окна
100
AcDbPolyline
 90
4
 70
1
 10
386.6666666666667
 20
895.0
 10
411.6666666666667
 20
895.0
 10
411.6666666666667
 20
1320.0
 10
386.6666666666667
 20
1320.0
  0
ATTDEF
  5
1F8
330
1AE
100
AcDbEntity
  8
Текст
100
AcDbText
 10
0.0
 20
1810.0
 30
0.0
 40
30.0
  1
Пример 05
  7
Основной стиль (для надписей)
100
AcDbAttributeDefinition
  3
Объект
  2
OBJECT
 70
0
  0
ATTDEF
  5
1F9
330
1AE
100
AcDbEntity
  8
Текст
100
AcDbText
 10
0.0
 20
1760.0
 30
0.0
 40
30.0
  1
ОК-3.2/1 шт.
  7
Основной стиль (для надписей)
100
AcDbAttributeDefinition
  3
Окно / кол-во
  2
WINDOW
 70
0
  0
ATTDEF
  5
1FA
330
1AE
100
AcDbEntity
  8
Текст
100
AcDbText
 10
0.0
 20
1710.0
 30
0.0
 40
30.0
  1
RAL8017/RAL9016
  7
Основной стиль (для надписей)
100
AcDbAttributeDefinition
  3
Цвет
  2
COLOR
 70
0
  0
ATTDEF
  5
1FB
330
1AE
100
AcDbEntity
  8
Текст
100
AcDbText
 10
0.0
 20
1660.0
 30
0.0
 40
30.0
  1
Заполнение СПД42
  7
Основной стиль (для надписей)
100
AcDbAttributeDefinition
  3
Заполнение
  2
GLAZING
 70
0
  0
ATTDEF
  5
1FC
330
1AE
100
AcDbEntity
  8
Текст
100
AcDbText
 10
0.0
 20
1610.0
 30
0.0
 40
30.0
  1
1500х1500
  7
Основной стиль (для надписей)
100
AcDbAttributeDefinition
  3
Габарит
  2
SIZE
 70
0
  0
ATTDEF
  5
1FD
330
1AE
100
AcDbEntity
  8
Текст
100
AcDbText
 10
0.0
 20
1560.0
 30
0.0
 40
30.0
  1
3х2
  7
Основной стиль (для надписей)
100
AcDbAttributeDefinition
  3
Сетка
  2
GRID
 70
0
  0
TEXT
  5
1FE
330
1AE
100
AcDbEntity
  8
Текст
100
AcDbText
 10
1500.0
 20
1560.0
 30
0.0
 40
30.0
  1
S=2.25 м²
  7
Основной стиль (для надписей)
 72
2
 11
1500.0
 21
1560.0
 31
0.0
100
AcDbText
 73
3
  0
DIMENSION
  5
1FF
330
1AE
100
AcDbEntity
  8
Размеры
100
AcDbDimension
280
0
  3
Основной стиль
 10
30.0
 20
-80.0
 30
0.0
 11
273.33333333333337
 21
-52.0
 31
0.0
 70
32
 71
5
  1
<>
100
AcDbAlignedDimension
 13
30.0
 23
30.0
 33
0.0
 14
516.6666666666667
 24
30.0
 34
0.0
 50
0.0
100
AcDbRotatedDimension
  0
DIMENSION
  5
200
330
1AE
100
AcDbEntity
  8
Размеры
100
AcDbDimension
280
0
  3
Основной стиль
 10
516.6666666666667
 20
-80.0
 30
0.0
 11
750.0
 21
-52.0
 31
0.0
 70
32
 71
5
  1
<>
100
AcDbAlignedDimension
 13
516.6666666666667
 23
30.0
 33
0.0
 14
983.3333333333334
 24
30.0
 34
0.0
 50
0.0
100
AcDbRotatedDimension
  0
DIMENSION
  5
201
330
1AE
100
AcDbEntity
  8
Размеры
100
AcDbDimension
280
0
  3
Основной стиль
 10
983.3333333333334
 20
-80.0
 30
0.0
 11
1226.6666666666667
 21
-52.0
 31
0.0
 70
32
 71
5
  1
<>
100
AcDbAlignedDimension
 13
983.3333333333334
 23
30.0
 33
0.0
 14
1470.0
 24
30.0
 34
0.0
 50
0.0
100
AcDbRotatedDimension
  0
DIMENSION
  5
202
330
1AE
100
AcDbEntity
  8
Размеры
100
AcDbDimension
280
0
  3
Основной стиль с точками
 10
30.0
 20
-160.0
 30
0.0
 11
750.0
 21
-132.0
 31
0.0
 70
32
 71
5
  1
<>
100
AcDbAlignedDimension
 13
30.0
 23
30.0
 33
0.0
 14
1470.0
 24
30.0
 34
0.0
 50
0.0
100
AcDbRotatedDimension
  0
DIMENSION
  5
203
330
1AE
100
AcDbEntity
  8
Размеры
100
AcDbDimension
280
0
  3
Основной стиль
 10
0.0
 20
-240.0
 30
0.0
 11
750.0
 21
-212.0
 31
0.0
 70
32
 71
5
  1
<>
100
AcDbAlignedDimension
 13
0.0
 23
0.0
 33
0.0
 14
1500.0
 24
0.0
 34
0.0
 50
0.0
100
AcDbRotatedDimension
  0
DIMENSION
  5
204
330
1AE
100
AcDbEntity
  8
Размеры
100
AcDbDimension
280
0
  3
Основной стиль
 10
0.0
 20
-160.0
 30
0.0
 11
15.0
 21
-120.0
 31
0.0
 70
32
 71
5
  1
<>
100
AcDbAlignedDimension
 13
0.0
 23
0.0
 33
0.0
 14
30.0
 24
0.0
 34
0.0
 50
0.0
100
AcDbRotatedDimension
  0
DIMENSION
  5
205
330
1AE
100
AcDbEntity
  8
Размеры
100
AcDbDimension
280
0
  3
Основной стиль
 10
1470.0
 20
-160.0
 30
0.0
 11
1485.0
 21
-120.0
 31
0.0
 70
32
 71
5
  1
<>
100
AcDbAlignedDimension
 13
1470.0
 23
0.0
 33
0.0
 14
1500.0
 24
0.0
 34
0.0
 50
0.0
100
AcDbRotatedDimension
  0
DIMENSION
  5
206
330
1AE
100
AcDbEntity
  8
Размеры
100
AcDbDimension
280
0
  3
Основной стиль
 10
1580.0
 20
60.0
 30
0.0
 11
1552.0
 21
412.5
 31
0.0
 70
32
 71
5
  1
<>
100
AcDbAlignedDimension
 13
1470.0
 23
60.0
 33
0.0
 14
1470.0
 24
765.0
 34
0.0
 50
90.0
100
AcDbRotatedDimension
  0
DIMENSION
  5
207
330
1AE
100
AcDbEntity
  8
Размеры
100
AcDbDimension
280
0
  3
Основной стиль
 10
1580.0
 20
765.0
 30
0.0
 11
1552.0
 21
1117.5
 31
0.0
 70
32
 71
5
  1
<>
100
AcDbAlignedDimension
 13
1470.0
 23
765.0
 33
0.0
 14
1470.0
 24
1470.0
 34
0.0
 50
90.0
100
AcDbRotatedDimension
  0
DIMENSION
  5
208
330
1AE
100
AcDbEntity
  8
Размеры
100
AcDbDimension
280
0
  3
Основной стиль с точками
 10
1660.0
 20
60.0
 30
0.0
 11
1632.0
 21
765.0
 31
0.0
 70
32
 71
5
  1
<>
100
AcDbAlignedDimension
 13
1470.0
 23
60.0
 33
0.0
 14
1470.0
 24
1470.0
 34
0.0
 50
90.0
100
AcDbRotatedDimension
  0
DIMENSION
  5
209
330
1AE
100
AcDbEntity
  8
Размеры
100
AcDbDimension
280
0
  3
Основной стиль с точками
 10
1580.0
 20
30.0
 30
0.0
 11
1540.0
 21
45.0
 31
0.0
 70
32
 71
5
  1
<>
100
AcDbAlignedDimension
 13
1470.0
 23
30.0
 33
0.0
 14
1470.0
 24
60.0
 34
0.0
 50
90.0
100
AcDbRotatedDimension
  0
DIMENSION
  5
20A
330
1AE
100
AcDbEntity
  8
Размеры
100
AcDbDimension
280
0
  3
Основной стиль
 10
1740.0
 20
0.0
 30
0.0
 11
1712.0
 21
750.0
 31
0.0
 70
32
 71
5
  1
<>
100
AcDbAlignedDimension
 13
1500.0
 23
0.0
 33
0.0
 14
1500.0
 24
1500.0
 34
0.0
 50
90.0
100
AcDbRotatedDimension
  0
DIMENSION
  5
20B
330
1AE
100
AcDbEntity
  8
Размеры
100
AcDbDimension
280
0
  3
Основной стиль
 10
1660.0
 20
0.0
 30
0.0
 11
1620.0
 21
15.0
 31
0.0
 70
32
 71
5
  1
<>
100
AcDbAlignedDimension
 13
1500.0
 23
0.0
 33
0.0
 14
1500.0
 24
30.0
 34
0.0
 50
90.0
100
AcDbRotatedDimension
  0
DIMENSION
  5
20C
330
1AE
100
AcDbEntity
  8
Размеры
100
AcDbDimension
280
0
  3
Основной стиль
 10
1660.0
 20
1470.0
 30
0.0
 11
1620.0
 21
1485.0
 31
0.0
 70
32
 71
5
  1
<>
100
AcDbAlignedDimension
 13
1500.0
 23
1470.0
 33
0.0
 14
1500.0
 24
1500.0
 34
0.0
 50
90.0
100
AcDbRotatedDimension
  0
ENDBLK
  5
1B0
330
1AE
100
AcDbEntity
  8
0
100
AcDbBlockEnd
  0
BLOCK
  5
20E
330
20D
100
AcDbEntity
  8
0
100
AcDbBlockBegin
  2
Пример 06 ОК-3.2Д 1700х1700 3x2 Изнутри #06
 70
2
 10
0.0
 20
0.0
 30
0.0
  3
Пример 06 ОК-3.2Д 1700х1700 3x2 Изнутри #06
  1

  0
LWPOLYLINE
  5
210
330
20D
100
AcDbEntity
  8
Штриховые
100
AcDbPolyline
 90
4
 70
1
 10
1700.0
 20
0.0
 10
0.0
 20
0.0
 10
0.0
 20
1700.0
 10
1700.0
 20
1700.0
  0
LWPOLYLINE
  5
211
330
20D
100
AcDbEntity
  8
Окна
100
AcDbPolyline
 90
4
 70
1
 10
1600.0
 20
30.0
 10
100.0
 20
30.0
 10
100.0
 20
1620.0
 10
1600.0
 20
1620.0
  0
LINE
  5
212
330
20D
100
AcDbEntity
  8
Окна
100
AcDbLine
 10
1118.3333333333333
 20
90.0
 30
0.0
 11
1068.3333333333333
 21
90.0
 31
0.0
  0
LINE
  5
213
330
20D
100
AcDbEntity
  8
Окна
100
AcDbLine
 10
631.6666666666665
 20
90.0
 30
0.0
 11
160.0
 21
90.0
 31
0.0
  0
LINE
  5
214
330
20D
100
AcDbEntity
  8
Окна
100
AcDbLine
 10
160.0
 20
90.0
 30
0.0
 11
160.0
 21
1560.0
 31
0.0
  0
LINE
  5
215
330
20D
100
AcDbEntity
  8
Окна
100
AcDbLine
 10
160.0
 20
1560.0
 30
0.0
 11
1118.3333333333333
 21
1560.0
 31
0.0
  0
LINE
  5
216
330
20D
100
AcDbEntity
  8
Окна
100
AcDbLine
 10
1540.0
 20
850.0
 30
0.0
 11
1540.0
 21
800.0
 31
0.0
  0
LINE
  5
217
330
20D
100
AcDbEntity
  8
Окна
100
AcDbLine
 10
1600.0
 20
30.0
 30
0.0
 11
1555.0
 21
75.0
 31
0.0
  0
LINE
  5
218
330
20D
100
AcDbEntity
  8
Окна
100
AcDbLine
 10
100.0
 20
30.0
 30
0.0
 11
160.0
 21
90.0
 31
0.0
  0
LINE
  5
219
330
20D
100
AcDbEntity
  8
Окна
100
AcDbLine
 10
100.0
 20
1620.0
 30
0.0
 11
160.0
 21
1560.0
 31
0.0
  0
LINE
  5
21A
330
20D
100
AcDbEntity
  8
Окна
100
AcDbLine
 10
1600.0
 20
1620.0
 30
0.0
 11
1555.0
 21
1575.0
 31
0.0
  0
LINE
  5
21B
330
20D
100
AcDbEntity
  8
Окна
100
AcDbLine
 10
1118.3333333333333
 20
90.0
 30
0.0
 11
1068.3333333333333
 21
90.0
 31
0.0
  0
LINE
  5
21C
330
20D
100
AcDbEntity
  8
Окна
100
AcDbLine
 10
1068.3333333333333
 20
785.0
 30
0.0
 11
1118.3333333333333
 21
785.0
 31
0.0
  0
LINE
  5
21D
330
20D
100
AcDbEntity
  8
Окна
100
AcDbLine
 10
1118.3333333333333
 20
865.0
 30
0.0
 11
1053.3333333333333
 21
865.0
 31
0.0
  0
LINE
  5
21E
330
20D
100
AcDbEntity
  8
Окна
100
AcDbLine
 10
1053.3333333333333
 20
865.0
 30
0.0
 11
1053.3333333333333
 21
1560.0
 31
0.0
  0
LINE
  5
21F
330
20D
100
AcDbEntity
  8
Окна
100
AcDbLine
 10
1053.3333333333333
 20
1560.0
 30
0.0
 11
1118.3333333333333
 21
1560.0
 31
0.0
  0
LINE
  5
220
330
20D
100
AcDbEntity
  8
Окна
100
AcDbLine
 10
631.6666666666665
 20
90.0
 30
0.0
 11
566.6666666666665
 21
90.0
 31
0.0
  0
LINE
  5
221
330
20D
100
AcDbEntity
  8
Окна
100
AcDbLine
 10
566.6666666666665
 20
90.0
 30
0.0
 11
566.6666666666665
 21
785.0
 31
0.0
  0
LINE
  5
222
330
20D
100
AcDbEntity
  8
Окна
100
AcDbLine
 10
566.6666666666665
 20
785.0
 30
0.0
 11
631.6666666666665
 21
785.0
 31
0.0
  0
LINE
  5
223
330
20D
100
AcDbEntity
  8
Окна
100
AcDbLine
 10
646.6666666666665
 20
865.0
 30
0.0
 11
566.6666666666665
 21
865.0
 31
0.0
  0
LINE
  5
224
330
20D
100
AcDbEntity
  8
Окна
100
AcDbLine
 10
566.6666666666665
 20
865.0
 30
0.0
 11
566.6666666666665
 21
1560.0
 31
0.0
  0
LINE
  5
225
330
20D
100
AcDbEntity
  8
Окна
100
AcDbLine
 10
566.6666666666665
 20
1560.0
 30
0.0
 11
646.6666666666665
 21
1560.0
 31
0.0
  0
LINE
  5
226
330
20D
100
AcDbEntity
  8
Окна
100
AcDbLine
 10
646.6666666666665
 20
1560.0
 30
0.0
 11
646.6666666666665
 21
865.0
 31
0.0
  0
LINE
  5
227
330
20D
100
AcDbEntity
  8
Окна
100
AcDbLine
 10
1118.3333333333333
 20
785.0
 30
0.0
 11
1068.3333333333333
 21
785.0
 31
0.0
  0
LINE
  5
228
330
20D
100
AcDbEntity
  8
Окна
100
AcDbLine
 10
631.6666666666665
 20
785.0
 30
0.0
 11
160.0
 21
785.0
 31
0.0
  0
LINE
  5
229
330
20D
100
AcDbEntity
  8
Окна
100
AcDbLine
 10
160.0
 20
785.0
 30
0.0
 11
160.0
 21
865.0
 31
0.0
  0
LINE
  5
22A
330
20D
100
AcDbEntity
  8
Окна
100
AcDbLine
 10
160.0
 20
865.0
 30
0.0
 11
1118.3333333333333
 21
865.0
 31
0.0
  0
LINE
  5
22B
330
20D
100
AcDbEntity
  8
Окна
100
AcDbLine
 10
1540.0
 20
850.0
 30
0.0
 11
1540.0
 21
800.0
 31
0.0
  0
LWPOLYLINE
  5
22C
330
20D
100
AcDbEntity
  8
Окна
100
AcDbPolyline
 90
4
 70
1
 10
1670.0
 20
30.0
 10
1600.0
 20
30.0
 10
1600.0
 20
1620.0
 10
1670.0
 20
1620.0
  0
LWPOLYLINE
  5
22D
330
20D
100
AcDbEntity
  8
Окна
100
AcDbPolyline
 90
4
 70
1
 10
100.0
 20
30.0
 10
30.0
 20
30.0
 10
30.0
 20
1620.0
 10
100.0
 20
1620.0
  0
LWPOLYLINE
  5
22E
330
20D
100
AcDbEntity
  8
Окна
100
AcDbPolyline
 90
4
 70
1
 10
1670.0
 20
1620.0
 10
30.0
 20
1620.0
 10
30.0
 20
1670.0
 10
1670.0
 20
1670.0
  0
LINE
  5
22F
330
20D
100
AcDbEntity
  8
Окна
100
AcDbLine
 10
1555.0
 20
75.0
 30
0.0
 11
1118.3333333333333
 21
75.0
 31
0.0
  0
LINE
  5
230
330
20D
100
AcDbEntity
  8
Окна
100
AcDbLine
 10
1118.3333333333333
 20
75.0
 30
0.0
 11
1118.3333333333333
 21
800.0
 31
0.0
  0
LINE
  5
231
330
20D
100
AcDbEntity
  8
Окна
100
AcDbLine
 10
1118.3333333333333
 20
800.0
 30
0.0
 11
1555.0
 21
800.0
 31
0.0
  0
LINE
  5
232
330
20D
100
AcDbEntity
  8
Окна
100
AcDbLine
 10
1555.0
 20
800.0
 30
0.0
 11
1555.0
 21
75.0
 31
0.0
  0
LINE
  5
233
330
20D
100
AcDbEntity
  8
Окна
100
AcDbLine
 10
1475.0
 20
155.0
 30
0.0
 11
1198.3333333333333
 21
155.0
 31
0.0
  0
LINE
  5
234
330
20D
100
AcDbEntity
  8
Окна
100
AcDbLine
 10
1198.3333333333333
 20
155.0
 30
0.0
 11
1198.3333333333333
 21
720.0
 31
0.0
  0
LINE
  5
235
330
20D
100
AcDbEntity
  8
Окна
100
AcDbLine
 10
1198.3333333333333
 20
720.0
 30
0.0
 11
1475.0
 21
720.0
 31
0.0
  0
LINE
  5
236
330
20D
100
AcDbEntity
  8
Окна
100
AcDbLine
 10
1475.0
 20
720.0
 30
0.0
 11
1475.0
 21
155.0
 31
0.0
  0
LINE
  5
237
330
20D
100
AcDbEntity
  8
Окна
100
AcDbLine
 10
1555.0
 20
75.0
 30
0.0
 11
1475.0
 21
155.0
 31
0.0
  0
LINE
  5
238
330
20D
100
AcDbEntity
  8
Окна
100
AcDbLine
 10
1118.3333333333333
 20
75.0
 30
0.0
 11
1198.3333333333333
 21
155.0
 31
0.0
  0
LINE
  5
239
330
20D
100
AcDbEntity
  8
Окна
100
AcDbLine
 10
1118.3333333333333
 20
800.0
 30
0.0
 11
1198.3333333333333
 21
720.0
 31
0.0
  0
LINE
  5
23A
330
20D
100
AcDbEntity
  8
Окна
100
AcDbLine
 10
1555.0
 20
800.0
 30
0.0
 11
1475.0
 21
720.0
 31
0.0
  0
LINE
  5
23B
330
20D
100
AcDbEntity
  8
Штриховые
  6
Continuous
100
AcDbLine
 10
1555.0
 20
75.0
 30
0.0
 11
1118.3333333333333
 21
437.5
 31
0.0
  0
LINE
  5
23C
330
20D
100
AcDbEntity
  8
Штриховые
  6
Continuous
100
AcDbLine
 10
1555.0
 20
800.0
 30
0.0
 11
1118.3333333333333
 21
437.5
 31
0.0
  0
LINE
  5
23D
330
20D
100
AcDbEntity
  8
Окна
100
AcDbLine
 10
1068.3333333333333
 20
75.0
 30
0.0
 11
631.6666666666665
 21
75.0
 31
0.0
  0
LINE
  5
23E
330
20D
100
AcDbEntity
  8
Окна
100
AcDbLine
 10
631.6666666666665
 20
75.0
 30
0.0
 11
631.6666666666665
 21
800.0
 31
0.0
  0
LINE
  5
23F
330
20D
100
AcDbEntity
  8
Окна
100
AcDbLine
 10
631.6666666666665
 20
800.0
 30
0.0
 11
1068.3333333333333
 21
800.0
 31
0.0
  0
LINE
  5
240
330
20D
100
AcDbEntity
  8
Окна
100
AcDbLine
 10
1068.3333333333333
 20
800.0
 30
0.0
 11
1068.3333333333333
 21
75.0
 31
0.0
  0
LINE
  5
241
330
20D
100
AcDbEntity
  8
Окна
100
AcDbLine
 10
988.3333333333333
 20
155.0
 30
0.0
 11
711.6666666666665
 21
155.0
 31
0.0
  0
LINE
  5
242
330
20D
100
AcDbEntity
  8
Окна
100
AcDbLine
 10
711.6666666666665
 20
155.0
 30
0.0
 11
711.6666666666665
 21
720.0
 31
0.0
  0
LINE
  5
243
330
20D
100
AcDbEntity
  8
Окна
100
AcDbLine
 10
711.6666666666665
 20
720.0
 30
0.0
 11
988.3333333333333
 21
720.0
 31
0.0
  0
LINE
  5
244
330
20D
100
AcDbEntity
  8
Окна
100
AcDbLine
 10
988.3333333333333
 20
720.0
 30
0.0
 11
988.3333333333333
 21
155.0
 31
0.0
  0
LINE
  5
245
330
20D
100
AcDbEntity
  8
Окна
100
AcDbLine
 10
1068.3333333333333
 20
75.0
 30
0.0
 11
988.3333333333333
 21
155.0
 31
0.0
  0
LINE
  5
246
330
20D
100
AcDbEntity
  8
Окна
100
AcDbLine
 10
631.6666666666665
 20
75.0
 30
0.0
 11
711.6666666666665
 21
155.0
 31
0.0
  0
LINE
  5
247
330
20D
100
AcDbEntity
  8
Окна
100
AcDbLine
 10
631.6666666666665
 20
800.0
 30
0.0
 11
711.6666666666665
 21
720.0
 31
0.0
  0
LINE
  5
248
330
20D
100
AcDbEntity
  8
Окна
100
AcDbLine
 10
1068.3333333333333
 20
800.0
 30
0.0
 11
988.3333333333333
 21
720.0
 31
0.0
  0
LINE
  5
249
330
20D
100
AcDbEntity
  8
Штриховые
  6
Continuous
100
AcDbLine
 10
1068.3333333333333
 20
75.0
 30
0.0
 11
631.6666666666665
 21
437.5
 31
0.0
  0
LINE
  5
24A
330
20D
100
AcDbEntity
  8
Штриховые
  6
Continuous
100
AcDbLine
 10
1068.3333333333333
 20
800.0
 30
0.0
 11
631.6666666666665
 21
437.5
 31
0.0
  0
LINE
  5
24B
330
20D
100
AcDbEntity
  8
Штриховые
  6
Continuous
100
AcDbLine
 10
1068.3333333333333
 20
75.0
 30
0.0
 11
849.9999999999999
 21
800.0
 31
0.0
  0
LINE
  5
24C
330
20D
100
AcDbEntity
  8
Штриховые
  6
Continuous
100
AcDbLine
 10
631.6666666666665
 20
75.0
 30
0.0
 11
849.9999999999999
 21
800.0
 31
0.0
  0
LINE
  5
24D
330
20D
100
AcDbEntity
  8
Окна
100
AcDbLine
 10
1555.0
 20
850.0
 30
0.0
 11
1118.3333333333333
 21
850.0
 31
0.0
  0
LINE
  5
24E
330
20D
100
AcDbEntity
  8
Окна
100
AcDbLine
 10
1118.3333333333333
 20
850.0
 30
0.0
 11
1118.3333333333333
 21
1575.0
 31
0.0
  0
LINE
  5
24F
330
20D
100
AcDbEntity
  8
Окна
100
AcDbLine
 10
1118.3333333333333
 20
1575.0
 30
0.0
 11
1555.0
 21
1575.0
 31
0.0
  0
LINE
  5
250
330
20D
100
AcDbEntity
  8
Окна
100
AcDbLine
 10
1555.0
 20
1575.0
 30
0.0
 11
1555.0
 21
850.0
 31
0.0
  0
LINE
  5
251
330
20D
100
AcDbEntity
  8
Окна
100
AcDbLine
 10
1475.0
 20
930.0
 30
0.0
 11
1198.3333333333333
 21
930.0
 31
0.0
  0
LINE
  5
252
330
20D
100
AcDbEntity
  8
Окна
100
AcDbLine
 10
1198.3333333333333
 20
930.0
 30
0.0
 11
1198.3333333333333
 21
1495.0
 31
0.0
  0
LINE
  5
253
330
20D
100
AcDbEntity
  8
Окна
100
AcDbLine
 10
1198.3333333333333
 20
1495.0
 30
0.0
 11
1475.0
 21
1495.0
 31
0.0
  0
LINE
  5
254
330
20D
100
AcDbEntity
  8
Окна
100
AcDbLine
 10
1475.0
 20
1495.0
 30
0.0
 11
1475.0
 21
930.0
 31
0.0
  0
LINE
  5
255
330
20D
100
AcDbEntity
  8
Окна
100
AcDbLine
 10
1555.0
 20
850.0
 30
0.0
 11
1475.0
 21
930.0
 31
0.0
  0
LINE
  5
256
330
20D
100
AcDbEntity
  8
Окна
100
AcDbLine
 10
1118.3333333333333
 20
850.0
 30
0.0
 11
1198.3333333333333
 21
930.0
 31
0.0
  0
LINE
  5
257
330
20D
100
AcDbEntity
  8
Окна
100
AcDbLine
 10
1118.3333333333333
 20
1575.0
 30
0.0
 11
1198.3333333333333
 21
1495.0
 31
0.0
  0
LINE
  5
258
330
20D
100
AcDbEntity
  8
Окна
100
AcDbLine
 10
1555.0
 20
1575.0
 30
0.0
 11
1475.0
 21
1495.0
 31
0.0
  0
LINE
  5
259
330
20D
100
AcDbEntity
  8
Штриховые
  6
Continuous
100
AcDbLine
 10
1555.0
 20
850.0
 30
0.0
 11
1336.6666666666665
 21
1575.0
 31
0.0
  0
LINE
  5
25A
330
20D
100
AcDbEntity
  8
Штриховые
  6
Continuous
100
AcDbLine
 10
1118.3333333333333
 20
850.0
 30
0.0
 11
1336.6666666666665
 21
1575.0
 31
0.0
  0
LINE
  5
25B
330
20D
100
AcDbEntity
  8
Окна
100
AcDbLine
 10
160.0
 20
90.0
 30
0.0
 11
631.6666666666665
 21
90.0
 31
0.0
  0
LINE
  5
25C
330
20D
100
AcDbEntity
  8
Окна
100
AcDbLine
 10
1068.3333333333333
 20
90.0
 30
0.0
 11
1118.3333333333333
 21
90.0
 31
0.0
  0
LINE
  5
25D
330
20D
100
AcDbEntity
  8
Окна
100
AcDbLine
 10
1118.3333333333333
 20
120.0
 30
0.0
 11
1068.3333333333333
 21
120.0
 31
0.0
  0
LINE
  5
25E
330
20D
100
AcDbEntity
  8
Окна
100
AcDbLine
 10
631.6666666666665
 20
120.0
 30
0.0
 11
160.0
 21
120.0
 31
0.0
  0
LINE
  5
25F
330
20D
100
AcDbEntity
  8
Окна
100
AcDbLine
 10
160.0
 20
120.0
 30
0.0
 11
160.0
 21
90.0
 31
0.0
  0
LINE
  5
260
330
20D
100
AcDbEntity
  8
Окна
100
AcDbLine
 10
160.0
 20
1530.0
 30
0.0
 11
1118.3333333333333
 21
1530.0
 31
0.0
  0
LINE
  5
261
330
20D
100
AcDbEntity
  8
Окна
100
AcDbLine
 10
1118.3333333333333
 20
1560.0
 30
0.0
 11
160.0
 21
1560.0
 31
0.0
  0
LINE
  5
262
330
20D
100
AcDbEntity
  8
Окна
100
AcDbLine
 10
160.0
 20
1560.0
 30
0.0
 11
160.0
 21
1530.0
 31
0.0
  0
LINE
  5
263
330
20D
100
AcDbEntity
  8
Окна
100
AcDbLine
 10
160.0
 20
120.0
 30
0.0
 11
190.0
 21
120.0
 31
0.0
  0
LINE
  5
264
330
20D
100
AcDbEntity
  8
Окна
100
AcDbLine
 10
190.0
 20
120.0
 30
0.0
 11
190.0
 21
1530.0
 31
0.0
  0
LINE
  5
265
330
20D
100
AcDbEntity
  8
Окна
100
AcDbLine
 10
190.0
 20
1530.0
 30
0.0
 11
160.0
 21
1530.0
 31
0.0
  0
LINE
  5
266
330
20D
100
AcDbEntity
  8
Окна
100
AcDbLine
 10
160.0
 20
1530.0
 30
0.0
 11
160.0
 21
120.0
 31
0.0
  0
LINE
  5
267
330
20D
100
AcDbEntity
  8
Окна
100
AcDbLine
 10
1540.0
 20
800.0
 30
0.0
 11
1540.0
 21
850.0
 31
0.0
  0
LINE
  5
268
330
20D
100
AcDbEntity
  8
Окна
100
AcDbLine
 10
1510.0
 20
850.0
 30
0.0
 11
1510.0
 21
800.0
 31
0.0
  0
LINE
  5
269
330
20D
100
AcDbEntity
  8
Окна
100
AcDbLine
 10
1068.3333333333333
 20
90.0
 30
0.0
 11
1083.3333333333333
 21
90.0
 31
0.0
  0
LINE
  5
26A
330
20D
100
AcDbEntity
  8
Окна
100
AcDbLine
 10
1083.3333333333333
 20
90.0
 30
0.0
 11
1083.3333333333333
 21
785.0
 31
0.0
  0
LINE
  5
26B
330
20D
100
AcDbEntity
  8
Окна
100
AcDbLine
 10
1083.3333333333333
 20
785.0
 30
0.0
 11
1068.3333333333333
 21
785.0
 31
0.0
  0
LINE
  5
26C
330
20D
100
AcDbEntity
  8
Окна
100
AcDbLine
 10
1103.3333333333333
 20
90.0
 30
0.0
 11
1118.3333333333333
 21
90.0
 31
0.0
  0
LINE
  5
26D
330
20D
100
AcDbEntity
  8
Окна
100
AcDbLine
 10
1118.3333333333333
 20
785.0
 30
0.0
 11
1103.3333333333333
 21
785.0
 31
0.0
  0
LINE
  5
26E
330
20D
100
AcDbEntity
  8
Окна
100
AcDbLine
 10
1103.3333333333333
 20
785.0
 30
0.0
 11
1103.3333333333333
 21
90.0
 31
0.0
  0
LINE
  5
26F
330
20D
100
AcDbEntity
  8
Окна
100
AcDbLine
 10
1053.3333333333333
 20
865.0
 30
0.0
 11
1083.3333333333333
 21
865.0
 31
0.0
  0
LINE
  5
270
330
20D
100
AcDbEntity
  8
Окна
100
AcDbLine
 10
1083.3333333333333
 20
865.0
 30
0.0
 11
1083.3333333333333
 21
1560.0
 31
0.0
  0
LINE
  5
271
330
20D
100
AcDbEntity
  8
Окна
100
AcDbLine
 10
1083.3333333333333
 20
1560.0
 30
0.0
 11
1053.3333333333333
 21
1560.0
 31
0.0
  0
LINE
  5
272
330
20D
100
AcDbEntity
  8
Окна
100
AcDbLine
 10
1053.3333333333333
 20
1560.0
 30
0.0
 11
1053.3333333333333
 21
865.0
 31
0.0
  0
LINE
  5
273
330
20D
100
AcDbEntity
  8
Окна
100
AcDbLine
 10
1103.3333333333333
 20
865.0
 30
0.0
 11
1118.3333333333333
 21
865.0
 31
0.0
  0
LINE
  5
274
330
20D
100
AcDbEntity
  8
Окна
100
AcDbLine
 10
1118.3333333333333
 20
1560.0
 30
0.0
 11
1103.3333333333333
 21
1560.0
 31
0.0
  0
LINE
  5
275
330
20D
100
AcDbEntity
  8
Окна
100
AcDbLine
 10
1103.3333333333333
 20
1560.0
 30
0.0
 11
1103.3333333333333
 21
865.0
 31
0.0
  0
LINE
  5
276
330
20D
100
AcDbEntity
  8
Окна
100
AcDbLine
 10
566.6666666666665
 20
90.0
 30
0.0
 11
596.6666666666665
 21
90.0
 31
0.0
  0
LINE
  5
277
330
20D
100
AcDbEntity
  8
Окна
100
AcDbLine
 10
596.6666666666665
 20
90.0
 30
0.0
 11
596.6666666666665
 21
785.0
 31
0.0
  0
LINE
  5
278
330
20D
100
AcDbEntity
  8
Окна
100
AcDbLine
 10
596.6666666666665
 20
785.0
 30
0.0
 11
566.6666666666665
 21
785.0
 31
0.0
  0
LINE
  5
279
330
20D
100
AcDbEntity
  8
Окна
100
AcDbLine
 10
566.6666666666665
 20
785.0
 30
0.0
 11
566.6666666666665
 21
90.0
 31
0.0
  0
LINE
  5
27A
330
20D
100
AcDbEntity
  8
Окна
100
AcDbLine
 10
616.6666666666665
 20
90.0
 30
0.0
 11
631.6666666666665
 21
90.0
 31
0.0
  0
LINE
  5
27B
330
20D
100
AcDbEntity
  8
Окна
100
AcDbLine
 10
631.6666666666665
 20
785.0
 30
0.0
 11
616.6666666666665
 21
785.0
 31
0.0
  0
LINE
  5
27C
330
20D
100
AcDbEntity
  8
Окна
100
AcDbLine
 10
616.6666666666665
 20
785.0
 30
0.0
 11
616.6666666666665
 21
90.0
 31
0.0
  0
LINE
  5
27D
330
20D
100
AcDbEntity
  8
Окна
100
AcDbLine
 10
566.6666666666665
 20
865.0
 30
0.0
 11
596.6666666666665
 21
865.0
 31
0.0
  0
LINE
  5
27E
330
20D
100
AcDbEntity
  8
Окна
100
AcDbLine
 10
596.6666666666665
 20
865.0
 30
0.0
 11
596.6666666666665
 21
1560.0
 31
0.0
  0
LINE
  5
27F
330
20D
100
AcDbEntity
  8
Окна
100
AcDbLine
 10
596.6666666666665
 20
1560.0
 30
0.0
 11
566.6666666666665
 21
1560.0
 31
0.0
  0
LINE
  5
280
330
20D
100
AcDbEntity
  8
Окна
100
AcDbLine
 10
566.6666666666665
 20
1560.0
 30
0.0
 11
566.6666666666665
 21
865.0
 31
0.0
  0
LINE
  5
281
330
20D
100
AcDbEntity
  8
Окна
100
AcDbLine
 10
616.6666666666665
 20
865.0
 30
0.0
 11
646.6666666666665
 21
865.0
 31
0.0
  0
LINE
  5
282
330
20D
100
AcDbEntity
  8
Окна
100
AcDbLine
 10
646.6666666666665
 20
865.0
 30
0.0
 11
646.6666666666665
 21
1560.0
 31
0.0
  0
LINE
  5
283
330
20D
100
AcDbEntity
  8
Окна
100
AcDbLine
 10
646.6666666666665
 20
1560.0
 30
0.0
 11
616.6666666666665
 21
1560.0
 31
0.0
  0
LINE
  5
284
330
20D
100
AcDbEntity
  8
Окна
100
AcDbLine
 10
616.6666666666665
 20
1560.0
 30
0.0
 11
616.6666666666665
 21
865.0
 31
0.0
  0
LINE
  5
285
330
20D
100
AcDbEntity
  8
Окна
100
AcDbLine
 10
160.0
 20
785.0
 30
0.0
 11
631.6666666666665
 21
785.0
 31
0.0
  0
LINE
  5
286
330
20D
100
AcDbEntity
  8
Окна
100
AcDbLine
 10
1068.3333333333333
 20
785.0
 30
0.0
 11
1118.3333333333333
 21
785.0
 31
0.0
  0
LINE
  5
287
330
20D
100
AcDbEntity
  8
Окна
100
AcDbLine
 10
1540.0
 20
800.0
 30
0.0
 11
1540.0
 21
815.0
 31
0.0
  0
LINE
  5
288
330
20D
100
AcDbEntity
  8
Окна
100
AcDbLine
 10
1540.0
 20
815.0
 30
0.0
 11
160.0
 21
815.0
 31
0.0
  0
LINE
  5
289
330
20D
100
AcDbEntity
  8
Окна
100
AcDbLine
 10
160.0
 20
815.0
 30
0.0
 11
160.0
 21
785.0
 31
0.0
  0
LINE
  5
28A
330
20D
100
AcDbEntity
  8
Окна
100
AcDbLine
 10
160.0
 20
835.0
 30
0.0
 11
1540.0
 21
835.0
 31
0.0
  0
LINE
  5
28B
330
20D
100
AcDbEntity
  8
Окна
100
AcDbLine
 10
1540.0
 20
835.0
 30
0.0
 11
1540.0
 21
850.0
 31
0.0
  0
LINE
  5
28C
330
20D
100
AcDbEntity
  8
Окна
100
AcDbLine
 10
1118.3333333333333
 20
865.0
 30
0.0
 11
160.0
 21
865.0
 31
0.0
  0
LINE
  5
28D
330
20D
100
AcDbEntity
  8
Окна
100
AcDbLine
 10
160.0
 20
865.0
 30
0.0
 11
160.0
 21
835.0
 31
0.0
  0
ATTDEF
  5
28E
330
20D
100
AcDbEntity
  8
Текст
100
AcDbText
 10
0.0
 20
2010.0
 30
0.0
 40
30.0
  1
Пример 06
  7
Основной стиль (для надписей)
100
AcDbAttributeDefinition
  3
Объект
  2
OBJECT
 70
0
  0
ATTDEF
  5
28F
330
20D
100
AcDbEntity
  8
Текст
100
AcDbText
 10
0.0
 20
1960.0
 30
0.0
 40
30.0
  1
ОК-3.2Д/1 шт.
  7
Основной стиль (для надписей)
100
AcDbAttributeDefinition
  3
Окно / кол-во
  2
WINDOW
 70
0
  0
ATTDEF
  5
290
330
20D
100
AcDbEntity
  8
Текст
100
AcDbText
 10
0.0
 20
1910.0
 30
0.0
 40
30.0
  1
RAL8017/RAL9016
  7
Основной стиль (для надписей)
100
AcDbAttributeDefinition
  3
Цвет
  2
COLOR
 70
0
  0
ATTDEF
  5
291
330
20D
100
AcDbEntity
  8
Текст
100
AcDbText
 10
0.0
 20
1860.0
 30
0.0
 40
30.0
  1
Заполнение СПД42
  7
Основной стиль (для надписей)
100
AcDbAttributeDefinition
  3
Заполнение
  2
GLAZING
 70
0
  0
ATTDEF
  5
292
330
20D
100
AcDbEntity
  8
Текст
100
AcDbText
 10
0.0
 20
1810.0
 30
0.0
 40
30.0
  1
1700х1700
  7
Основной стиль (для надписей)
100
AcDbAttributeDefinition
  3
Габарит
  2
SIZE
 70
0
  0
ATTDEF
  5
293
330
20D
100
AcDbEntity
  8
Текст
100
AcDbText
 10
0.0
 20
1760.0
 30
0.0
 40
30.0
  1
3х2
  7
Основной стиль (для надписей)
100
AcDbAttributeDefinition
  3
Сетка
  2
GRID
 70
0
  0
TEXT
  5
294
330
20D
100
AcDbEntity
  8
Текст
100
AcDbText
 10
1700.0
 20
1760.0
 30
0.0
 40
30.0
  1
S=2.89 м²
  7
Основной стиль (для надписей)
 72
2
 11
1700.0
 21
1760.0
 31
0.0
100
AcDbText
 73
3
  0
DIMENSION
  5
295
330
20D
100
AcDbEntity
  8
Размеры
100
AcDbDimension
280
0
  3
Основной стиль
 10
100.0
 20
-80.0
 30
0.0
 11
353.33333333333326
 21
-52.0
 31
0.0
 70
32
 71
5
  1
<>
100
AcDbAlignedDimension
 13
100.0
 23
30.0
 33
0.0
 14
606.6666666666665
 24
30.0
 34
0.0
 50
0.0
100
AcDbRotatedDimension
  0
DIMENSION
  5
296
330
20D
100
AcDbEntity
  8
Размеры
100
AcDbDimension
280
0
  3
Основной стиль
 10
606.6666666666665
 20
-80.0
 30
0.0
 11
849.9999999999999
 21
-52.0
 31
0.0
 70
32
 71
5
  1
<>
100
AcDbAlignedDimension
 13
606.6666666666665
 23
30.0
 33
0.0
 14
1093.3333333333333
 24
30.0
 34
0.0
 50
0.0
100
AcDbRotatedDimension
  0
DIMENSION
  5
297
330
20D
100
AcDbEntity
  8
Размеры
100
AcDbDimension
280
0
  3
Основной стиль
 10
1093.3333333333333
 20
-80.0
 30
0.0
 11
1346.6666666666665
 21
-52.0
 31
0.0
 70
32
 71
5
  1
<>
100
AcDbAlignedDimension
 13
1093.3333333333333
 23
30.0
 33
0.0
 14
1600.0
 24
30.0
 34
0.0
 50
0.0
100
AcDbRotatedDimension
  0
DIMENSION
  5
298
330
20D
100
AcDbEntity
  8
Размеры
100
AcDbDimension
280
0
  3
Основной стиль с точками
 10
30.0
 20
-160.0
 30
0.0
 11
850.0
 21
-132.0
 31
0.0
 70
32
 71
5
  1
<>
100
AcDbAlignedDimension
 13
30.0
 23
30.0
 33
0.0
 14
1670.0
 24
30.0
 34
0.0
 50
0.0
100
AcDbRotatedDimension
  0
DIMENSION
  5
299
330
20D
100
AcDbEntity
  8
Размеры
100
AcDbDimension
280
0
  3
Основной стиль
 10
0.0
 20
-240.0
 30
0.0
 11
850.0
 21
-212.0
 31
0.0
 70
32
 71
5
  1
<>
100
AcDbAlignedDimension
 13
0.0
 23
0.0
 33
0.0
 14
1700.0
 24
0.0
 34
0.0
 50
0.0
100
AcDbRotatedDimension
  0
DIMENSION
  5
29A
330
20D
100
AcDbEntity
  8
Размеры
100
AcDbDimension
280
0
  3
Основной стиль
 10
30.0
 20
-80.0
 30
0.0
 11
65.0
 21
-52.0
 31
0.0
 70
32
 71
5
  1
<>
100
AcDbAlignedDimension
 13
30.0
 23
30.0
 33
0.0
 14
100.0
 24
30.0
 34
0.0
 50
0.0
100
AcDbRotatedDimension
  0
DIMENSION
  5
29B
330
20D
100
AcDbEntity
  8
Размеры
100
AcDbDimension
280
0
  3
Основной стиль
 10
1600.0
 20
-80.0
 30
0.0
 11
1635.0
 21
-52.0
 31
0.0
 70
32
 71
5
  1
<>
100
AcDbAlignedDimension
 13
1600.0
 23
30.0
 33
0.0
 14
1670.0
 24
30.0
 34
0.0
 50
0.0
100
AcDbRotatedDimension
  0
DIMENSION
  5
29C
330
20D
100
AcDbEntity
  8
Размеры
100
AcDbDimension
280
0
  3
Основной стиль
 10
0.0
 20
-160.0
 30
0.0
 11
15.0
 21
-120.0
 31
0.0
 70
32
 71
5
  1
<>
100
AcDbAlignedDimension
 13
0.0
 23
0.0
 33
0.0
 14
30.0
 24
0.0
 34
0.0
 50
0.0
100
AcDbRotatedDimension
  0
DIMENSION
  5
29D
330
20D
100
AcDbEntity
  8
Размеры
100
AcDbDimension
280
0
  3
Основной стиль
 10
1670.0
 20
-160.0
 30
0.0
 11
1685.0
 21
-120.0
 31
0.0
 70
32
 71
5
  1
<>
100
AcDbAlignedDimension
 13
1670.0
 23
0.0
 33
0.0
 14
1700.0
 24
0.0
 34
0.0
 50
0.0
100
AcDbRotatedDimension
  0
DIMENSION
  5
29E
330
20D
100
AcDbEntity
  8
Размеры
100
AcDbDimension
280
0
  3
Основной стиль
 10
1780.0
 20
30.0
 30
0.0
 11
1752.0
 21
427.5
 31
0.0
 70
32
 71
5
  1
<>
100
AcDbAlignedDimension
 13
1670.0
 23
30.0
 33
0.0
 14
1670.0
 24
825.0
 34
0.0
 50
90.0
100
AcDbRotatedDimension
  0
DIMENSION
  5
29F
330
20D
100
AcDbEntity
  8
Размеры
100
AcDbDimension
280
0
  3
Основной стиль
 10
1780.0
 20
825.0
 30
0.0
 11
1752.0
 21
1222.5
 31
0.0
 70
32
 71
5
  1
<>
100
AcDbAlignedDimension
 13
1670.0
 23
825.0
 33
0.0
 14
1670.0
 24
1620.0
 34
0.0
 50
90.0
100
AcDbRotatedDimension
  0
DIMENSION
  5
2A0
330
20D
100
AcDbEntity
  8
Размеры
100
AcDbDimension
280
0
  3
Основной стиль с точками
 10
1860.0
 20
30.0
 30
0.0
 11
1832.0
 21
825.0
 31
0.0
 70
32
 71
5
  1
<>
100
AcDbAlignedDimension
 13
1670.0
 23
30.0
 33
0.0
 14
1670.0
 24
1620.0
 34
0.0
 50
90.0
100
AcDbRotatedDimension
  0
DIMENSION
  5
2A1
330
20D
100
AcDbEntity
  8
Размеры
100
AcDbDimension
280
0
  3
Основной стиль с точками
 10
1860.0
 20
1620.0
 30
0.0
 11
1832.0
 21
1645.0
 31
0.0
 70
32
 71
5
  1
<>
100
AcDbAlignedDimension
 13
1670.0
 23
1620.0
 33
0.0
 14
1670.0
 24
1670.0
 34
0.0
 50
90.0
100
AcDbRotatedDimension
  0
DIMENSION
  5
2A2
330
20D
100
AcDbEntity
  8
Размеры
100
AcDbDimension
280
0
  3
Основной стиль
 10
1940.0
 20
0.0
 30
0.0
 11
1912.0
 21
850.0
 31
0.0
 70
32
 71
5
  1
<>
100
AcDbAlignedDimension
 13
1700.0
 23
0.0
 33
0.0
 14
1700.0
 24
1700.0
 34
0.0
 50
90.0
100
AcDbRotatedDimension
  0
DIMENSION
  5
2A3
330
20D
100
AcDbEntity
  8
Размеры
100
AcDbDimension
280
0
  3
Основной стиль
 10
1860.0
 20
0.0
 30
0.0
 11
1820.0
 21
15.0
 31
0.0
 70
32
 71
5
  1
<>
100
AcDbAlignedDimension
 13
1700.0
 23
0.0
 33
0.0
 14
1700.0
 24
30.0
 34
0.0
 50
90.0
100
AcDbRotatedDimension
  0
DIMENSION
  5
2A4
330
20D
100
AcDbEntity
  8
Размеры
100
AcDbDimension
280
0
  3
Основной стиль
 10
1860.0
 20
1670.0
 30
0.0
 11
1820.0
 21
1685.0
 31
0.0
 70
32
 71
5
  1
<>
100
AcDbAlignedDimension
 13
1700.0
 23
1670.0
 33
0.0
 14
1700.0
 24
1700.0
 34
0.0
 50
90.0
100
AcDbRotatedDimension
  0
ENDBLK
  5
20F
330
20D
100
AcDbEntity
  8
0
100
AcDbBlockEnd
  0
BLOCK
  5
2A6
330
2A5
100
AcDbEntity
  8
0
100
AcDbBlockBegin
  2
Пример 07 ОК-3.3 2100х2100 3x3 Снаружи #07
 70
2
 10
0.0
 20
0.0
 30
0.0
  3
Пример 07 ОК-3.3 2100х2100 3x3 Снаружи #07
  1

  0
LWPOLYLINE
  5
2A8
330
2A5
100
AcDbEntity
  8
Штриховые
100
AcDbPolyline
 90
4
 70
1
 10
0.0
 20
0.0
 10
2100.0
 20
0.0
 10
2100.0
 20
2100.0
 10
0.0
 20
2100.0
  0
LWPOLYLINE
  5
2A9
330
2A5
100
AcDbEntity
  8
Окна
100
AcDbPolyline
 90
4
 70
1
 10
60.0
 20
60.0
 10
2040.0
 20
60.0
 10
2040.0
 20
2040.0
 10
60.0
 20
2040.0
  0
LWPOLYLINE
  5
2AA
330
2A5
100
AcDbEntity
  8
Окна
100
AcDbPolyline
 90
4
 70
1
 10
120.0
 20
120.0
 10
1980.0
 20
120.0
 10
1980.0
 20
1980.0
 10
120.0
 20
1980.0
  0
LINE
  5
2AB
330
2A5
100
AcDbEntity
  8
Окна
100
AcDbLine
 10
60.0
 20
60.0
 30
0.0
 11
120.0
 21
120.0
 31
0.0
  0
LINE
  5
2AC
330
2A5
100
AcDbEntity
  8
Окна
100
AcDbLine
 10
2040.0
 20
60.0
 30
0.0
 11
1980.0
 21
120.0
 31
0.0
  0
LINE
  5
2AD
330
2A5
100
AcDbEntity
  8
Окна
100
AcDbLine
 10
2040.0
 20
2040.0
 30
0.0
 11
1980.0
 21
1980.0
 31
0.0
  0
LINE
  5
2AE
330
2A5
100
AcDbEntity
  8
Окна
100
AcDbLine
 10
60.0
 20
2040.0
 30
0.0
 11
120.0
 21
1980.0
 31
0.0
  0
LWPOLYLINE
  5
2AF
330
2A5
100
AcDbEntity
  8
Окна
100
AcDbPolyline
 90
4
 70
1
 10
686.6666666666666
 20
120.0
 10
766.6666666666666
 20
120.0
 10
766.6666666666666
 20
1980.0
 10
686.6666666666666
 20
1980.0
  0
LWPOLYLINE
  5
2B0
330
2A5
100
AcDbEntity
  8
Окна
100
AcDbPolyline
 90
4
 70
1
 10
1333.3333333333333
 20
120.0
 10
1413.3333333333333
 20
120.0
 10
1413.3333333333333
 20
1980.0
 10
1333.3333333333333
 20
1980.0
  0
LWPOLYLINE
  5
2B1
330
2A5
100
AcDbEntity
  8
Окна
100
AcDbPolyline
 90
4
 70
1
 10
120.0
 20
686.6666666666666
 10
686.6666666666666
 20
686.6666666666666
 10
686.6666666666666
 20
766.6666666666666
 10
120.0
 20
766.6666666666666
  0
LWPOLYLINE
  5
2B2
330
2A5
100
AcDbEntity
  8
Окна
100
AcDbPolyline
 90
4
 70
1
 10
766.6666666666666
 20
686.6666666666666
 10
1333.3333333333333
 20
686.6666666666666
 10
1333.3333333333333
 20
766.6666666666666
 10
766.6666666666666
 20
766.6666666666666
  0
LWPOLYLINE
  5
2B3
330
2A5
100
AcDbEntity
  8
Окна
100
AcDbPolyline
 90
4
 70
1
 10
1413.3333333333333
 20
686.6666666666666
 10
1980.0
 20
686.6666666666666
 10
1980.0
 20
766.6666666666666
 10
1413.3333333333333
 20
766.6666666666666
  0
LWPOLYLINE
  5
2B4
330
2A5
100
AcDbEntity
  8
Окна
100
AcDbPolyline
 90
4
 70
1
 10
120.0
 20
1333.3333333333333
 10
686.6666666666666
 20
1333.3333333333333
 10
686.6666666666666
 20
1413.3333333333333
 10
120.0
 20
1413.3333333333333
  0
LWPOLYLINE
  5
2B5
330
2A5
100
AcDbEntity
  8
Окна
100
AcDbPolyline
 90
4
 70
1
 10
766.6666666666666
 20
1333.3333333333333
 10
1333.3333333333333
 20
1333.3333333333333
 10
1333.3333333333333
 20
1413.3333333333333
 10
766.6666666666666
 20
1413.3333333333333
  0
LWPOLYLINE
  5
2B6
330
2A5
100
AcDbEntity
  8
Окна
100
AcDbPolyline
 90
4
 70
1
 10
1413.3333333333333
 20
1333.3333333333333
 10
1980.0
 20
1333.3333333333333
 10
1980.0
 20
1413.3333333333333
 10
1413.3333333333333
 20
1413.3333333333333
  0
LWPOLYLINE
  5
2B7
330
2A5
100
AcDbEntity
  8
Окна
100
AcDbPolyline
 90
4
 70
1
 10
30.0
 20
30.0
 10
2070.0
 20
30.0
 10
2070.0
 20
60.0
 10
30.0
 20
60.0
  0
LWPOLYLINE
  5
2B8
330
2A5
100
AcDbEntity
  8
Окна
100
AcDbPolyline
 90
4
 70
1
 10
30.0
 20
60.0
 10
60.0
 20
60.0
 10
60.0
 20
2040.0
 10
30.0
 20
2040.0
  0
LWPOLYLINE
  5
2B9
330
2A5
100
AcDbEntity
  8
Окна
100
AcDbPolyline
 90
4
 70
1
 10
2040.0
 20
60.0
 10
2070.0
 20
60.0
 10
2070.0
 20
2040.0
 10
2040.0
 20
2040.0
  0
LWPOLYLINE
  5
2BA
330
2A5
100
AcDbEntity
  8
Окна
100
AcDbPolyline
 90
4
 70
1
 10
30.0
 20
2040.0
 10
2070.0
 20
2040.0
 10
2070.0
 20
2070.0
 10
30.0
 20
2070.0
  0
LINE
  5
2BB
330
2A5
100
AcDbEntity
  8
Окна
100
AcDbLine
 10
185.0
 20
185.0
 30
0.0
 11
621.6666666666666
 21
185.0
 31
0.0
  0
LINE
  5
2BC
330
2A5
100
AcDbEntity
  8
Окна
100
AcDbLine
 10
621.6666666666666
 20
185.0
 30
0.0
 11
621.6666666666666
 21
621.6666666666666
 31
0.0
  0
LINE
  5
2BD
330
2A5
100
AcDbEntity
  8
Окна
100
AcDbLine
 10
621.6666666666666
 20
621.6666666666666
 30
0.0
 11
185.0
 21
621.6666666666666
 31
0.0
  0
LINE
  5
2BE
330
2A5
100
AcDbEntity
  8
Окна
100
AcDbLine
 10
185.0
 20
621.6666666666666
 30
0.0
 11
185.0
 21
185.0
 31
0.0
  0
LINE
  5
2BF
330
2A5
100
AcDbEntity
  8
Окна
100
AcDbLine
 10
120.0
 20
120.0
 30
0.0
 11
185.0
 21
185.0
 31
0.0
  0
LINE
  5
2C0
330
2A5
100
AcDbEntity
  8
Окна
100
AcDbLine
 10
686.6666666666666
 20
120.0
 30
0.0
 11
621.6666666666666
 21
185.0
 31
0.0
  0
LINE
  5
2C1
330
2A5
100
AcDbEntity
  8
Окна
100
AcDbLine
 10
686.6666666666666
 20
686.6666666666666
 30
0.0
 11
621.6666666666666
 21
621.6666666666666
 31
0.0
  0
LINE
  5
2C2
330
2A5
100
AcDbEntity
  8
Окна
100
AcDbLine
 10
120.0
 20
686.6666666666666
 30
0.0
 11
185.0
 21
621.6666666666666
 31
0.0
  0
LINE
  5
2C3
330
2A5
100
AcDbEntity
  8
Штриховые
  6
ByLayer
100
AcDbLine
 10
120.0
 20
120.0
 30
0.0
 11
686.6666666666666
 21
403.3333333333333
 31
0.0
  0
LINE
  5
2C4
330
2A5
100
AcDbEntity
  8
Штриховые
  6
ByLayer
100
AcDbLine
 10
120.0
 20
686.6666666666666
 30
0.0
 11
686.6666666666666
 21
403.3333333333333
 31
0.0
  0
LINE
  5
2C5
330
2A5
100
AcDbEntity
  8
Окна
100
AcDbLine
 10
1478.3333333333333
 20
185.0
 30
0.0
 11
1915.0
 21
185.0
 31
0.0
  0
LINE
  5
2C6
330
2A5
100
AcDbEntity
  8
Окна
100
AcDbLine
 10
1915.0
 20
185.0
 30
0.0
 11
1915.0
 21
621.6666666666666
 31
0.0
  0
LINE
  5
2C7
330
2A5
100
AcDbEntity
  8
Окна
100
AcDbLine
 10
1915.0
 20
621.6666666666666
 30
0.0
 11
1478.3333333333333
 21
621.6666666666666
 31
0.0
  0
LINE
  5
2C8
330
2A5
100
AcDbEntity
  8
Окна
100
AcDbLine
 10
1478.3333333333333
 20
621.6666666666666
 30
0.0
 11
1478.3333333333333
 21
185.0
 31
0.0
  0
LINE
  5
2C9
330
2A5
100
AcDbEntity
  8
Окна
100
AcDbLine
 10
1413.3333333333333
 20
120.0
 30
0.0
 11
1478.3333333333333
 21
185.0
 31
0.0
  0
LINE
  5
2CA
330
2A5
100
AcDbEntity
  8
Окна
100
AcDbLine
 10
1980.0
 20
120.0
 30
0.0
 11
1915.0
 21
185.0
 31
0.0
  0
LINE
  5
2CB
330
2A5
100
AcDbEntity
  8
Окна
100
AcDbLine
 10
1980.0
 20
686.6666666666666
 30
0.0
 11
1915.0
 21
621.6666666666666
 31
0.0
  0
LINE
  5
2CC
330
2A5
100
AcDbEntity
  8
Окна
100
AcDbLine
 10
1413.3333333333333
 20
686.6666666666666
 30
0.0
 11
1478.3333333333333
 21
621.6666666666666
 31
0.0
  0
LINE
  5
2CD
330
2A5
100
AcDbEntity
  8
Штриховые
  6
ByLayer
100
AcDbLine
 10
1413.3333333333333
 20
120.0
 30
0.0
 11
1980.0
 21
403.3333333333333
 31
0.0
  0
LINE
  5
2CE
330
2A5
100
AcDbEntity
  8
Штриховые
  6
ByLayer
100
AcDbLine
 10
1413.3333333333333
 20
686.6666666666666
 30
0.0
 11
1980.0
 21
403.3333333333333
 31
0.0
  0
LINE
  5
2CF
330
2A5
100
AcDbEntity
  8
Штриховые
  6
ByLayer
100
AcDbLine
 10
1413.3333333333333
 20
120.0
 30
0.0
 11
1696.6666666666665
 21
686.6666666666666
 31
0.0
  0
LINE
  5
2D0
330
2A5
100
AcDbEntity
  8
Штриховые
  6
ByLayer
100
AcDbLine
 10
1980.0
 20
120.0
 30
0.0
 11
1696.6666666666665
 21
686.6666666666666
 31
0.0
  0
LINE
  5
2D1
330
2A5
100
AcDbEntity
  8
Окна
100
AcDbLine
 10
831.6666666666666
 20
831.6666666666666
 30
0.0
 11
1268.3333333333333
 21
831.6666666666666
 31
0.0
  0
LINE
  5
2D2
330
2A5
100
AcDbEntity
  8
Окна
100
AcDbLine
 10
1268.3333333333333
 20
831.6666666666666
 30
0.0
 11
1268.3333333333333
 21
1268.3333333333333
 31
0.0
  0
LINE
  5
2D3
330
2A5
100
AcDbEntity
  8
Окна
100
AcDbLine
 10
1268.3333333333333
 20
1268.3333333333333
 30
0.0
 11
831.6666666666666
 21
1268.3333333333333
 31
0.0
  0
LINE
  5
2D4
330
2A5
100
AcDbEntity
  8
Окна
100
AcDbLine
 10
831.6666666666666
 20
1268.3333333333333
 30
0.0
 11
831.6666666666666
 21
831.6666666666666
 31
0.0
  0
LINE
  5
2D5
330
2A5
100
AcDbEntity
  8
Окна
100
AcDbLine
 10
766.6666666666666
 20
766.6666666666666
 30
0.0
 11
831.6666666666666
 21
831.6666666666666
 31
0.0
  0
LINE
  5
2D6
330
2A5
100
AcDbEntity
  8
Окна
100
AcDbLine
 10
1333.3333333333333
 20
766.6666666666666
 30
0.0
 11
1268.3333333333333
 21
831.6666666666666
 31
0.0
  0
LINE
  5
2D7
330
2A5
100
AcDbEntity
  8
Окна
100
AcDbLine
 10
1333.3333333333333
 20
1333.3333333333333
 30
0.0
 11
1268.3333333333333
 21
1268.3333333333333
 31
0.0
  0
LINE
  5
2D8
330
2A5
100
AcDbEntity
  8
Окна
100
AcDbLine
 10
766.6666666666666
 20
1333.3333333333333
 30
0.0
 11
831.6666666666666
 21
1268.3333333333333
 31
0.0
  0
LINE
  5
2D9
330
2A5
100
AcDbEntity
  8
Штриховые
  6
ByLayer
100
AcDbLine
 10
766.6666666666666
 20
766.6666666666666
 30
0.0
 11
1333.3333333333333
 21
1050.0
 31
0.0
  0
LINE
  5
2DA
330
2A5
100
AcDbEntity
  8
Штриховые
  6
ByLayer
100
AcDbLine
 10
766.6666666666666
 20
1333.3333333333333
 30
0.0
 11
1333.3333333333333
 21
1050.0
 31
0.0
  0
LINE
  5
2DB
330
2A5
100
AcDbEntity
  8
Штриховые
  6
ByLayer
100
AcDbLine
 10
766.6666666666666
 20
766.6666666666666
 30
0.0
 11
1050.0
 21
1333.3333333333333
 31
0.0
  0
LINE
  5
2DC
330
2A5
100
AcDbEntity
  8
Штриховые
  6
ByLayer
100
AcDbLine
 10
1333.3333333333333
 20
766.6666666666666
 30
0.0
 11
1050.0
 21
1333.3333333333333
 31
0.0
  0
LINE
  5
2DD
330
2A5
100
AcDbEntity
  8
Окна
100
AcDbLine
 10
185.0
 20
1478.3333333333333
 30
0.0
 11
621.6666666666666
 21
1478.3333333333333
 31
0.0
  0
LINE
  5
2DE
330
2A5
100
AcDbEntity
  8
Окна
100
AcDbLine
 10
621.6666666666666
 20
1478.3333333333333
 30
0.0
 11
621.6666666666666
 21
1915.0
 31
0.0
  0
LINE
  5
2DF
330
2A5
100
AcDbEntity
  8
Окна
100
AcDbLine
 10
621.6666666666666
 20
1915.0
 30
0.0
 11
185.0
 21
1915.0
 31
0.0
  0
LINE
  5
2E0
330
2A5
100
AcDbEntity
  8
Окна
100
AcDbLine
 10
185.0
 20
1915.0
 30
0.0
 11
185.0
 21
1478.3333333333333
 31
0.0
  0
LINE
  5
2E1
330
2A5
100
AcDbEntity
  8
Окна
100
AcDbLine
 10
120.0
 20
1413.3333333333333
 30
0.0
 11
185.0
 21
1478.3333333333333
 31
0.0
  0
LINE
  5
2E2
330
2A5
100
AcDbEntity
  8
Окна
100
AcDbLine
 10
686.6666666666666
 20
1413.3333333333333
 30
0.0
 11
621.6666666666666
 21
1478.3333333333333
 31
0.0
  0
LINE
  5
2E3
330
2A5
100
AcDbEntity
  8
Окна
100
AcDbLine
 10
686.6666666666666
 20
1980.0
 30
0.0
 11
621.6666666666666
 21
1915.0
 31
0.0
  0
LINE
  5
2E4
330
2A5
100
AcDbEntity
  8
Окна
100
AcDbLine
 10
120.0
 20
1980.0
 30
0.0
 11
185.0
 21
1915.0
 31
0.0
  0
LINE
  5
2E5
330
2A5
100
AcDbEntity
  8
Штриховые
  6
ByLayer
100
AcDbLine
 10
120.0
 20
1413.3333333333333
 30
0.0
 11
403.3333333333333
 21
1980.0
 31
0.0
  0
LINE
  5
2E6
330
2A5
100
AcDbEntity
  8
Штриховые
  6
ByLayer
100
AcDbLine
 10
686.6666666666666
 20
1413.3333333333333
 30
0.0
 11
403.3333333333333
 21
1980.0
 31
0.0
  0
LINE
  5
2E7
330
2A5
100
AcDbEntity
  8
Окна
100
AcDbLine
 10
1478.3333333333333
 20
1478.3333333333333
 30
0.0
 11
1915.0
 21
1478.3333333333333
 31
0.0
  0
LINE
  5
2E8
330
2A5
100
AcDbEntity
  8
Окна
100
AcDbLine
 10
1915.0
 20
1478.3333333333333
 30
0.0
 11
1915.0
 21
1915.0
 31
0.0
  0
LINE
  5
2E9
330
2A5
100
AcDbEntity
  8
Окна
100
AcDbLine
 10
1915.0
 20
1915.0
 30
0.0
 11
1478.3333333333333
 21
1915.0
 31
0.0
  0
LINE
  5
2EA
330
2A5
100
AcDbEntity
  8
Окна
100
AcDbLine
 10
1478.3333333333333
 20
1915.0
 30
0.0
 11
1478.3333333333333
 21
1478.3333333333333
 31
0.0
  0
LINE
  5
2EB
330
2A5
100
AcDbEntity
  8
Окна
100
AcDbLine
 10
1413.3333333333333
 20
1413.3333333333333
 30
0.0
 11
1478.3333333333333
 21
1478.3333333333333
 31
0.0
  0
LINE
  5
2EC
330
2A5
100
AcDbEntity
  8
Окна
100
AcDbLine
 10
1980.0
 20
1413.3333333333333
 30
0.0
 11
1915.0
 21
1478.3333333333333
 31
0.0
  0
LINE
  5
2ED
330
2A5
100
AcDbEntity
  8
Окна
100
AcDbLine
 10
1980.0
 20
1980.0
 30
0.0
 11
1915.0
 21
1915.0
 31
0.0
  0
LINE
  5
2EE
330
2A5
100
AcDbEntity
  8
Окна
100
AcDbLine
 10
1413.3333333333333
 20
1980.0
 30
0.0
 11
1478.3333333333333
 21
1915.0
 31
0.0
  0
LINE
  5
2EF
330
2A5
100
AcDbEntity
  8
Штриховые
  6
ByLayer
100
AcDbLine
 10
1413.3333333333333
 20
1413.3333333333333
 30
0.0
 11
1980.0
 21
1696.6666666666665
 31
0.0
  0
LINE
  5
2F0
330
2A5
100
AcDbEntity
  8
Штриховые
  6
ByLayer
100
AcDbLine
 10
1413.3333333333333
 20
1980.0
 30
0.0
 11
1980.0
 21
1696.6666666666665
 31
0.0
  0
LWPOLYLINE
  5
2F1
330
2A5
100
AcDbEntity
  8
Окна
100
AcDbPolyline
 90
4
 70
1
 10
120.0
 20
120.0
 10
1980.0
 20
120.0
 10
1980.0
 20
145.0
 10
120.0
 20
145.0
  0
LWPOLYLINE
  5
2F2
330
2A5
100
AcDbEntity
  8
Окна
100
AcDbPolyline
 90
4
 70
1
 10
120.0
 20
1955.0
 10
1980.0
 20
1955.0
 10
1980.0
 20
1980.0
 10
120.0
 20
1980.0
  0
LWPOLYLINE
  5
2F3
330
2A5
100
AcDbEntity
  8
Окна
100
AcDbPolyline
 90
4
 70
1
 10
120.0
 20
145.0
 10
145.0
 20
145.0
 10
145.0
 20
1955.0
 10
120.0
 20
1955.0
  0
LWPOLYLINE
  5
2F4
330
2A5
100
AcDbEntity
  8
Окна
100
AcDbPolyline
 90
4
 70
1
 10
1955.0
 20
145.0
 10
1980.0
 20
145.0
 10
1980.0
 20
1955.0
 10
1955.0
 20
1955.0
  0
LWPOLYLINE
  5
2F5
330
2A5
100
AcDbEntity
  8
Окна
100
AcDbPolyline
 90
4
 70
1
 10
686.6666666666666
 20
120.0
 10
711.6666666666666
 20
120.0
 10
711.6666666666666
 20
1980.0
 10
686.6666666666666
 20
1980.0
  0
LWPOLYLINE
  5
2F6
330
2A5
100
AcDbEntity
  8
Окна
100
AcDbPolyline
 90
4
 70
1
 10
741.6666666666666
 20
120.0
 10
766.6666666666666
 20
120.0
 10
766.6666666666666
 20
1980.0
 10
741.6666666666666
 20
1980.0
  0
LWPOLYLINE
  5
2F7
330
2A5
100
AcDbEntity
  8
Окна
100
AcDbPolyline
 90
4
 70
1
 10
1333.3333333333333
 20
120.0
 10
1358.3333333333333
 20
120.0
 10
1358.3333333333333
 20
1980.0
 10
1333.3333333333333
 20
1980.0
  0
LWPOLYLINE
  5
2F8
330
2A5
100
AcDbEntity
  8
Окна
100
AcDbPolyline
 90
4
 70
1
 10
1388.3333333333333
 20
120.0
 10
1413.3333333333333
 20
120.0
 10
1413.3333333333333
 20
1980.0
 10
1388.3333333333333
 20
1980.0
  0
LWPOLYLINE
  5
2F9
330
2A5
100
AcDbEntity
  8
Окна
100
AcDbPolyline
 90
4
 70
1
 10
120.0
 20
686.6666666666666
 10
686.6666666666666
 20
686.6666666666666
 10
686.6666666666666
 20
711.6666666666666
 10
120.0
 20
711.6666666666666
  0
LWPOLYLINE
  5
2FA
330
2A5
100
AcDbEntity
  8
Окна
100
AcDbPolyline
 90
4
 70
1
 10
120.0
 20
741.6666666666666
 10
686.6666666666666
 20
741.6666666666666
 10
686.6666666666666
 20
766.6666666666666
 10
120.0
 20
766.6666666666666
  0
LWPOLYLINE
  5
2FB
330
2A5
100
AcDbEntity
  8
Окна
100
AcDbPolyline
 90
4
 70
1
 10
766.6666666666666
 20
686.6666666666666
 10
1333.3333333333333
 20
686.6666666666666
 10
1333.3333333333333
 20
711.6666666666666
 10
766.6666666666666
 20
711.6666666666666
  0
LWPOLYLINE
  5
2FC
330
2A5
100
AcDbEntity
  8
Окна
100
AcDbPolyline
 90
4
 70
1
 10
766.6666666666666
 20
741.6666666666666
 10
1333.3333333333333
 20
741.6666666666666
 10
1333.3333333333333
 20
766.6666666666666
 10
766.6666666666666
 20
766.6666666666666
  0
LWPOLYLINE
  5
2FD
330
2A5
100
AcDbEntity
  8
Окна
100
AcDbPolyline
 90
4
 70
1
 10
1413.3333333333333
 20
686.6666666666666
 10
1980.0
 20
686.6666666666666
 10
1980.0
 20
711.6666666666666
 10
1413.3333333333333
 20
711.6666666666666
  0
LWPOLYLINE
  5
2FE
330
2A5
100
AcDbEntity
  8
Окна
100
AcDbPolyline
 90
4
 70
1
 10
1413.3333333333333
 20
741.6666666666666
 10
1980.0
 20
741.6666666666666
 10
1980.0
 20
766.6666666666666
 10
1413.3333333333333
 20
766.6666666666666
  0
LWPOLYLINE
  5
2FF
330
2A5
100
AcDbEntity
  8
Окна
100
AcDbPolyline
 90
4
 70
1
 10
120.0
 20
1333.3333333333333
 10
686.6666666666666
 20
1333.3333333333333
 10
686.6666666666666
 20
1358.3333333333333
 10
120.0
 20
1358.3333333333333
  0
LWPOLYLINE
  5
300
330
2A5
100
AcDbEntity
  8
Окна
100
AcDbPolyline
 90
4
 70
1
 10
120.0
 20
1388.3333333333333
 10
686.6666666666666
 20
1388.3333333333333
 10
686.6666666666666
 20
1413.3333333333333
 10
120.0
 20
1413.3333333333333
  0
LWPOLYLINE
  5
301
330
2A5
100
AcDbEntity
  8
Окна
100
AcDbPolyline
 90
4
 70
1
 10
766.6666666666666
 20
1333.3333333333333
 10
1333.3333333333333
 20
1333.3333333333333
 10
1333.3333333333333
 20
1358.3333333333333
 10
766.6666666666666
 20
1358.3333333333333
  0
LWPOLYLINE
  5
302
330
2A5
100
AcDbEntity
  8
Окна
100
AcDbPolyline
 90
4
 70
1
 10
766.6666666666666
 20
1388.3333333333333
 10
1333.3333333333333
 20
1388.3333333333333
 10
1333.3333333333333
 20
1413.3333333333333
 10
766.6666666666666
 20
1413.3333333333333
  0
LWPOLYLINE
  5
303
330
2A5
100
AcDbEntity
  8
Окна
100
AcDbPolyline
 90
4
 70
1
 10
1413.3333333333333
 20
1333.3333333333333
 10
1980.0
 20
1333.3333333333333
 10
1980.0
 20
1358.3333333333333
 10
1413.3333333333333
 20
1358.3333333333333
  0
LWPOLYLINE
  5
304
330
2A5
100
AcDbEntity
  8
Окна
100
AcDbPolyline
 90
4
 70
1
 10
1413.3333333333333
 20
1388.3333333333333
 10
1980.0
 20
1388.3333333333333
 10
1980.0
 20
1413.3333333333333
 10
1413.3333333333333
 20
1413.3333333333333
  0
LWPOLYLINE
  5
305
330
2A5
100
AcDbEntity
  8
Окна
100
AcDbPolyline
 90
4
 70
1
 10
185.0
 20
185.0
 10
621.6666666666666
 20
185.0
 10
621.6666666666666
 20
210.0
 10
185.0
 20
210.0
  0
LWPOLYLINE
  5
306
330
2A5
100
AcDbEntity
  8
Окна
100
AcDbPolyline
 90
4
 70
1
 10
185.0
 20
596.6666666666666
 10
621.6666666666666
 20
596.6666666666666
 10
621.6666666666666
 20
621.6666666666666
 10
185.0
 20
621.6666666666666
  0
LWPOLYLINE
  5
307
330
2A5
100
AcDbEntity
  8
Окна
100
AcDbPolyline
 90
4
 70
1
 10
185.0
 20
210.0
 10
210.0
 20
210.0
 10
210.0
 20
596.6666666666666
 10
185.0
 20
596.6666666666666
  0
LWPOLYLINE
  5
308
330
2A5
100
AcDbEntity
  8
Окна
100
AcDbPolyline
 90
4
 70
1
 10
596.6666666666666
 20
210.0
 10
621.6666666666666
 20
210.0
 10
621.6666666666666
 20
596.6666666666666
 10
596.6666666666666
 20
596.6666666666666
  0
LWPOLYLINE
  5
309
330
2A5
100
AcDbEntity
  8
Окна
100
AcDbPolyline
 90
4
 70
1
 10
1478.3333333333333
 20
185.0
 10
1915.0
 20
185.0
 10
1915.0
 20
210.0
 10
1478.3333333333333
 20
210.0
  0
LWPOLYLINE
  5
30A
330
2A5
100
AcDbEntity
  8
Окна
100
AcDbPolyline
 90
4
 70
1
 10
1478.3333333333333
 20
596.6666666666666
 10
1915.0
 20
596.6666666666666
 10
1915.0
 20
621.6666666666666
 10
1478.3333333333333
 20
621.6666666666666
  0
LWPOLYLINE
  5
30B
330
2A5
100
AcDbEntity
  8
Окна
100
AcDbPolyline
 90
4
 70
1
 10
1478.3333333333333
 20
210.0
 10
1503.3333333333333
 20
210.0
 10
1503.3333333333333
 20
596.6666666666666
 10
1478.3333333333333
 20
596.6666666666666
  0
LWPOLYLINE
  5
30C
330
2A5
100
AcDbEntity
  8
Окна
100
AcDbPolyline
 90
4
 70
1
 10
1890.0
 20
210.0
 10
1915.0
 20
210.0
 10
1915.0
 20
596.6666666666666
 10
1890.0
 20
596.6666666666666
  0
LWPOLYLINE
  5
30D
330
2A5
100
AcDbEntity
  8
Окна
100
AcDbPolyline
 90
4
 70
1
 10
831.6666666666666
 20
831.6666666666666
 10
1268.3333333333333
 20
831.6666666666666
 10
1268.3333333333333
 20
856.6666666666666
 10
831.6666666666666
 20
856.6666666666666
  0
LWPOLYLINE
  5
30E
330
2A5
100
AcDbEntity
  8
Окна
100
AcDbPolyline
 90
4
 70
1
 10
831.6666666666666
 20
1243.3333333333333
 10
1268.3333333333333
 20
1243.3333333333333
 10
1268.3333333333333
 20
1268.3333333333333
 10
831.6666666666666
 20
1268.3333333333333
  0
LWPOLYLINE
  5
30F
330
2A5
100
AcDbEntity
  8
Окна
100
AcDbPolyline
 90
4
 70
1
 10
831.6666666666666
 20
856.6666666666666
 10
856.6666666666666
 20
856.6666666666666
 10
856.6666666666666
 20
1243.3333333333333
 10
831.6666666666666
 20
1243.3333333333333
  0
LWPOLYLINE
  5
310
330
2A5
100
AcDbEntity
  8
Окна
100
AcDbPolyline
 90
4
 70
1
 10
1243.3333333333333
 20
856.6666666666666
 10
1268.3333333333333
 20
856.6666666666666
 10
1268.3333333333333
 20
1243.3333333333333
 10
1243.3333333333333
 20
1243.3333333333333
  0
LWPOLYLINE
  5
311
330
2A5
100
AcDbEntity
  8
Окна
100
AcDbPolyline
 90
4
 70
1
 10
185.0
 20
1478.3333333333333
 10
621.6666666666666
 20
1478.3333333333333
 10
621.6666666666666
 20
1503.3333333333333
 10
185.0
 20
1503.3333333333333
  0
LWPOLYLINE
  5
312
330
2A5
100
AcDbEntity
  8
Окна
100
AcDbPolyline
 90
4
 70
1
 10
185.0
 20
1890.0
 10
621.6666666666666
 20
1890.0
 10
621.6666666666666
 20
1915.0
 10
185.0
 20
1915.0
  0
LWPOLYLINE
  5
313
330
2A5
100
AcDbEntity
  8
Окна
100
AcDbPolyline
 90
4
 70
1
 10
185.0
 20
1503.3333333333333
 10
210.0
 20
1503.3333333333333
 10
210.0
 20
1890.0
 10
185.0
 20
1890.0
  0
LWPOLYLINE
  5
314
330
2A5
100
AcDbEntity
  8
Окна
100
AcDbPolyline
 90
4
 70
1
 10
596.6666666666666
 20
1503.3333333333333
 10
621.6666666666666
 20
1503.3333333333333
 10
621.6666666666666
 20
1890.0
 10
596.6666666666666
 20
1890.0
  0
LWPOLYLINE
  5
315
330
2A5
100
AcDbEntity
  8
Окна
100
AcDbPolyline
 90
4
 70
1
 10
1478.3333333333333
 20
1478.3333333333333
 10
1915.0
 20
1478.3333333333333
 10
1915.0
 20
1503.3333333333333
 10
1478.3333333333333
 20
1503.3333333333333
  0
LWPOLYLINE
  5
316
330
2A5
100
AcDbEntity
  8
Окна
100
AcDbPolyline
 90
4
 70
1
 10
1478.3333333333333
 20
1890.0
 10
1915.0
 20
1890.0
 10
1915.0
 20
1915.0
 10
1478.3333333333333
 20
1915.0
  0
LWPOLYLINE
  5
317
330
2A5
100
AcDbEntity
  8
Окна
100
AcDbPolyline
 90
4
 70
1
 10
1478.3333333333333
 20
1503.3333333333333
 10
1503.3333333333333
 20
1503.3333333333333
 10
1503.3333333333333
 20
1890.0
 10
1478.3333333333333
 20
1890.0
  0
LWPOLYLINE
  5
318
330
2A5
100
AcDbEntity
  8
Окна
100
AcDbPolyline
 90
4
 70
1
 10
1890.0
 20
1503.3333333333333
 10
1915.0
 20
1503.3333333333333
 10
1915.0
 20
1890.0
 10
1890.0
 20
1890.0
  0
ATTDEF
  5
319
330
2A5
100
AcDbEntity
  8
Текст
100
AcDbText
 10
0.0
 20
2410.0
 30
0.0
 40
30.0
  1
Пример 07
  7
Основной стиль (для надписей)
100
AcDbAttributeDefinition
  3
Объект
  2
OBJECT
 70
0
  0
ATTDEF
  5
31A
330
2A5
100
AcDbEntity
  8
Текст
100
AcDbText
 10
0.0
 20
2360.0
 30
0.0
 40
30.0
  1
ОК-3.3/1 шт.
  7
Основной стиль (для надписей)
100
AcDbAttributeDefinition
  3
Окно / кол-во
  2
WINDOW
 70
0
  0
ATTDEF
  5
31B
330
2A5
100
AcDbEntity
  8
Текст
100
AcDbText
 10
0.0
 20
2310.0
 30
0.0
 40
30.0
  1
RAL8017/RAL9016
  7
Основной стиль (для надписей)
100
AcDbAttributeDefinition
  3
Цвет
  2
COLOR
 70
0
  0
ATTDEF
  5
31C
330
2A5
100
AcDbEntity
  8
Текст
100
AcDbText
 10
0.0
 20
2260.0
 30
0.0
 40
30.0
  1
Заполнение СПД42
  7
Основной стиль (для надписей)
100
AcDbAttributeDefinition
  3
Заполнение
  2
GLAZING
 70
0
  0
ATTDEF
  5
31D
330
2A5
100
AcDbEntity
  8
Текст
100
AcDbText
 10
0.0
 20
2210.0
 30
0.0
 40
30.0
  1
2100х2100
  7
Основной стиль (для надписей)
100
AcDbAttributeDefinition
  3
Габарит
  2
SIZE
 70
0
  0
ATTDEF
  5
31E
330
2A5
100
AcDbEntity
  8
Текст
100
AcDbText
 10
0.0
 20
2160.0
 30
0.0
 40
30.0
  1
3х3
  7
Основной стиль (для надписей)
100
AcDbAttributeDefinition
  3
Сетка
  2
GRID
 70
0
  0
TEXT
  5
31F
330
2A5
100
AcDbEntity
  8
Текст
100
AcDbText
 10
2100.0
 20
2160.0
 30
0.0
 40
30.0
  1
S=4.41 м²
  7
Основной стиль (для надписей)
 72
2
 11
2100.0
 21
2160.0
 31
0.0
100
AcDbText
 73
3
  0
DIMENSION
  5
320
330
2A5
100
AcDbEntity
  8
Размеры
100
AcDbDimension
280
0
  3
Основной стиль
 10
60.0
 20
-80.0
 30
0.0
 11
393.3333333333333
 21
-52.0
 31
0.0
 70
32
 71
5
  1
<>
100
AcDbAlignedDimension
 13
60.0
 23
30.0
 33
0.0
 14
726.6666666666666
 24
30.0
 34
0.0
 50
0.0
100
AcDbRotatedDimension
  0
DIMENSION
  5
321
330
2A5
100
AcDbEntity
  8
Размеры
100
AcDbDimension
280
0
  3
Основной стиль
 10
726.6666666666666
 20
-80.0
 30
0.0
 11
1050.0
 21
-52.0
 31
0.0
 70
32
 71
5
  1
<>
100
AcDbAlignedDimension
 13
726.6666666666666
 23
30.0
 33
0.0
 14
1373.3333333333333
 24
30.0
 34
0.0
 50
0.0
100
AcDbRotatedDimension
  0
DIMENSION
  5
322
330
2A5
100
AcDbEntity
  8
Размеры
100
AcDbDimension
280
0
  3
Основной стиль
 10
1373.3333333333333
 20
-80.0
 30
0.0
 11
1706.6666666666665
 21
-52.0
 31
0.0
 70
32
 71
5
  1
<>
100
AcDbAlignedDimension
 13
1373.3333333333333
 23
30.0
 33
0.0
 14
2040.0
 24
30.0
 34
0.0
 50
0.0
100
AcDbRotatedDimension
  0
DIMENSION
  5
323
330
2A5
100
AcDbEntity
  8
Размеры
100
AcDbDimension
280
0
  3
Основной стиль с точками
 10
30.0
 20
-160.0
 30
0.0
 11
1050.0
 21
-132.0
 31
0.0
 70
32
 71
5
  1
<>
100
AcDbAlignedDimension
 13
30.0
 23
30.0
 33
0.0
 14
2070.0
 24
30.0
 34
0.0
 50
0.0
100
AcDbRotatedDimension
  0
DIMENSION
  5
324
330
2A5
100
AcDbEntity
  8
Размеры
100
AcDbDimension
280
0
  3
Основной стиль
 10
0.0
 20
-240.0
 30
0.0
 11
1050.0
 21
-212.0
 31
0.0
 70
32
 71
5
  1
<>
100
AcDbAlignedDimension
 13
0.0
 23
0.0
 33
0.0
 14
2100.0
 24
0.0
 34
0.0
 50
0.0
100
AcDbRotatedDimension
  0
DIMENSION
  5
325
330
2A5
100
AcDbEntity
  8
Размеры
100
AcDbDimension
280
0
  3
Основной стиль
 10
30.0
 20
-80.0
 30
0.0
 11
45.0
 21
-40.0
 31
0.0
 70
32
 71
5
  1
<>
100
AcDbAlignedDimension
 13
30.0
 23
30.0
 33
0.0
 14
60.0
 24
30.0
 34
0.0
 50
0.0
100
AcDbRotatedDimension
  0
DIMENSION
  5
326
330
2A5
100
AcDbEntity
  8
Размеры
100
AcDbDimension
280
0
  3
Основной стиль
 10
2040.0
 20
-80.0
 30
0.0
 11
2055.0
 21
-40.0
 31
0.0
 70
32
 71
5
  1
<>
100
AcDbAlignedDimension
 13
2040.0
 23
30.0
 33
0.0
 14
2070.0
 24
30.0
 34
0.0
 50
0.0
100
AcDbRotatedDimension
  0
DIMENSION
  5
327
330
2A5
100
AcDbEntity
  8
Размеры
100
AcDbDimension
280
0
  3
Основной стиль
 10
0.0
 20
-160.0
 30
0.0
 11
15.0
 21
-120.0
 31
0.0
 70
32
 71
5
  1
<>
100
AcDbAlignedDimension
 13
0.0
 23
0.0
 33
0.0
 14
30.0
 24
0.0
 34
0.0
 50
0.0
100
AcDbRotatedDimension
  0
DIMENSION
  5
328
330
2A5
100
AcDbEntity
  8
Размеры
100
AcDbDimension
280
0
  3
Основной стиль
 10
2070.0
 20
-160.0
 30
0.0
 11
2085.0
 21
-120.0
 31
0.0
 70
32
 71
5
  1
<>
100
AcDbAlignedDimension
 13
2070.0
 23
0.0
 33
0.0
 14
2100.0
 24
0.0
 34
0.0
 50
0.0
100
AcDbRotatedDimension
  0
DIMENSION
  5
329
330
2A5
100
AcDbEntity
  8
Размеры
100
AcDbDimension
280
0
  3
Основной стиль
 10
2180.0
 20
60.0
 30
0.0
 11
2152.0
 21
393.3333333333333
 31
0.0
 70
32
 71
5
  1
<>
100
AcDbAlignedDimension
 13
2070.0
 23
60.0
 33
0.0
 14
2070.0
 24
726.6666666666666
 34
0.0
 50
90.0
100
AcDbRotatedDimension
  0
DIMENSION
  5
32A
330
2A5
100
AcDbEntity
  8
Размеры
100
AcDbDimension
280
0
  3
Основной стиль
 10
2180.0
 20
726.6666666666666
 30
0.0
 11
2152.0
 21
1050.0
 31
0.0
 70
32
 71
5
  1
<>
100
AcDbAlignedDimension
 13
2070.0
 23
726.6666666666666
 33
0.0
 14
2070.0
 24
1373.3333333333333
 34
0.0
 50
90.0
100
AcDbRotatedDimension
  0
DIMENSION
  5
32B
330
2A5
100
AcDbEntity
  8
Размеры
100
AcDbDimension
280
0
  3
Основной стиль
 10
2180.0
 20
1373.3333333333333
 30
0.0
 11
2152.0
 21
1706.6666666666665
 31
0.0
 70
32
 71
5
  1
<>
100
AcDbAlignedDimension
 13
2070.0
 23
1373.3333333333333
 33
0.0
 14
2070.0
 24
2040.0
 34
0.0
 50
90.0
100
AcDbRotatedDimension
  0
DIMENSION
  5
32C
330
2A5
100
AcDbEntity
  8
Размеры
100
AcDbDimension
280
0
  3
Основной стиль с точками
 10
2260.0
 20
60.0
 30
0.0
 11
2232.0
 21
1050.0
 31
0.0
 70
32
 71
5
  1
<>
100
AcDbAlignedDimension
 13
2070.0
 23
60.0
 33
0.0
 14
2070.0
 24
2040.0
 34
0.0
 50
90.0
100
AcDbRotatedDimension
  0
DIMENSION
  5
32D
330
2A5
100
AcDbEntity
  8
Размеры
100
AcDbDimension
280
0
  3
Основной стиль с точками
 10
2180.0
 20
30.0
 30
0.0
 11
2140.0
 21
45.0
 31
0.0
 70
32
 71
5
  1
<>
100
AcDbAlignedDimension
 13
2070.0
 23
30.0
 33
0.0
 14
2070.0
 24
60.0
 34
0.0
 50
90.0
100
AcDbRotatedDimension
  0
DIMENSION
  5
32E
330
2A5
100
AcDbEntity
  8
Размеры
100
AcDbDimension
280
0
  3
Основной стиль с точками
 10
2260.0
 20
2040.0
 30
0.0
 11
2220.0
 21
2055.0
 31
0.0
 70
32
 71
5
  1
<>
100
AcDbAlignedDimension
 13
2070.0
 23
2040.0
 33
0.0
 14
2070.0
 24
2070.0
 34
0.0
 50
90.0
100
AcDbRotatedDimension
  0
DIMENSION
  5
32F
330
2A5
100
AcDbEntity
  8
Размеры
100
AcDbDimension
280
0
  3
Основной стиль
 10
2340.0
 20
0.0
 30
0.0
 11
2312.0
 21
1050.0
 31
0.0
 70
32
 71
5
  1
<>
100
AcDbAlignedDimension
 13
2100.0
 23
0.0
 33
0.0
 14
2100.0
 24
2100.0
 34
0.0
 50
90.0
100
AcDbRotatedDimension
  0
DIMENSION
  5
330
330
2A5
100
AcDbEntity
  8
Размеры
100
AcDbDimension
280
0
  3
Основной стиль
 10
2260.0
 20
0.0
 30
0.0
 11
2220.0
 21
15.0
 31
0.0
 70
32
 71
5
  1
<>
100
AcDbAlignedDimension
 13
2100.0
 23
0.0
 33
0.0
 14
2100.0
 24
30.0
 34
0.0
 50
90.0
100
AcDbRotatedDimension
  0
DIMENSION
  5
331
330
2A5
100
AcDbEntity
  8
Размеры
100
AcDbDimension
280
0
  3
Основной стиль
 10
2260.0
 20
2070.0
 30
0.0
 11
2220.0
 21
2085.0
 31
0.0
 70
32
 71
5
  1
<>
100
AcDbAlignedDimension
 13
2100.0
 23
2070.0
 33
0.0
 14
2100.0
 24
2100.0
 34
0.0
 50
90.0
100
AcDbRotatedDimension
  0
ENDBLK
  5
2A7
330
2A5
100
AcDbEntity
  8
0
100
AcDbBlockEnd
  0
BLOCK
  5
333
330
332
100
AcDbEntity
  8
0
100
AcDbBlockBegin
  2
Пример 08 ОК-4.3 2400х1800 4x3 Изнутри #08
 70
2
 10
0.0
 20
0.0
 30
0.0
  3
Пример 08 ОК-4.3 2400х1800 4x3 Изнутри #08
  1

  0
LWPOLYLINE
  5
335
330
332
100
AcDbEntity
  8
Штриховые
100
AcDbPolyline
 90
4
 70
1
 10
2400.0
 20
0.0
 10
0.0
 20
0.0
 10
0.0
 20
1800.0
 10
2400.0
 20
1800.0
  0
LWPOLYLINE
  5
336
330
332
100
AcDbEntity
  8
Окна
100
AcDbPolyline
 90
4
 70
1
 10
2370.0
 20
60.0
 10
30.0
 20
60.0
 10
30.0
 20
1770.0
 10
2370.0
 20
1770.0
  0
LINE
  5
337
330
332
100
AcDbEntity
  8
Окна
100
AcDbLine
 10
1800.0
 20
120.0
 30
0.0
 11
1175.0
 21
120.0
 31
0.0
  0
LINE
  5
338
330
332
100
AcDbEntity
  8
Окна
100
AcDbLine
 10
650.0
 20
120.0
 30
0.0
 11
600.0
 21
120.0
 31
0.0
  0
LINE
  5
339
330
332
100
AcDbEntity
  8
Окна
100
AcDbLine
 10
90.0
 20
611.6666666666667
 30
0.0
 11
90.0
 21
1218.3333333333335
 31
0.0
  0
LINE
  5
33A
330
332
100
AcDbEntity
  8
Окна
100
AcDbLine
 10
600.0
 20
1710.0
 30
0.0
 11
1225.0
 21
1710.0
 31
0.0
  0
LINE
  5
33B
330
332
100
AcDbEntity
  8
Окна
100
AcDbLine
 10
1750.0
 20
1710.0
 30
0.0
 11
1800.0
 21
1710.0
 31
0.0
  0
LINE
  5
33C
330
332
100
AcDbEntity
  8
Окна
100
AcDbLine
 10
2310.0
 20
1218.3333333333335
 30
0.0
 11
2310.0
 21
611.6666666666667
 31
0.0
  0
LINE
  5
33D
330
332
100
AcDbEntity
  8
Окна
100
AcDbLine
 10
2370.0
 20
60.0
 30
0.0
 11
2325.0
 21
105.0
 31
0.0
  0
LINE
  5
33E
330
332
100
AcDbEntity
  8
Окна
100
AcDbLine
 10
30.0
 20
60.0
 30
0.0
 11
75.0
 21
105.0
 31
0.0
  0
LINE
  5
33F
330
332
100
AcDbEntity
  8
Окна
100
AcDbLine
 10
30.0
 20
1770.0
 30
0.0
 11
75.0
 21
1725.0
 31
0.0
  0
LINE
  5
340
330
332
100
AcDbEntity
  8
Окна
100
AcDbLine
 10
2370.0
 20
1770.0
 30
0.0
 11
2325.0
 21
1725.0
 31
0.0
  0
LINE
  5
341
330
332
100
AcDbEntity
  8
Окна
100
AcDbLine
 10
1800.0
 20
120.0
 30
0.0
 11
1735.0
 21
120.0
 31
0.0
  0
LINE
  5
342
330
332
100
AcDbEntity
  8
Окна
100
AcDbLine
 10
1735.0
 20
120.0
 30
0.0
 11
1735.0
 21
596.6666666666667
 31
0.0
  0
LINE
  5
343
330
332
100
AcDbEntity
  8
Окна
100
AcDbLine
 10
1735.0
 20
596.6666666666667
 30
0.0
 11
1800.0
 21
596.6666666666667
 31
0.0
  0
LINE
  5
344
330
332
100
AcDbEntity
  8
Окна
100
AcDbLine
 10
1815.0
 20
676.6666666666667
 30
0.0
 11
1750.0
 21
676.6666666666667
 31
0.0
  0
LINE
  5
345
330
332
100
AcDbEntity
  8
Окна
100
AcDbLine
 10
1750.0
 20
1153.3333333333335
 30
0.0
 11
1815.0
 21
1153.3333333333335
 31
0.0
  0
LINE
  5
346
330
332
100
AcDbEntity
  8
Окна
100
AcDbLine
 10
1815.0
 20
1153.3333333333335
 30
0.0
 11
1815.0
 21
676.6666666666667
 31
0.0
  0
LINE
  5
347
330
332
100
AcDbEntity
  8
Окна
100
AcDbLine
 10
1800.0
 20
1233.3333333333335
 30
0.0
 11
1750.0
 21
1233.3333333333335
 31
0.0
  0
LINE
  5
348
330
332
100
AcDbEntity
  8
Окна
100
AcDbLine
 10
1750.0
 20
1710.0
 30
0.0
 11
1800.0
 21
1710.0
 31
0.0
  0
LINE
  5
349
330
332
100
AcDbEntity
  8
Окна
100
AcDbLine
 10
1240.0
 20
120.0
 30
0.0
 11
1175.0
 21
120.0
 31
0.0
  0
LINE
  5
34A
330
332
100
AcDbEntity
  8
Окна
100
AcDbLine
 10
1175.0
 20
596.6666666666667
 30
0.0
 11
1240.0
 21
596.6666666666667
 31
0.0
  0
LINE
  5
34B
330
332
100
AcDbEntity
  8
Окна
100
AcDbLine
 10
1240.0
 20
596.6666666666667
 30
0.0
 11
1240.0
 21
120.0
 31
0.0
  0
LINE
  5
34C
330
332
100
AcDbEntity
  8
Окна
100
AcDbLine
 10
1225.0
 20
676.6666666666667
 30
0.0
 11
1175.0
 21
676.6666666666667
 31
0.0
  0
LINE
  5
34D
330
332
100
AcDbEntity
  8
Окна
100
AcDbLine
 10
1175.0
 20
1153.3333333333335
 30
0.0
 11
1225.0
 21
1153.3333333333335
 31
0.0
  0
LINE
  5
34E
330
332
100
AcDbEntity
  8
Окна
100
AcDbLine
 10
1225.0
 20
1233.3333333333335
 30
0.0
 11
1160.0
 21
1233.3333333333335
 31
0.0
  0
LINE
  5
34F
330
332
100
AcDbEntity
  8
Окна
100
AcDbLine
 10
1160.0
 20
1233.3333333333335
 30
0.0
 11
1160.0
 21
1710.0
 31
0.0
  0
LINE
  5
350
330
332
100
AcDbEntity
  8
Окна
100
AcDbLine
 10
1160.0
 20
1710.0
 30
0.0
 11
1225.0
 21
1710.0
 31
0.0
  0
LINE
  5
351
330
332
100
AcDbEntity
  8
Окна
100
AcDbLine
 10
650.0
 20
120.0
 30
0.0
 11
600.0
 21
120.0
 31
0.0
  0
LINE
  5
352
330
332
100
AcDbEntity
  8
Окна
100
AcDbLine
 10
600.0
 20
596.6666666666667
 30
0.0
 11
650.0
 21
596.6666666666667
 31
0.0
  0
LINE
  5
353
330
332
100
AcDbEntity
  8
Окна
100
AcDbLine
 10
650.0
 20
676.6666666666667
 30
0.0
 11
585.0
 21
676.6666666666667
 31
0.0
  0
LINE
  5
354
330
332
100
AcDbEntity
  8
Окна
100
AcDbLine
 10
585.0
 20
676.6666666666667
 30
0.0
 11
585.0
 21
1153.3333333333335
 31
0.0
  0
LINE
  5
355
330
332
100
AcDbEntity
  8
Окна
100
AcDbLine
 10
585.0
 20
1153.3333333333335
 30
0.0
 11
650.0
 21
1153.3333333333335
 31
0.0
  0
LINE
  5
356
330
332
100
AcDbEntity
  8
Окна
100
AcDbLine
 10
665.0
 20
1233.3333333333335
 30
0.0
 11
600.0
 21
1233.3333333333335
 31
0.0
  0
LINE
  5
357
330
332
100
AcDbEntity
  8
Окна
100
AcDbLine
 10
600.0
 20
1710.0
 30
0.0
 11
665.0
 21
1710.0
 31
0.0
  0
LINE
  5
358
330
332
100
AcDbEntity
  8
Окна
100
AcDbLine
 10
665.0
 20
1710.0
 30
0.0
 11
665.0
 21
1233.3333333333335
 31
0.0
  0
LINE
  5
359
330
332
100
AcDbEntity
  8
Окна
100
AcDbLine
 10
1800.0
 20
596.6666666666667
 30
0.0
 11
1175.0
 21
596.6666666666667
 31
0.0
  0
LINE
  5
35A
330
332
100
AcDbEntity
  8
Окна
100
AcDbLine
 10
650.0
 20
596.6666666666667
 30
0.0
 11
600.0
 21
596.6666666666667
 31
0.0
  0
LINE
  5
35B
330
332
100
AcDbEntity
  8
Окна
100
AcDbLine
 10
90.0
 20
611.6666666666667
 30
0.0
 11
90.0
 21
676.6666666666667
 31
0.0
  0
LINE
  5
35C
330
332
100
AcDbEntity
  8
Окна
100
AcDbLine
 10
90.0
 20
676.6666666666667
 30
0.0
 11
650.0
 21
676.6666666666667
 31
0.0
  0
LINE
  5
35D
330
332
100
AcDbEntity
  8
Окна
100
AcDbLine
 10
1175.0
 20
676.6666666666667
 30
0.0
 11
1225.0
 21
676.6666666666667
 31
0.0
  0
LINE
  5
35E
330
332
100
AcDbEntity
  8
Окна
100
AcDbLine
 10
1750.0
 20
676.6666666666667
 30
0.0
 11
2310.0
 21
676.6666666666667
 31
0.0
  0
LINE
  5
35F
330
332
100
AcDbEntity
  8
Окна
100
AcDbLine
 10
2310.0
 20
676.6666666666667
 30
0.0
 11
2310.0
 21
611.6666666666667
 31
0.0
  0
LINE
  5
360
330
332
100
AcDbEntity
  8
Окна
100
AcDbLine
 10
2310.0
 20
1153.3333333333335
 30
0.0
 11
1750.0
 21
1153.3333333333335
 31
0.0
  0
LINE
  5
361
330
332
100
AcDbEntity
  8
Окна
100
AcDbLine
 10
1225.0
 20
1153.3333333333335
 30
0.0
 11
1175.0
 21
1153.3333333333335
 31
0.0
  0
LINE
  5
362
330
332
100
AcDbEntity
  8
Окна
100
AcDbLine
 10
649.9999999999999
 20
1153.3333333333335
 30
0.0
 11
90.0
 21
1153.3333333333335
 31
0.0
  0
LINE
  5
363
330
332
100
AcDbEntity
  8
Окна
100
AcDbLine
 10
90.0
 20
1153.3333333333335
 30
0.0
 11
90.0
 21
1218.3333333333335
 31
0.0
  0
LINE
  5
364
330
332
100
AcDbEntity
  8
Окна
100
AcDbLine
 10
600.0
 20
1233.3333333333335
 30
0.0
 11
1225.0
 21
1233.3333333333335
 31
0.0
  0
LINE
  5
365
330
332
100
AcDbEntity
  8
Окна
100
AcDbLine
 10
1750.0
 20
1233.3333333333335
 30
0.0
 11
1800.0
 21
1233.3333333333335
 31
0.0
  0
LINE
  5
366
330
332
100
AcDbEntity
  8
Окна
100
AcDbLine
 10
2310.0
 20
1218.3333333333335
 30
0.0
 11
2310.0
 21
1153.3333333333335
 31
0.0
  0
LWPOLYLINE
  5
367
330
332
100
AcDbEntity
  8
Окна
100
AcDbPolyline
 90
4
 70
1
 10
2370.0
 20
30.0
 10
30.0
 20
30.0
 10
30.0
 20
60.0
 10
2370.0
 20
60.0
  0
LINE
  5
368
330
332
100
AcDbEntity
  8
Окна
100
AcDbLine
 10
2325.0
 20
105.0
 30
0.0
 11
1800.0
 21
105.0
 31
0.0
  0
LINE
  5
369
330
332
100
AcDbEntity
  8
Окна
100
AcDbLine
 10
1800.0
 20
105.0
 30
0.0
 11
1800.0
 21
611.6666666666667
 31
0.0
  0
LINE
  5
36A
330
332
100
AcDbEntity
  8
Окна
100
AcDbLine
 10
1800.0
 20
611.6666666666667
 30
0.0
 11
2325.0
 21
611.6666666666667
 31
0.0
  0
LINE
  5
36B
330
332
100
AcDbEntity
  8
Окна
100
AcDbLine
 10
2325.0
 20
611.6666666666667
 30
0.0
 11
2325.0
 21
105.0
 31
0.0
  0
LINE
  5
36C
330
332
100
AcDbEntity
  8
Окна
100
AcDbLine
 10
2245.0
 20
185.0
 30
0.0
 11
1880.0
 21
185.0
 31
0.0
  0
LINE
  5
36D
330
332
100
AcDbEntity
  8
Окна
100
AcDbLine
 10
1880.0
 20
185.0
 30
0.0
 11
1880.0
 21
531.6666666666667
 31
0.0
  0
LINE
  5
36E
330
332
100
AcDbEntity
  8
Окна
100
AcDbLine
 10
1880.0
 20
531.6666666666667
 30
0.0
 11
2245.0
 21
531.6666666666667
 31
0.0
  0
LINE
  5
36F
330
332
100
AcDbEntity
  8
Окна
100
AcDbLine
 10
2245.0
 20
531.6666666666667
 30
0.0
 11
2245.0
 21
185.0
 31
0.0
  0
LINE
  5
370
330
332
100
AcDbEntity
  8
Окна
100
AcDbLine
 10
2325.0
 20
105.0
 30
0.0
 11
2245.0
 21
185.0
 31
0.0
  0
LINE
  5
371
330
332
100
AcDbEntity
  8
Окна
100
AcDbLine
 10
1800.0
 20
105.0
 30
0.0
 11
1880.0
 21
185.0
 31
0.0
  0
LINE
  5
372
330
332
100
AcDbEntity
  8
Окна
100
AcDbLine
 10
1800.0
 20
611.6666666666667
 30
0.0
 11
1880.0
 21
531.6666666666667
 31
0.0
  0
LINE
  5
373
330
332
100
AcDbEntity
  8
Окна
100
AcDbLine
 10
2325.0
 20
611.6666666666667
 30
0.0
 11
2245.0
 21
531.6666666666667
 31
0.0
  0
LINE
  5
374
330
332
100
AcDbEntity
  8
Штриховые
  6
Continuous
100
AcDbLine
 10
2325.0
 20
105.0
 30
0.0
 11
1800.0
 21
358.33333333333337
 31
0.0
  0
LINE
  5
375
330
332
100
AcDbEntity
  8
Штриховые
  6
Continuous
100
AcDbLine
 10
2325.0
 20
611.6666666666667
 30
0.0
 11
1800.0
 21
358.33333333333337
 31
0.0
  0
LINE
  5
376
330
332
100
AcDbEntity
  8
Штриховые
  6
Continuous
100
AcDbLine
 10
2325.0
 20
105.0
 30
0.0
 11
2062.5
 21
611.6666666666667
 31
0.0
  0
LINE
  5
377
330
332
100
AcDbEntity
  8
Штриховые
  6
Continuous
100
AcDbLine
 10
1800.0
 20
105.0
 30
0.0
 11
2062.5
 21
611.6666666666667
 31
0.0
  0
LINE
  5
378
330
332
100
AcDbEntity
  8
Окна
100
AcDbLine
 10
1175.0
 20
105.0
 30
0.0
 11
650.0
 21
105.0
 31
0.0
  0
LINE
  5
379
330
332
100
AcDbEntity
  8
Окна
100
AcDbLine
 10
650.0
 20
105.0
 30
0.0
 11
650.0
 21
611.6666666666667
 31
0.0
  0
LINE
  5
37A
330
332
100
AcDbEntity
  8
Окна
100
AcDbLine
 10
650.0
 20
611.6666666666667
 30
0.0
 11
1175.0
 21
611.6666666666667
 31
0.0
  0
LINE
  5
37B
330
332
100
AcDbEntity
  8
Окна
100
AcDbLine
 10
1175.0
 20
611.6666666666667
 30
0.0
 11
1175.0
 21
105.0
 31
0.0
  0
LINE
  5
37C
330
332
100
AcDbEntity
  8
Окна
100
AcDbLine
 10
1095.0
 20
185.0
 30
0.0
 11
730.0
 21
185.0
 31
0.0
  0
LINE
  5
37D
330
332
100
AcDbEntity
  8
Окна
100
AcDbLine
 10
730.0
 20
185.0
 30
0.0
 11
730.0
 21
531.6666666666667
 31
0.0
  0
LINE
  5
37E
330
332
100
AcDbEntity
  8
Окна
100
AcDbLine
 10
730.0
 20
531.6666666666667
 30
0.0
 11
1095.0
 21
531.6666666666667
 31
0.0
  0
LINE
  5
37F
330
332
100
AcDbEntity
  8
Окна
100
AcDbLine
 10
1095.0
 20
531.6666666666667
 30
0.0
 11
1095.0
 21
185.0
 31
0.0
  0
LINE
  5
380
330
332
100
AcDbEntity
  8
Окна
100
AcDbLine
 10
1175.0
 20
105.0
 30
0.0
 11
1095.0
 21
185.0
 31
0.0
  0
LINE
  5
381
330
332
100
AcDbEntity
  8
Окна
100
AcDbLine
 10
650.0
 20
105.0
 30
0.0
 11
730.0
 21
185.0
 31
0.0
  0
LINE
  5
382
330
332
100
AcDbEntity
  8
Окна
100
AcDbLine
 10
650.0
 20
611.6666666666667
 30
0.0
 11
730.0
 21
531.6666666666667
 31
0.0
  0
LINE
  5
383
330
332
100
AcDbEntity
  8
Окна
100
AcDbLine
 10
1175.0
 20
611.6666666666667
 30
0.0
 11
1095.0
 21
531.6666666666667
 31
0.0
  0
LINE
  5
384
330
332
100
AcDbEntity
  8
Штриховые
  6
Continuous
100
AcDbLine
 10
1175.0
 20
105.0
 30
0.0
 11
650.0
 21
358.33333333333337
 31
0.0
  0
LINE
  5
385
330
332
100
AcDbEntity
  8
Штриховые
  6
Continuous
100
AcDbLine
 10
1175.0
 20
611.6666666666667
 30
0.0
 11
650.0
 21
358.33333333333337
 31
0.0
  0
LINE
  5
386
330
332
100
AcDbEntity
  8
Штриховые
  6
Continuous
100
AcDbLine
 10
1175.0
 20
105.0
 30
0.0
 11
912.5
 21
611.6666666666667
 31
0.0
  0
LINE
  5
387
330
332
100
AcDbEntity
  8
Штриховые
  6
Continuous
100
AcDbLine
 10
650.0
 20
105.0
 30
0.0
 11
912.5
 21
611.6666666666667
 31
0.0
  0
LINE
  5
388
330
332
100
AcDbEntity
  8
Окна
100
AcDbLine
 10
600.0
 20
105.0
 30
0.0
 11
75.0
 21
105.0
 31
0.0
  0
LINE
  5
389
330
332
100
AcDbEntity
  8
Окна
100
AcDbLine
 10
75.0
 20
105.0
 30
0.0
 11
75.0
 21
611.6666666666667
 31
0.0
  0
LINE
  5
38A
330
332
100
AcDbEntity
  8
Окна
100
AcDbLine
 10
75.0
 20
611.6666666666667
 30
0.0
 11
600.0
 21
611.6666666666667
 31
0.0
  0
LINE
  5
38B
330
332
100
AcDbEntity
  8
Окна
100
AcDbLine
 10
600.0
 20
611.6666666666667
 30
0.0
 11
600.0
 21
105.0
 31
0.0
  0
LINE
  5
38C
330
332
100
AcDbEntity
  8
Окна
100
AcDbLine
 10
520.0
 20
185.0
 30
0.0
 11
155.0
 21
185.0
 31
0.0
  0
LINE
  5
38D
330
332
100
AcDbEntity
  8
Окна
100
AcDbLine
 10
155.0
 20
185.0
 30
0.0
 11
155.0
 21
531.6666666666667
 31
0.0
  0
LINE
  5
38E
330
332
100
AcDbEntity
  8
Окна
100
AcDbLine
 10
155.0
 20
531.6666666666667
 30
0.0
 11
520.0
 21
531.6666666666667
 31
0.0
  0
LINE
  5
38F
330
332
100
AcDbEntity
  8
Окна
100
AcDbLine
 10
520.0
 20
531.6666666666667
 30
0.0
 11
520.0
 21
185.0
 31
0.0
  0
LINE
  5
390
330
332
100
AcDbEntity
  8
Окна
100
AcDbLine
 10
600.0
 20
105.0
 30
0.0
 11
520.0
 21
185.0
 31
0.0
  0
LINE
  5
391
330
332
100
AcDbEntity
  8
Окна
100
AcDbLine
 10
75.0
 20
105.0
 30
0.0
 11
155.0
 21
185.0
 31
0.0
  0
LINE
  5
392
330
332
100
AcDbEntity
  8
Окна
100
AcDbLine
 10
75.0
 20
611.6666666666667
 30
0.0
 11
155.0
 21
531.6666666666667
 31
0.0
  0
LINE
  5
393
330
332
100
AcDbEntity
  8
Окна
100
AcDbLine
 10
600.0
 20
611.6666666666667
 30
0.0
 11
520.0
 21
531.6666666666667
 31
0.0
  0
LINE
  5
394
330
332
100
AcDbEntity
  8
Штриховые
  6
Continuous
100
AcDbLine
 10
600.0
 20
105.0
 30
0.0
 11
75.0
 21
358.33333333333337
 31
0.0
  0
LINE
  5
395
330
332
100
AcDbEntity
  8
Штриховые
  6
Continuous
100
AcDbLine
 10
600.0
 20
611.6666666666667
 30
0.0
 11
75.0
 21
358.33333333333337
 31
0.0
  0
LINE
  5
396
330
332
100
AcDbEntity
  8
Штриховые
  6
Continuous
100
AcDbLine
 10
600.0
 20
105.0
 30
0.0
 11
337.5
 21
611.6666666666667
 31
0.0
  0
LINE
  5
397
330
332
100
AcDbEntity
  8
Штриховые
  6
Continuous
100
AcDbLine
 10
75.0
 20
105.0
 30
0.0
 11
337.5
 21
611.6666666666667
 31
0.0
  0
LINE
  5
398
330
332
100
AcDbEntity
  8
Окна
100
AcDbLine
 10
1750.0
 20
661.6666666666667
 30
0.0
 11
1225.0
 21
661.6666666666667
 31
0.0
  0
LINE
  5
399
330
332
100
AcDbEntity
  8
Окна
100
AcDbLine
 10
1225.0
 20
661.6666666666667
 30
0.0
 11
1225.0
 21
1168.3333333333335
 31
0.0
  0
LINE
  5
39A
330
332
100
AcDbEntity
  8
Окна
100
AcDbLine
 10
1225.0
 20
1168.3333333333335
 30
0.0
 11
1750.0
 21
1168.3333333333335
 31
0.0
  0
LINE
  5
39B
330
332
100
AcDbEntity
  8
Окна
100
AcDbLine
 10
1750.0
 20
1168.3333333333335
 30
0.0
 11
1750.0
 21
661.6666666666667
 31
0.0
  0
LINE
  5
39C
330
332
100
AcDbEntity
  8
Окна
100
AcDbLine
 10
1670.0
 20
741.6666666666667
 30
0.0
 11
1305.0
 21
741.6666666666667
 31
0.0
  0
LINE
  5
39D
330
332
100
AcDbEntity
  8
Окна
100
AcDbLine
 10
1305.0
 20
741.6666666666667
 30
0.0
 11
1305.0
 21
1088.3333333333335
 31
0.0
  0
LINE
  5
39E
330
332
100
AcDbEntity
  8
Окна
100
AcDbLine
 10
1305.0
 20
1088.3333333333335
 30
0.0
 11
1670.0
 21
1088.3333333333335
 31
0.0
  0
LINE
  5
39F
330
332
100
AcDbEntity
  8
Окна
100
AcDbLine
 10
1670.0
 20
1088.3333333333335
 30
0.0
 11
1670.0
 21
741.6666666666667
 31
0.0
  0
LINE
  5
3A0
330
332
100
AcDbEntity
  8
Окна
100
AcDbLine
 10
1750.0
 20
661.6666666666667
 30
0.0
 11
1670.0
 21
741.6666666666667
 31
0.0
  0
LINE
  5
3A1
330
332
100
AcDbEntity
  8
Окна
100
AcDbLine
 10
1225.0
 20
661.6666666666667
 30
0.0
 11
1305.0
 21
741.6666666666667
 31
0.0
  0
LINE
  5
3A2
330
332
100
AcDbEntity
  8
Окна
100
AcDbLine
 10
1225.0
 20
1168.3333333333335
 30
0.0
 11
1305.0
 21
1088.3333333333335
 31
0.0
  0
LINE
  5
3A3
330
332
100
AcDbEntity
  8
Окна
100
AcDbLine
 10
1750.0
 20
1168.3333333333335
 30
0.0
 11
1670.0
 21
1088.3333333333335
 31
0.0
  0
LINE
  5
3A4
330
332
100
AcDbEntity
  8
Штриховые
  6
Continuous
100
AcDbLine
 10
1750.0
 20
661.6666666666667
 30
0.0
 11
1225.0
 21
915.0000000000001
 31
0.0
  0
LINE
  5
3A5
330
332
100
AcDbEntity
  8
Штриховые
  6
Continuous
100
AcDbLine
 10
1750.0
 20
1168.3333333333335
 30
0.0
 11
1225.0
 21
915.0000000000001
 31
0.0
  0
LINE
  5
3A6
330
332
100
AcDbEntity
  8
Штриховые
  6
Continuous
100
AcDbLine
 10
1750.0
 20
661.6666666666667
 30
0.0
 11
1487.5
 21
1168.3333333333335
 31
0.0
  0
LINE
  5
3A7
330
332
100
AcDbEntity
  8
Штриховые
  6
Continuous
100
AcDbLine
 10
1225.0
 20
661.6666666666667
 30
0.0
 11
1487.5
 21
1168.3333333333335
 31
0.0
  0
LINE
  5
3A8
330
332
100
AcDbEntity
  8
Окна
100
AcDbLine
 10
1175.0
 20
661.6666666666667
 30
0.0
 11
650.0
 21
661.6666666666667
 31
0.0
  0
LINE
  5
3A9
330
332
100
AcDbEntity
  8
Окна
100
AcDbLine
 10
650.0
 20
661.6666666666667
 30
0.0
 11
650.0
 21
1168.3333333333335
 31
0.0
  0
LINE
  5
3AA
330
332
100
AcDbEntity
  8
Окна
100
AcDbLine
 10
650.0
 20
1168.3333333333335
 30
0.0
 11
1175.0
 21
1168.3333333333335
 31
0.0
  0
LINE
  5
3AB
330
332
100
AcDbEntity
  8
Окна
100
AcDbLine
 10
1175.0
 20
1168.3333333333335
 30
0.0
 11
1175.0
 21
661.6666666666667
 31
0.0
  0
LINE
  5
3AC
330
332
100
AcDbEntity
  8
Окна
100
AcDbLine
 10
1095.0
 20
741.6666666666667
 30
0.0
 11
730.0
 21
741.6666666666667
 31
0.0
  0
LINE
  5
3AD
330
332
100
AcDbEntity
  8
Окна
100
AcDbLine
 10
730.0
 20
741.6666666666667
 30
0.0
 11
730.0
 21
1088.3333333333335
 31
0.0
  0
LINE
  5
3AE
330
332
100
AcDbEntity
  8
Окна
100
AcDbLine
 10
730.0
 20
1088.3333333333335
 30
0.0
 11
1095.0
 21
1088.3333333333335
 31
0.0
  0
LINE
  5
3AF
330
332
100
AcDbEntity
  8
Окна
100
AcDbLine
 10
1095.0
 20
1088.3333333333335
 30
0.0
 11
1095.0
 21
741.6666666666667
 31
0.0
  0
LINE
  5
3B0
330
332
100
AcDbEntity
  8
Окна
100
AcDbLine
 10
1175.0
 20
661.6666666666667
 30
0.0
 11
1095.0
 21
741.6666666666667
 31
0.0
  0
LINE
  5
3B1
330
332
100
AcDbEntity
  8
Окна
100
AcDbLine
 10
650.0
 20
661.6666666666667
 30
0.0
 11
730.0
 21
741.6666666666667
 31
0.0
  0
LINE
  5
3B2
330
332
100
AcDbEntity
  8
Окна
100
AcDbLine
 10
650.0
 20
1168.3333333333335
 30
0.0
 11
730.0
 21
1088.3333333333335
 31
0.0
  0
LINE
  5
3B3
330
332
100
AcDbEntity
  8
Окна
100
AcDbLine
 10
1175.0
 20
1168.3333333333335
 30
0.0
 11
1095.0
 21
1088.3333333333335
 31
0.0
  0
LINE
  5
3B4
330
332
100
AcDbEntity
  8
Штриховые
  6
Continuous
100
AcDbLine
 10
1175.0
 20
661.6666666666667
 30
0.0
 11
650.0
 21
915.0000000000001
 31
0.0
  0
LINE
  5
3B5
330
332
100
AcDbEntity
  8
Штриховые
  6
Continuous
100
AcDbLine
 10
1175.0
 20
1168.3333333333335
 30
0.0
 11
650.0
 21
915.0000000000001
 31
0.0
  0
LINE
  5
3B6
330
332
100
AcDbEntity
  8
Штриховые
  6
Continuous
100
AcDbLine
 10
1175.0
 20
661.6666666666667
 30
0.0
 11
912.5
 21
1168.3333333333335
 31
0.0
  0
LINE
  5
3B7
330
332
100
AcDbEntity
  8
Штриховые
  6
Continuous
100
AcDbLine
 10
650.0
 20
661.6666666666667
 30
0.0
 11
912.5
 21
1168.3333333333335
 31
0.0
  0
LINE
  5
3B8
330
332
100
AcDbEntity
  8
Окна
100
AcDbLine
 10
2325.0
 20
1218.3333333333335
 30
0.0
 11
1800.0
 21
1218.3333333333335
 31
0.0
  0
LINE
  5
3B9
330
332
100
AcDbEntity
  8
Окна
100
AcDbLine
 10
1800.0
 20
1218.3333333333335
 30
0.0
 11
1800.0
 21
1725.0000000000002
 31
0.0
  0
LINE
  5
3BA
330
332
100
AcDbEntity
  8
Окна
100
AcDbLine
 10
1800.0
 20
1725.0000000000002
 30
0.0
 11
2325.0
 21
1725.0000000000002
 31
0.0
  0
LINE
  5
3BB
330
332
100
AcDbEntity
  8
Окна
100
AcDbLine
 10
2325.0
 20
1725.0000000000002
 30
0.0
 11
2325.0
 21
1218.3333333333335
 31
0.0
  0
LINE
  5
3BC
330
332
100
AcDbEntity
  8
Окна
100
AcDbLine
 10
2245.0
 20
1298.3333333333335
 30
0.0
 11
1880.0
 21
1298.3333333333335
 31
0.0
  0
LINE
  5
3BD
330
332
100
AcDbEntity
  8
Окна
100
AcDbLine
 10
1880.0
 20
1298.3333333333335
 30
0.0
 11
1880.0
 21
1645.0000000000002
 31
0.0
  0
LINE
  5
3BE
330
332
100
AcDbEntity
  8
Окна
100
AcDbLine
 10
1880.0
 20
1645.0000000000002
 30
0.0
 11
2245.0
 21
1645.0000000000002
 31
0.0
  0
LINE
  5
3BF
330
332
100
AcDbEntity
  8
Окна
100
AcDbLine
 10
2245.0
 20
1645.0000000000002
 30
0.0
 11
2245.0
 21
1298.3333333333335
 31
0.0
  0
LINE
  5
3C0
330
332
100
AcDbEntity
  8
Окна
100
AcDbLine
 10
2325.0
 20
1218.3333333333335
 30
0.0
 11
2245.0
 21
1298.3333333333335
 31
0.0
  0
LINE
  5
3C1
330
332
100
AcDbEntity
  8
Окна
100
AcDbLine
 10
1800.0
 20
1218.3333333333335
 30
0.0
 11
1880.0
 21
1298.3333333333335
 31
0.0
  0
LINE
  5
3C2
330
332
100
AcDbEntity
  8
Окна
100
AcDbLine
 10
1800.0
 20
1725.0000000000002
 30
0.0
 11
1880.0
 21
1645.0000000000002
 31
0.0
  0
LINE
  5
3C3
330
332
100
AcDbEntity
  8
Окна
100
AcDbLine
 10
2325.0
 20
1725.0000000000002
 30
0.0
 11
2245.0
 21
1645.0000000000002
 31
0.0
  0
LINE
  5
3C4
330
332
100
AcDbEntity
  8
Штриховые
  6
Continuous
100
AcDbLine
 10
2325.0
 20
1218.3333333333335
 30
0.0
 11
1800.0
 21
1471.666666666667
 31
0.0
  0
LINE
  5
3C5
330
332
100
AcDbEntity
  8
Штриховые
  6
Continuous
100
AcDbLine
 10
2325.0
 20
1725.0000000000002
 30
0.0
 11
1800.0
 21
1471.666666666667
 31
0.0
  0
LINE
  5
3C6
330
332
100
AcDbEntity
  8
Штриховые
  6
Continuous
100
AcDbLine
 10
2325.0
 20
1218.3333333333335
 30
0.0
 11
2062.5
 21
1725.0000000000002
 31
0.0
  0
LINE
  5
3C7
330
332
100
AcDbEntity
  8
Штриховые
  6
Continuous
100
AcDbLine
 10
1800.0
 20
1218.3333333333335
 30
0.0
 11
2062.5
 21
1725.0000000000002
 31
0.0
  0
LINE
  5
3C8
330
332
100
AcDbEntity
  8
Окна
100
AcDbLine
 10
1750.0
 20
1218.3333333333335
 30
0.0
 11
1225.0
 21
1218.3333333333335
 31
0.0
  0
LINE
  5
3C9
330
332
100
AcDbEntity
  8
Окна
100
AcDbLine
 10
1225.0
 20
1218.3333333333335
 30
0.0
 11
1225.0
 21
1725.0000000000002
 31
0.0
  0
LINE
  5
3CA
330
332
100
AcDbEntity
  8
Окна
100
AcDbLine
 10
1225.0
 20
1725.0000000000002
 30
0.0
 11
1750.0
 21
1725.0000000000002
 31
0.0
  0
LINE
  5
3CB
330
332
100
AcDbEntity
  8
Окна
100
AcDbLine
 10
1750.0
 20
1725.0000000000002
 30
0.0
 11
1750.0
 21
1218.3333333333335
 31
0.0
  0
LINE
  5
3CC
330
332
100
AcDbEntity
  8
Окна
100
AcDbLine
 10
1670.0
 20
1298.3333333333335
 30
0.0
 11
1305.0
 21
1298.3333333333335
 31
0.0
  0
LINE
  5
3CD
330
332
100
AcDbEntity
  8
Окна
100
AcDbLine
 10
1305.0
 20
1298.3333333333335
 30
0.0
 11
1305.0
 21
1645.0000000000002
 31
0.0
  0
LINE
  5
3CE
330
332
100
AcDbEntity
  8
Окна
100
AcDbLine
 10
1305.0
 20
1645.0000000000002
 30
0.0
 11
1670.0
 21
1645.0000000000002
 31
0.0
  0
LINE
  5
3CF
330
332
100
AcDbEntity
  8
Окна
100
AcDbLine
 10
1670.0
 20
1645.0000000000002
 30
0.0
 11
1670.0
 21
1298.3333333333335
 31
0.0
  0
LINE
  5
3D0
330
332
100
AcDbEntity
  8
Окна
100
AcDbLine
 10
1750.0
 20
1218.3333333333335
 30
0.0
 11
1670.0
 21
1298.3333333333335
 31
0.0
  0
LINE
  5
3D1
330
332
100
AcDbEntity
  8
Окна
100
AcDbLine
 10
1225.0
 20
1218.3333333333335
 30
0.0
 11
1305.0
 21
1298.3333333333335
 31
0.0
  0
LINE
  5
3D2
330
332
100
AcDbEntity
  8
Окна
100
AcDbLine
 10
1225.0
 20
1725.0000000000002
 30
0.0
 11
1305.0
 21
1645.0000000000002
 31
0.0
  0
LINE
  5
3D3
330
332
100
AcDbEntity
  8
Окна
100
AcDbLine
 10
1750.0
 20
1725.0000000000002
 30
0.0
 11
1670.0
 21
1645.0000000000002
 31
0.0
  0
LINE
  5
3D4
330
332
100
AcDbEntity
  8
Штриховые
  6
Continuous
100
AcDbLine
 10
1750.0
 20
1218.3333333333335
 30
0.0
 11
1225.0
 21
1471.666666666667
 31
0.0
  0
LINE
  5
3D5
330
332
100
AcDbEntity
  8
Штриховые
  6
Continuous
100
AcDbLine
 10
1750.0
 20
1725.0000000000002
 30
0.0
 11
1225.0
 21
1471.666666666667
 31
0.0
  0
LINE
  5
3D6
330
332
100
AcDbEntity
  8
Штриховые
  6
Continuous
100
AcDbLine
 10
1750.0
 20
1218.3333333333335
 30
0.0
 11
1487.5
 21
1725.0000000000002
 31
0.0
  0
LINE
  5
3D7
330
332
100
AcDbEntity
  8
Штриховые
  6
Continuous
100
AcDbLine
 10
1225.0
 20
1218.3333333333335
 30
0.0
 11
1487.5
 21
1725.0000000000002
 31
0.0
  0
LINE
  5
3D8
330
332
100
AcDbEntity
  8
Окна
100
AcDbLine
 10
600.0
 20
1218.3333333333335
 30
0.0
 11
75.0
 21
1218.3333333333335
 31
0.0
  0
LINE
  5
3D9
330
332
100
AcDbEntity
  8
Окна
100
AcDbLine
 10
75.0
 20
1218.3333333333335
 30
0.0
 11
75.0
 21
1725.0000000000002
 31
0.0
  0
LINE
  5
3DA
330
332
100
AcDbEntity
  8
Окна
100
AcDbLine
 10
75.0
 20
1725.0000000000002
 30
0.0
 11
600.0
 21
1725.0000000000002
 31
0.0
  0
LINE
  5
3DB
330
332
100
AcDbEntity
  8
Окна
100
AcDbLine
 10
600.0
 20
1725.0000000000002
 30
0.0
 11
600.0
 21
1218.3333333333335
 31
0.0
  0
LINE
  5
3DC
330
332
100
AcDbEntity
  8
Окна
100
AcDbLine
 10
520.0
 20
1298.3333333333335
 30
0.0
 11
155.0
 21
1298.3333333333335
 31
0.0
  0
LINE
  5
3DD
330
332
100
AcDbEntity
  8
Окна
100
AcDbLine
 10
155.0
 20
1298.3333333333335
 30
0.0
 11
155.0
 21
1645.0000000000002
 31
0.0
  0
LINE
  5
3DE
330
332
100
AcDbEntity
  8
Окна
100
AcDbLine
 10
155.0
 20
1645.0000000000002
 30
0.0
 11
520.0
 21
1645.0000000000002
 31
0.0
  0
LINE
  5
3DF
330
332
100
AcDbEntity
  8
Окна
100
AcDbLine
 10
520.0
 20
1645.0000000000002
 30
0.0
 11
520.0
 21
1298.3333333333335
 31
0.0
  0
LINE
  5
3E0
330
332
100
AcDbEntity
  8
Окна
100
AcDbLine
 10
600.0
 20
1218.3333333333335
 30
0.0
 11
520.0
 21
1298.3333333333335
 31
0.0
  0
LINE
  5
3E1
330
332
100
AcDbEntity
  8
Окна
100
AcDbLine
 10
75.0
 20
1218.3333333333335
 30
0.0
 11
155.0
 21
1298.3333333333335
 31
0.0
  0
LINE
  5
3E2
330
332
100
AcDbEntity
  8
Окна
100
AcDbLine
 10
75.0
 20
1725.0000000000002
 30
0.0
 11
155.0
 21
1645.0000000000002
 31
0.0
  0
LINE
  5
3E3
330
332
100
AcDbEntity
  8
Окна
100
AcDbLine
 10
600.0
 20
1725.0000000000002
 30
0.0
 11
520.0
 21
1645.0000000000002
 31
0.0
  0
LINE
  5
3E4
330
332
100
AcDbEntity
  8
Штриховые
  6
Continuous
100
AcDbLine
 10
600.0
 20
1218.3333333333335
 30
0.0
 11
75.0
 21
1471.666666666667
 31
0.0
  0
LINE
  5
3E5
330
332
100
AcDbEntity
  8
Штриховые
  6
Continuous
100
AcDbLine
 10
600.0
 20
1725.0000000000002
 30
0.0
 11
75.0
 21
1471.666666666667
 31
0.0
  0
LINE
  5
3E6
330
332
100
AcDbEntity
  8
Штриховые
  6
Continuous
100
AcDbLine
 10
600.0
 20
1218.3333333333335
 30
0.0
 11
337.5
 21
1725.0000000000002
 31
0.0
  0
LINE
  5
3E7
330
332
100
AcDbEntity
  8
Штриховые
  6
Continuous
100
AcDbLine
 10
75.0
 20
1218.3333333333335
 30
0.0
 11
337.5
 21
1725.0000000000002
 31
0.0
  0
LINE
  5
3E8
330
332
100
AcDbEntity
  8
Окна
100
AcDbLine
 10
600.0
 20
120.0
 30
0.0
 11
650.0
 21
120.0
 31
0.0
  0
LINE
  5
3E9
330
332
100
AcDbEntity
  8
Окна
100
AcDbLine
 10
1175.0
 20
120.0
 30
0.0
 11
1800.0
 21
120.0
 31
0.0
  0
LINE
  5
3EA
330
332
100
AcDbEntity
  8
Окна
100
AcDbLine
 10
1800.0
 20
145.0
 30
0.0
 11
1175.0
 21
145.0
 31
0.0
  0
LINE
  5
3EB
330
332
100
AcDbEntity
  8
Окна
100
AcDbLine
 10
650.0
 20
145.0
 30
0.0
 11
600.0
 21
145.0
 31
0.0
  0
LINE
  5
3EC
330
332
100
AcDbEntity
  8
Окна
100
AcDbLine
 10
600.0
 20
1685.0
 30
0.0
 11
1225.0
 21
1685.0
 31
0.0
  0
LINE
  5
3ED
330
332
100
AcDbEntity
  8
Окна
100
AcDbLine
 10
1750.0
 20
1685.0
 30
0.0
 11
1800.0
 21
1685.0
 31
0.0
  0
LINE
  5
3EE
330
332
100
AcDbEntity
  8
Окна
100
AcDbLine
 10
1800.0
 20
1710.0
 30
0.0
 11
1750.0
 21
1710.0
 31
0.0
  0
LINE
  5
3EF
330
332
100
AcDbEntity
  8
Окна
100
AcDbLine
 10
1225.0
 20
1710.0
 30
0.0
 11
600.0000000000001
 21
1710.0
 31
0.0
  0
LINE
  5
3F0
330
332
100
AcDbEntity
  8
Окна
100
AcDbLine
 10
115.0
 20
611.6666666666667
 30
0.0
 11
115.0
 21
1218.3333333333335
 31
0.0
  0
LINE
  5
3F1
330
332
100
AcDbEntity
  8
Окна
100
AcDbLine
 10
90.0
 20
1218.3333333333335
 30
0.0
 11
90.0
 21
611.6666666666667
 31
0.0
  0
LINE
  5
3F2
330
332
100
AcDbEntity
  8
Окна
100
AcDbLine
 10
2310.0
 20
611.6666666666667
 30
0.0
 11
2310.0
 21
1218.3333333333335
 31
0.0
  0
LINE
  5
3F3
330
332
100
AcDbEntity
  8
Окна
100
AcDbLine
 10
2285.0
 20
1218.3333333333335
 30
0.0
 11
2285.0
 21
611.6666666666667
 31
0.0
  0
LINE
  5
3F4
330
332
100
AcDbEntity
  8
Окна
100
AcDbLine
 10
1735.0
 20
120.0
 30
0.0
 11
1760.0
 21
120.0
 31
0.0
  0
LINE
  5
3F5
330
332
100
AcDbEntity
  8
Окна
100
AcDbLine
 10
1760.0
 20
120.0
 30
0.0
 11
1760.0
 21
596.6666666666667
 31
0.0
  0
LINE
  5
3F6
330
332
100
AcDbEntity
  8
Окна
100
AcDbLine
 10
1760.0
 20
596.6666666666667
 30
0.0
 11
1735.0
 21
596.6666666666667
 31
0.0
  0
LINE
  5
3F7
330
332
100
AcDbEntity
  8
Окна
100
AcDbLine
 10
1735.0
 20
596.6666666666667
 30
0.0
 11
1735.0
 21
120.0
 31
0.0
  0
LINE
  5
3F8
330
332
100
AcDbEntity
  8
Окна
100
AcDbLine
 10
1790.0
 20
120.0
 30
0.0
 11
1800.0
 21
120.0
 31
0.0
  0
LINE
  5
3F9
330
332
100
AcDbEntity
  8
Окна
100
AcDbLine
 10
1800.0
 20
596.6666666666667
 30
0.0
 11
1790.0
 21
596.6666666666667
 31
0.0
  0
LINE
  5
3FA
330
332
100
AcDbEntity
  8
Окна
100
AcDbLine
 10
1790.0
 20
596.6666666666667
 30
0.0
 11
1790.0
 21
120.0
 31
0.0
  0
LINE
  5
3FB
330
332
100
AcDbEntity
  8
Окна
100
AcDbLine
 10
1750.0
 20
676.6666666666667
 30
0.0
 11
1760.0
 21
676.6666666666667
 31
0.0
  0
LINE
  5
3FC
330
332
100
AcDbEntity
  8
Окна
100
AcDbLine
 10
1760.0
 20
676.6666666666667
 30
0.0
 11
1760.0
 21
1153.3333333333335
 31
0.0
  0
LINE
  5
3FD
330
332
100
AcDbEntity
  8
Окна
100
AcDbLine
 10
1760.0
 20
1153.3333333333335
 30
0.0
 11
1750.0
 21
1153.3333333333335
 31
0.0
  0
LINE
  5
3FE
330
332
100
AcDbEntity
  8
Окна
100
AcDbLine
 10
1790.0
 20
676.6666666666667
 30
0.0
 11
1815.0
 21
676.6666666666667
 31
0.0
  0
LINE
  5
3FF
330
332
100
AcDbEntity
  8
Окна
100
AcDbLine
 10
1815.0
 20
676.6666666666667
 30
0.0
 11
1815.0
 21
1153.3333333333335
 31
0.0
  0
LINE
  5
400
330
332
100
AcDbEntity
  8
Окна
100
AcDbLine
 10
1815.0
 20
1153.3333333333335
 30
0.0
 11
1790.0
 21
1153.3333333333335
 31
0.0
  0
LINE
  5
401
330
332
100
AcDbEntity
  8
Окна
100
AcDbLine
 10
1790.0
 20
1153.3333333333335
 30
0.0
 11
1790.0
 21
676.6666666666667
 31
0.0
  0
LINE
  5
402
330
332
100
AcDbEntity
  8
Окна
100
AcDbLine
 10
1750.0
 20
1233.3333333333335
 30
0.0
 11
1760.0
 21
1233.3333333333335
 31
0.0
  0
LINE
  5
403
330
332
100
AcDbEntity
  8
Окна
100
AcDbLine
 10
1760.0
 20
1233.3333333333335
 30
0.0
 11
1760.0
 21
1710.0
 31
0.0
  0
LINE
  5
404
330
332
100
AcDbEntity
  8
Окна
100
AcDbLine
 10
1760.0
 20
1710.0
 30
0.0
 11
1750.0
 21
1710.0
 31
0.0
  0
LINE
  5
405
330
332
100
AcDbEntity
  8
Окна
100
AcDbLine
 10
1790.0
 20
1233.3333333333335
 30
0.0
 11
1800.0
 21
1233.3333333333335
 31
0.0
  0
LINE
  5
406
330
332
100
AcDbEntity
  8
Окна
100
AcDbLine
 10
1800.0
 20
1710.0
 30
0.0
 11
1790.0
 21
1710.0
 31
0.0
  0
LINE
  5
407
330
332
100
AcDbEntity
  8
Окна
100
AcDbLine
 10
1790.0
 20
1710.0
 30
0.0
 11
1790.0
 21
1233.3333333333335
 31
0.0
  0
LINE
  5
408
330
332
100
AcDbEntity
  8
Окна
100
AcDbLine
 10
1175.0
 20
120.0
 30
0.0
 11
1185.0
 21
120.0
 31
0.0
  0
LINE
  5
409
330
332
100
AcDbEntity
  8
Окна
100
AcDbLine
 10
1185.0
 20
120.0
 30
0.0
 11
1185.0
 21
596.6666666666667
 31
0.0
  0
LINE
  5
40A
330
332
100
AcDbEntity
  8
Окна
100
AcDbLine
 10
1185.0
 20
596.6666666666667
 30
0.0
 11
1175.0
 21
596.6666666666667
 31
0.0
  0
LINE
  5
40B
330
332
100
AcDbEntity
  8
Окна
100
AcDbLine
 10
1215.0
 20
120.0
 30
0.0
 11
1240.0
 21
120.0
 31
0.0
  0
LINE
  5
40C
330
332
100
AcDbEntity
  8
Окна
100
AcDbLine
 10
1240.0
 20
120.0
 30
0.0
 11
1240.0
 21
596.6666666666667
 31
0.0
  0
LINE
  5
40D
330
332
100
AcDbEntity
  8
Окна
100
AcDbLine
 10
1240.0
 20
596.6666666666667
 30
0.0
 11
1215.0
 21
596.6666666666667
 31
0.0
  0
LINE
  5
40E
330
332
100
AcDbEntity
  8
Окна
100
AcDbLine
 10
1215.0
 20
596.6666666666667
 30
0.0
 11
1215.0
 21
120.0
 31
0.0
  0
LINE
  5
40F
330
332
100
AcDbEntity
  8
Окна
100
AcDbLine
 10
1175.0
 20
676.6666666666667
 30
0.0
 11
1185.0
 21
676.6666666666667
 31
0.0
  0
LINE
  5
410
330
332
100
AcDbEntity
  8
Окна
100
AcDbLine
 10
1185.0
 20
676.6666666666667
 30
0.0
 11
1185.0
 21
1153.3333333333335
 31
0.0
  0
LINE
  5
411
330
332
100
AcDbEntity
  8
Окна
100
AcDbLine
 10
1185.0
 20
1153.3333333333335
 30
0.0
 11
1175.0
 21
1153.3333333333335
 31
0.0
  0
LINE
  5
412
330
332
100
AcDbEntity
  8
Окна
100
AcDbLine
 10
1215.0
 20
676.6666666666667
 30
0.0
 11
1225.0
 21
676.6666666666667
 31
0.0
  0
LINE
  5
413
330
332
100
AcDbEntity
  8
Окна
100
AcDbLine
 10
1225.0
 20
1153.3333333333335
 30
0.0
 11
1215.0
 21
1153.3333333333335
 31
0.0
  0
LINE
  5
414
330
332
100
AcDbEntity
  8
Окна
100
AcDbLine
 10
1215.0
 20
1153.3333333333335
 30
0.0
 11
1215.0
 21
676.6666666666667
 31
0.0
  0
LINE
  5
415
330
332
100
AcDbEntity
  8
Окна
100
AcDbLine
 10
1160.0
 20
1233.3333333333335
 30
0.0
 11
1185.0
 21
1233.3333333333335
 31
0.0
  0
LINE
  5
416
330
332
100
AcDbEntity
  8
Окна
100
AcDbLine
 10
1185.0
 20
1233.3333333333335
 30
0.0
 11
1185.0
 21
1710.0
 31
0.0
  0
LINE
  5
417
330
332
100
AcDbEntity
  8
Окна
100
AcDbLine
 10
1185.0
 20
1710.0
 30
0.0
 11
1160.0
 21
1710.0
 31
0.0
  0
LINE
  5
418
330
332
100
AcDbEntity
  8
Окна
100
AcDbLine
 10
1160.0
 20
1710.0
 30
0.0
 11
1160.0
 21
1233.3333333333335
 31
0.0
  0
LINE
  5
419
330
332
100
AcDbEntity
  8
Окна
100
AcDbLine
 10
1215.0
 20
1233.3333333333335
 30
0.0
 11
1225.0
 21
1233.3333333333335
 31
0.0
  0
LINE
  5
41A
330
332
100
AcDbEntity
  8
Окна
100
AcDbLine
 10
1225.0
 20
1710.0
 30
0.0
 11
1215.0
 21
1710.0
 31
0.0
  0
LINE
  5
41B
330
332
100
AcDbEntity
  8
Окна
100
AcDbLine
 10
1215.0
 20
1710.0
 30
0.0
 11
1215.0
 21
1233.3333333333335
 31
0.0
  0
LINE
  5
41C
330
332
100
AcDbEntity
  8
Окна
100
AcDbLine
 10
600.0
 20
120.0
 30
0.0
 11
610.0
 21
120.0
 31
0.0
  0
LINE
  5
41D
330
332
100
AcDbEntity
  8
Окна
100
AcDbLine
 10
610.0
 20
120.0
 30
0.0
 11
610.0
 21
596.6666666666667
 31
0.0
  0
LINE
  5
41E
330
332
100
AcDbEntity
  8
Окна
100
AcDbLine
 10
610.0
 20
596.6666666666667
 30
0.0
 11
600.0
 21
596.6666666666667
 31
0.0
  0
LINE
  5
41F
330
332
100
AcDbEntity
  8
Окна
100
AcDbLine
 10
640.0
 20
120.0
 30
0.0
 11
650.0
 21
120.0
 31
0.0
  0
LINE
  5
420
330
332
100
AcDbEntity
  8
Окна
100
AcDbLine
 10
650.0
 20
596.6666666666667
 30
0.0
 11
640.0
 21
596.6666666666667
 31
0.0
  0
LINE
  5
421
330
332
100
AcDbEntity
  8
Окна
100
AcDbLine
 10
640.0
 20
596.6666666666667
 30
0.0
 11
640.0
 21
120.0
 31
0.0
  0
LINE
  5
422
330
332
100
AcDbEntity
  8
Окна
100
AcDbLine
 10
585.0
 20
676.6666666666667
 30
0.0
 11
610.0
 21
676.6666666666667
 31
0.0
  0
LINE
  5
423
330
332
100
AcDbEntity
  8
Окна
100
AcDbLine
 10
610.0
 20
676.6666666666667
 30
0.0
 11
610.0
 21
1153.3333333333335
 31
0.0
  0
LINE
  5
424
330
332
100
AcDbEntity
  8
Окна
100
AcDbLine
 10
610.0
 20
1153.3333333333335
 30
0.0
 11
585.0
 21
1153.3333333333335
 31
0.0
  0
LINE
  5
425
330
332
100
AcDbEntity
  8
Окна
100
AcDbLine
 10
585.0
 20
1153.3333333333335
 30
0.0
 11
585.0
 21
676.6666666666667
 31
0.0
  0
LINE
  5
426
330
332
100
AcDbEntity
  8
Окна
100
AcDbLine
 10
640.0
 20
676.6666666666667
 30
0.0
 11
650.0
 21
676.6666666666667
 31
0.0
  0
LINE
  5
427
330
332
100
AcDbEntity
  8
Окна
100
AcDbLine
 10
650.0
 20
1153.3333333333335
 30
0.0
 11
640.0
 21
1153.3333333333335
 31
0.0
  0
LINE
  5
428
330
332
100
AcDbEntity
  8
Окна
100
AcDbLine
 10
640.0
 20
1153.3333333333335
 30
0.0
 11
640.0
 21
676.6666666666667
 31
0.0
  0
LINE
  5
429
330
332
100
AcDbEntity
  8
Окна
100
AcDbLine
 10
600.0
 20
1233.3333333333335
 30
0.0
 11
610.0
 21
1233.3333333333335
 31
0.0
  0
LINE
  5
42A
330
332
100
AcDbEntity
  8
Окна
100
AcDbLine
 10
610.0
 20
1233.3333333333335
 30
0.0
 11
610.0
 21
1710.0
 31
0.0
  0
LINE
  5
42B
330
332
100
AcDbEntity
  8
Окна
100
AcDbLine
 10
610.0
 20
1710.0
 30
0.0
 11
600.0
 21
1710.0
 31
0.0
  0
LINE
  5
42C
330
332
100
AcDbEntity
  8
Окна
100
AcDbLine
 10
640.0
 20
1233.3333333333335
 30
0.0
 11
665.0
 21
1233.3333333333335
 31
0.0
  0
LINE
  5
42D
330
332
100
AcDbEntity
  8
Окна
100
AcDbLine
 10
665.0
 20
1233.3333333333335
 30
0.0
 11
665.0
 21
1710.0
 31
0.0
  0
LINE
  5
42E
330
332
100
AcDbEntity
  8
Окна
100
AcDbLine
 10
665.0
 20
1710.0
 30
0.0
 11
640.0
 21
1710.0
 31
0.0
  0
LINE
  5
42F
330
332
100
AcDbEntity
  8
Окна
100
AcDbLine
 10
640.0
 20
1710.0
 30
0.0
 11
640.0
 21
1233.3333333333335
 31
0.0
  0
LINE
  5
430
330
332
100
AcDbEntity
  8
Окна
100
AcDbLine
 10
600.0
 20
596.6666666666667
 30
0.0
 11
650.0
 21
596.6666666666667
 31
0.0
  0
LINE
  5
431
330
332
100
AcDbEntity
  8
Окна
100
AcDbLine
 10
1175.0
 20
596.6666666666667
 30
0.0
 11
1800.0
 21
596.6666666666667
 31
0.0
  0
LINE
  5
432
330
332
100
AcDbEntity
  8
Окна
100
AcDbLine
 10
2310.0
 20
611.6666666666667
 30
0.0
 11
2310.0
 21
621.6666666666667
 31
0.0
  0
LINE
  5
433
330
332
100
AcDbEntity
  8
Окна
100
AcDbLine
 10
2310.0
 20
621.6666666666667
 30
0.0
 11
90.0
 21
621.6666666666667
 31
0.0
  0
LINE
  5
434
330
332
100
AcDbEntity
  8
Окна
100
AcDbLine
 10
90.0
 20
621.6666666666667
 30
0.0
 11
90.0
 21
611.6666666666667
 31
0.0
  0
LINE
  5
435
330
332
100
AcDbEntity
  8
Окна
100
AcDbLine
 10
90.0
 20
651.6666666666667
 30
0.0
 11
2310.0
 21
651.6666666666667
 31
0.0
  0
LINE
  5
436
330
332
100
AcDbEntity
  8
Окна
100
AcDbLine
 10
2310.0
 20
651.6666666666667
 30
0.0
 11
2310.0
 21
676.6666666666667
 31
0.0
  0
LINE
  5
437
330
332
100
AcDbEntity
  8
Окна
100
AcDbLine
 10
2310.0
 20
676.6666666666667
 30
0.0
 11
1750.0
 21
676.6666666666667
 31
0.0
  0
LINE
  5
438
330
332
100
AcDbEntity
  8
Окна
100
AcDbLine
 10
1225.0
 20
676.6666666666667
 30
0.0
 11
1175.0
 21
676.6666666666667
 31
0.0
  0
LINE
  5
439
330
332
100
AcDbEntity
  8
Окна
100
AcDbLine
 10
649.9999999999999
 20
676.6666666666667
 30
0.0
 11
90.0
 21
676.6666666666667
 31
0.0
  0
LINE
  5
43A
330
332
100
AcDbEntity
  8
Окна
100
AcDbLine
 10
90.0
 20
676.6666666666667
 30
0.0
 11
90.0
 21
651.6666666666667
 31
0.0
  0
LINE
  5
43B
330
332
100
AcDbEntity
  8
Окна
100
AcDbLine
 10
90.0
 20
1153.3333333333335
 30
0.0
 11
650.0
 21
1153.3333333333335
 31
0.0
  0
LINE
  5
43C
330
332
100
AcDbEntity
  8
Окна
100
AcDbLine
 10
1175.0
 20
1153.3333333333335
 30
0.0
 11
1225.0
 21
1153.3333333333335
 31
0.0
  0
LINE
  5
43D
330
332
100
AcDbEntity
  8
Окна
100
AcDbLine
 10
1750.0
 20
1153.3333333333335
 30
0.0
 11
2310.0
 21
1153.3333333333335
 31
0.0
  0
LINE
  5
43E
330
332
100
AcDbEntity
  8
Окна
100
AcDbLine
 10
2310.0
 20
1153.3333333333335
 30
0.0
 11
2310.0
 21
1178.3333333333335
 31
0.0
  0
LINE
  5
43F
330
332
100
AcDbEntity
  8
Окна
100
AcDbLine
 10
2310.0
 20
1178.3333333333335
 30
0.0
 11
90.0
 21
1178.3333333333335
 31
0.0
  0
LINE
  5
440
330
332
100
AcDbEntity
  8
Окна
100
AcDbLine
 10
90.0
 20
1178.3333333333335
 30
0.0
 11
90.0
 21
1153.3333333333335
 31
0.0
  0
LINE
  5
441
330
332
100
AcDbEntity
  8
Окна
100
AcDbLine
 10
90.0
 20
1208.3333333333335
 30
0.0
 11
2310.0
 21
1208.3333333333335
 31
0.0
  0
LINE
  5
442
330
332
100
AcDbEntity
  8
Окна
100
AcDbLine
 10
2310.0
 20
1208.3333333333335
 30
0.0
 11
2310.0
 21
1218.3333333333335
 31
0.0
  0
LINE
  5
443
330
332
100
AcDbEntity
  8
Окна
100
AcDbLine
 10
1800.0
 20
1233.3333333333335
 30
0.0
 11
1750.0
 21
1233.3333333333335
 31
0.0
  0
LINE
  5
444
330
332
100
AcDbEntity
  8
Окна
100
AcDbLine
 10
1225.0
 20
1233.3333333333335
 30
0.0
 11
600.0000000000001
 21
1233.3333333333335
 31
0.0
  0
LINE
  5
445
330
332
100
AcDbEntity
  8
Окна
100
AcDbLine
 10
90.0
 20
1218.3333333333335
 30
0.0
 11
90.0
 21
1208.3333333333335
 31
0.0
  0
ATTDEF
  5
446
330
332
100
AcDbEntity
  8
Текст
100
AcDbText
 10
0.0
 20
2110.0
 30
0.0
 40
30.0
  1
Пример 08
  7
Основной стиль (для надписей)
100
AcDbAttributeDefinition
  3
Объект
  2
OBJECT
 70
0
  0
ATTDEF
  5
447
330
332
100
AcDbEntity
  8
Текст
100
AcDbText
 10
0.0
 20
2060.0
 30
0.0
 40
30.0
  1
ОК-4.3/1 шт.
  7
Основной стиль (для надписей)
100
AcDbAttributeDefinition
  3
Окно / кол-во
  2
WINDOW
 70
0
  0
ATTDEF
  5
448
330
332
100
AcDbEntity
  8
Текст
100
AcDbText
 10
0.0
 20
2010.0
 30
0.0
 40
30.0
  1
RAL8017/RAL9016
  7
Основной стиль (для надписей)
100
AcDbAttributeDefinition
  3
Цвет
  2
COLOR
 70
0
  0
ATTDEF
  5
449
330
332
100
AcDbEntity
  8
Текст
100
AcDbText
 10
0.0
 20
1960.0
 30
0.0
 40
30.0
  1
Заполнение СПД42
  7
Основной стиль (для надписей)
100
AcDbAttributeDefinition
  3
Заполнение
  2
GLAZING
 70
0
  0
ATTDEF
  5
44A
330
332
100
AcDbEntity
  8
Текст
100
AcDbText
 10
0.0
 20
1910.0
 30
0.0
 40
30.0
  1
2400х1800
  7
Основной стиль (для надписей)
100
AcDbAttributeDefinition
  3
Габарит
  2
SIZE
 70
0
  0
ATTDEF
  5
44B
330
332
100
AcDbEntity
  8
Текст
100
AcDbText
 10
0.0
 20
1860.0
 30
0.0
 40
30.0
  1
4х3
  7
Основной стиль (для надписей)
100
AcDbAttributeDefinition
  3
Сетка
  2
GRID
 70
0
  0
TEXT
  5
44C
330
332
100
AcDbEntity
  8
Текст
100
AcDbText
 10
2400.0
 20
1860.0
 30
0.0
 40
30.0
  1
S=4.32 м²
  7
Основной стиль (для надписей)
 72
2
 11
2400.0
 21
1860.0
 31
0.0
100
AcDbText
 73
3
  0
DIMENSION
  5
44D
330
332
100
AcDbEntity
  8
Размеры
100
AcDbDimension
280
0
  3
Основной стиль
 10
30.0
 20
-80.0
 30
0.0
 11
327.5
 21
-52.0
 31
0.0
 70
32
 71
5
  1
<>
100
AcDbAlignedDimension
 13
30.0
 23
30.0
 33
0.0
 14
625.0
 24
30.0
 34
0.0
 50
0.0
100
AcDbRotatedDimension
  0
DIMENSION
  5
44E
330
332
100
AcDbEntity
  8
Размеры
100
AcDbDimension
280
0
  3
Основной стиль
 10
625.0
 20
-80.0
 30
0.0
 11
912.5
 21
-52.0
 31
0.0
 70
32
 71
5
  1
<>
100
AcDbAlignedDimension
 13
625.0
 23
30.0
 33
0.0
 14
1200.0
 24
30.0
 34
0.0
 50
0.0
100
AcDbRotatedDimension
  0
DIMENSION
  5
44F
330
332
100
AcDbEntity
  8
Размеры
100
AcDbDimension
280
0
  3
Основной стиль
 10
1200.0
 20
-80.0
 30
0.0
 11
1487.5
 21
-52.0
 31
0.0
 70
32
 71
5
  1
<>
100
AcDbAlignedDimension
 13
1200.0
 23
30.0
 33
0.0
 14
1775.0
 24
30.0
 34
0.0
 50
0.0
100
AcDbRotatedDimension
  0
DIMENSION
  5
450
330
332
100
AcDbEntity
  8
Размеры
100
AcDbDimension
280
0
  3
Основной стиль
 10
1775.0
 20
-80.0
 30
0.0
 11
2072.5
 21
-52.0
 31
0.0
 70
32
 71
5
  1
<>
100
AcDbAlignedDimension
 13
1775.0
 23
30.0
 33
0.0
 14
2370.0
 24
30.0
 34
0.0
 50
0.0
100
AcDbRotatedDimension
  0
DIMENSION
  5
451
330
332
100
AcDbEntity
  8
Размеры
100
AcDbDimension
280
0
  3
Основной стиль с точками
 10
30.0
 20
-160.0
 30
0.0
 11
1200.0
 21
-132.0
 31
0.0
 70
32
 71
5
  1
<>
100
AcDbAlignedDimension
 13
30.0
 23
30.0
 33
0.0
 14
2370.0
 24
30.0
 34
0.0
 50
0.0
100
AcDbRotatedDimension
  0
DIMENSION
  5
452
330
332
100
AcDbEntity
  8
Размеры
100
AcDbDimension
280
0
  3
Основной стиль
 10
0.0
 20
-240.0
 30
0.0
 11
1200.0
 21
-212.0
 31
0.0
 70
32
 71
5
  1
<>
100
AcDbAlignedDimension
 13
0.0
 23
0.0
 33
0.0
 14
2400.0
 24
0.0
 34
0.0
 50
0.0
100
AcDbRotatedDimension
  0
DIMENSION
  5
453
330
332
100
AcDbEntity
  8
Размеры
100
AcDbDimension
280
0
  3
Основной стиль
 10
0.0
 20
-160.0
 30
0.0
 11
15.0
 21
-120.0
 31
0.0
 70
32
 71
5
  1
<>
100
AcDbAlignedDimension
 13
0.0
 23
0.0
 33
0.0
 14
30.0
 24
0.0
 34
0.0
 50
0.0
100
AcDbRotatedDimension
  0
DIMENSION
  5
454
330
332
100
AcDbEntity
  8
Размеры
100
AcDbDimension
280
0
  3
Основной стиль
 10
2370.0
 20
-160.0
 30
0.0
 11
2385.0
 21
-120.0
 31
0.0
 70
32
 71
5
  1
<>
100
AcDbAlignedDimension
 13
2370.0
 23
0.0
 33
0.0
 14
2400.0
 24
0.0
 34
0.0
 50
0.0
100
AcDbRotatedDimension
  0
DIMENSION
  5
455
330
332
100
AcDbEntity
  8
Размеры
100
AcDbDimension
280
0
  3
Основной стиль
 10
2480.0
 20
60.0
 30
0.0
 11
2452.0
 21
348.33333333333337
 31
0.0
 70
32
 71
5
  1
<>
100
AcDbAlignedDimension
 13
2370.0
 23
60.0
 33
0.0
 14
2370.0
 24
636.6666666666667
 34
0.0
 50
90.0
100
AcDbRotatedDimension
  0
DIMENSION
  5
456
330
332
100
AcDbEntity
  8
Размеры
100
AcDbDimension
280
0
  3
Основной стиль
 10
2480.0
 20
636.6666666666667
 30
0.0
 11
2452.0
 21
915.0000000000001
 31
0.0
 70
32
 71
5
  1
<>
100
AcDbAlignedDimension
 13
2370.0
 23
636.6666666666667
 33
0.0
 14
2370.0
 24
1193.3333333333335
 34
0.0
 50
90.0
100
AcDbRotatedDimension
  0
DIMENSION
  5
457
330
332
100
AcDbEntity
  8
Размеры
100
AcDbDimension
280
0
  3
Основной стиль
 10
2480.0
 20
1193.3333333333335
 30
0.0
 11
2452.0
 21
1481.6666666666667
 31
0.0
 70
32
 71
5
  1
<>
100
AcDbAlignedDimension
 13
2370.0
 23
1193.3333333333335
 33
0.0
 14
2370.0
 24
1770.0
 34
0.0
 50
90.0
100
AcDbRotatedDimension
  0
DIMENSION
  5
458
330
332
100
AcDbEntity
  8
Размеры
100
AcDbDimension
280
0
  3
Основной стиль с точками
 10
2560.0
 20
60.0
 30
0.0
 11
2532.0
 21
915.0
 31
0.0
 70
32
 71
5
  1
<>
100
AcDbAlignedDimension
 13
2370.0
 23
60.0
 33
0.0
 14
2370.0
 24
1770.0
 34
0.0
 50
90.0
100
AcDbRotatedDimension
  0
DIMENSION
  5
459
330
332
100
AcDbEntity
  8
Размеры
100
AcDbDimension
280
0
  3
Основной стиль с точками
 10
2480.0
 20
30.0
 30
0.0
 11
2440.0
 21
45.0
 31
0.0
 70
32
 71
5
  1
<>
100
AcDbAlignedDimension
 13
2370.0
 23
30.0
 33
0.0
 14
2370.0
 24
60.0
 34
0.0
 50
90.0
100
AcDbRotatedDimension
  0
DIMENSION
  5
45A
330
332
100
AcDbEntity
  8
Размеры
100
AcDbDimension
280
0
  3
Основной стиль
 10
2640.0
 20
0.0
 30
0.0
 11
2612.0
 21
900.0
 31
0.0
 70
32
 71
5
  1
<>
100
AcDbAlignedDimension
 13
2400.0
 23
0.0
 33
0.0
 14
2400.0
 24
1800.0
 34
0.0
 50
90.0
100
AcDbRotatedDimension
  0
DIMENSION
  5
45B
330
332
100
AcDbEntity
  8
Размеры
100
AcDbDimension
280
0
  3
Основной стиль
 10
2560.0
 20
0.0
 30
0.0
 11
2520.0
 21
15.0
 31
0.0
 70
32
 71
5
  1
<>
100
AcDbAlignedDimension
 13
2400.0
 23
0.0
 33
0.0
 14
2400.0
 24
30.0
 34
0.0
 50
90.0
100
AcDbRotatedDimension
  0
DIMENSION
  5
45C
330
332
100
AcDbEntity
  8
Размеры
100
AcDbDimension
280
0
  3
Основной стиль
 10
2560.0
 20
1770.0
 30
0.0
 11
2520.0
 21
1785.0
 31
0.0
 70
32
 71
5
  1
<>
100
AcDbAlignedDimension
 13
2400.0
 23
1770.0
 33
0.0
 14
2400.0
 24
1800.0
 34
0.0
 50
90.0
100
AcDbRotatedDimension
  0
ENDBLK
  5
334
330
332
100
AcDbEntity
  8
0
100
AcDbBlockEnd
  0
BLOCK
  5
45E
330
45D
100
AcDbEntity
  8
0
100
AcDbBlockBegin
  2
Пример 09 ОК-6.3 3600х2000 6x3 Снаружи #09
 70
2
 10
0.0
 20
0.0
 30
0.0
  3
Пример 09 ОК-6.3 3600х2000 6x3 Снаружи #09
  1

  0
LWPOLYLINE
  5
460
330
45D
100
AcDbEntity
  8
Штриховые
100
AcDbPolyline
 90
4
 70
1
 10
0.0
 20
0.0
 10
3600.0
 20
0.0
 10
3600.0
 20
2000.0
 10
0.0
 20
2000.0
  0
LWPOLYLINE
  5
461
330
45D
100
AcDbEntity
  8
Окна
100
AcDbPolyline
 90
4
 70
1
 10
30.0
 20
60.0
 10
3570.0
 20
60.0
 10
3570.0
 20
1970.0
 10
30.0
 20
1970.0
  0
LWPOLYLINE
  5
462
330
45D
100
AcDbEntity
  8
Окна
100
AcDbPolyline
 90
4
 70
1
 10
90.0
 20
120.0
 10
3510.0
 20
120.0
 10
3510.0
 20
1910.0
 10
90.0
 20
1910.0
  0
LINE
  5
463
330
45D
100
AcDbEntity
  8
Окна
100
AcDbLine
 10
30.0
 20
60.0
 30
0.0
 11
90.0
 21
120.0
 31
0.0
  0
LINE
  5
464
330
45D
100
AcDbEntity
  8
Окна
100
AcDbLine
 10
3570.0
 20
60.0
 30
0.0
 11
3510.0
 21
120.0
 31
0.0
  0
LINE
  5
465
330
45D
100
AcDbEntity
  8
Окна
100
AcDbLine
 10
3570.0
 20
1970.0
 30
0.0
 11
3510.0
 21
1910.0
 31
0.0
  0
LINE
  5
466
330
45D
100
AcDbEntity
  8
Окна
100
AcDbLine
 10
30.0
 20
1970.0
 30
0.0
 11
90.0
 21
1910.0
 31
0.0
  0
LWPOLYLINE
  5
467
330
45D
100
AcDbEntity
  8
Окна
100
AcDbPolyline
 90
4
 70
1
 10
593.3333333333333
 20
120.0
 10
673.3333333333333
 20
120.0
 10
673.3333333333333
 20
1910.0
 10
593.3333333333333
 20
1910.0
  0
LWPOLYLINE
  5
468
330
45D
100
AcDbEntity
  8
Окна
100
AcDbPolyline
 90
4
 70
1
 10
1176.6666666666665
 20
120.0
 10
1256.6666666666665
 20
120.0
 10
1256.6666666666665
 20
1910.0
 10
1176.6666666666665
 20
1910.0
  0
LWPOLYLINE
  5
469
330
45D
100
AcDbEntity
  8
Окна
100
AcDbPolyline
 90
4
 70
1
 10
1760.0
 20
120.0
 10
1840.0
 20
120.0
 10
1840.0
 20
1910.0
 10
1760.0
 20
1910.0
  0
LWPOLYLINE
  5
46A
330
45D
100
AcDbEntity
  8
Окна
100
AcDbPolyline
 90
4
 70
1
 10
2343.333333333333
 20
120.0
 10
2423.333333333333
 20
120.0
 10
2423.333333333333
 20
1910.0
 10
2343.333333333333
 20
1910.0
  0
LWPOLYLINE
  5
46B
330
45D
100
AcDbEntity
  8
Окна
100
AcDbPolyline
 90
4
 70
1
 10
2926.6666666666665
 20
120.0
 10
3006.6666666666665
 20
120.0
 10
3006.6666666666665
 20
1910.0
 10
2926.6666666666665
 20
1910.0
  0
LWPOLYLINE
  5
46C
330
45D
100
AcDbEntity
  8
Окна
100
AcDbPolyline
 90
4
 70
1
 10
90.0
 20
663.3333333333334
 10
593.3333333333333
 20
663.3333333333334
 10
593.3333333333333
 20
743.3333333333334
 10
90.0
 20
743.3333333333334
  0
LWPOLYLINE
  5
46D
330
45D
100
AcDbEntity
  8
Окна
100
AcDbPolyline
 90
4
 70
1
 10
673.3333333333333
 20
663.3333333333334
 10
1176.6666666666665
 20
663.3333333333334
 10
1176.6666666666665
 20
743.3333333333334
 10
673.3333333333333
 20
743.3333333333334
  0
LWPOLYLINE
  5
46E
330
45D
100
AcDbEntity
  8
Окна
100
AcDbPolyline
 90
4
 70
1
 10
1256.6666666666665
 20
663.3333333333334
 10
1760.0
 20
663.3333333333334
 10
1760.0
 20
743.3333333333334
 10
1256.6666666666665
 20
743.3333333333334
  0
LWPOLYLINE
  5
46F
330
45D
100
AcDbEntity
  8
Окна
100
AcDbPolyline
 90
4
 70
1
 10
1840.0
 20
663.3333333333334
 10
2343.333333333333
 20
663.3333333333334
 10
2343.333333333333
 20
743.3333333333334
 10
1840.0
 20
743.3333333333334
  0
LWPOLYLINE
  5
470
330
45D
100
AcDbEntity
  8
Окна
100
AcDbPolyline
 90
4
 70
1
 10
2423.333333333333
 20
663.3333333333334
 10
2926.6666666666665
 20
663.3333333333334
 10
2926.6666666666665
 20
743.3333333333334
 10
2423.333333333333
 20
743.3333333333334
  0
LWPOLYLINE
  5
471
330
45D
100
AcDbEntity
  8
Окна
100
AcDbPolyline
 90
4
 70
1
 10
3006.6666666666665
 20
663.3333333333334
 10
3510.0
 20
663.3333333333334
 10
3510.0
 20
743.3333333333334
 10
3006.6666666666665
 20
743.3333333333334
  0
LWPOLYLINE
  5
472
330
45D
100
AcDbEntity
  8
Окна
100
AcDbPolyline
 90
4
 70
1
 10
90.0
 20
1286.6666666666667
 10
593.3333333333333
 20
1286.6666666666667
 10
593.3333333333333
 20
1366.6666666666667
 10
90.0
 20
1366.6666666666667
  0
LWPOLYLINE
  5
473
330
45D
100
AcDbEntity
  8
Окна
100
AcDbPolyline
 90
4
 70
1
 10
673.3333333333333
 20
1286.6666666666667
 10
1176.6666666666665
 20
1286.6666666666667
 10
1176.6666666666665
 20
1366.6666666666667
 10
673.3333333333333
 20
1366.6666666666667
  0
LWPOLYLINE
  5
474
330
45D
100
AcDbEntity
  8
Окна
100
AcDbPolyline
 90
4
 70
1
 10
1256.6666666666665
 20
1286.6666666666667
 10
1760.0
 20
1286.6666666666667
 10
1760.0
 20
1366.6666666666667
 10
1256.6666666666665
 20
1366.6666666666667
  0
LWPOLYLINE
  5
475
330
45D
100
AcDbEntity
  8
Окна
100
AcDbPolyline
 90
4
 70
1
 10
1840.0
 20
1286.6666666666667
 10
2343.333333333333
 20
1286.6666666666667
 10
2343.333333333333
 20
1366.6666666666667
 10
1840.0
 20
1366.6666666666667
  0
LWPOLYLINE
  5
476
330
45D
100
AcDbEntity
  8
Окна
100
AcDbPolyline
 90
4
 70
1
 10
2423.333333333333
 20
1286.6666666666667
 10
2926.6666666666665
 20
1286.6666666666667
 10
2926.6666666666665
 20
1366.6666666666667
 10
2423.333333333333
 20
1366.6666666666667
  0
LWPOLYLINE
  5
477
330
45D
100
AcDbEntity
  8
Окна
100
AcDbPolyline
 90
4
 70
1
 10
3006.6666666666665
 20
1286.6666666666667
 10
3510.0
 20
1286.6666666666667
 10
3510.0
 20
1366.6666666666667
 10
3006.6666666666665
 20
1366.6666666666667
  0
LWPOLYLINE
  5
478
330
45D
100
AcDbEntity
  8
Окна
100
AcDbPolyline
 90
4
 70
1
 10
30.0
 20
30.0
 10
3570.0
 20
30.0
 10
3570.0
 20
60.0
 10
30.0
 20
60.0
  0
LWPOLYLINE
  5
479
330
45D
100
AcDbEntity
  8
Окна
100
AcDbPolyline
 90
4
 70
1
 10
90.0
 20
120.0
 10
3510.0
 20
120.0
 10
3510.0
 20
145.0
 10
90.0
 20
145.0
  0
LWPOLYLINE
  5
47A
330
45D
100
AcDbEntity
  8
Окна
100
AcDbPolyline
 90
4
 70
1
 10
90.0
 20
1885.0
 10
3510.0
 20
1885.0
 10
3510.0
 20
1910.0
 10
90.0
 20
1910.0
  0
LWPOLYLINE
  5
47B
330
45D
100
AcDbEntity
  8
Окна
100
AcDbPolyline
 90
4
 70
1
 10
90.0
 20
145.0
 10
115.0
 20
145.0
 10
115.0
 20
1885.0
 10
90.0
 20
1885.0
  0
LWPOLYLINE
  5
47C
330
45D
100
AcDbEntity
  8
Окна
100
AcDbPolyline
 90
4
 70
1
 10
3485.0
 20
145.0
 10
3510.0
 20
145.0
 10
3510.0
 20
1885.0
 10
3485.0
 20
1885.0
  0
LWPOLYLINE
  5
47D
330
45D
100
AcDbEntity
  8
Окна
100
AcDbPolyline
 90
4
 70
1
 10
593.3333333333333
 20
120.0
 10
618.3333333333333
 20
120.0
 10
618.3333333333333
 20
1910.0
 10
593.3333333333333
 20
1910.0
  0
LWPOLYLINE
  5
47E
330
45D
100
AcDbEntity
  8
Окна
100
AcDbPolyline
 90
4
 70
1
 10
648.3333333333333
 20
120.0
 10
673.3333333333333
 20
120.0
 10
673.3333333333333
 20
1910.0
 10
648.3333333333333
 20
1910.0
  0
LWPOLYLINE
  5
47F
330
45D
100
AcDbEntity
  8
Окна
100
AcDbPolyline
 90
4
 70
1
 10
1176.6666666666665
 20
120.0
 10
1201.6666666666665
 20
120.0
 10
1201.6666666666665
 20
1910.0
 10
1176.6666666666665
 20
1910.0
  0
LWPOLYLINE
  5
480
330
45D
100
AcDbEntity
  8
Окна
100
AcDbPolyline
 90
4
 70
1
 10
1231.6666666666665
 20
120.0
 10
1256.6666666666665
 20
120.0
 10
1256.6666666666665
 20
1910.0
 10
1231.6666666666665
 20
1910.0
  0
LWPOLYLINE
  5
481
330
45D
100
AcDbEntity
  8
Окна
100
AcDbPolyline
 90
4
 70
1
 10
1760.0
 20
120.0
 10
1785.0
 20
120.0
 10
1785.0
 20
1910.0
 10
1760.0
 20
1910.0
  0
LWPOLYLINE
  5
482
330
45D
100
AcDbEntity
  8
Окна
100
AcDbPolyline
 90
4
 70
1
 10
1815.0
 20
120.0
 10
1840.0
 20
120.0
 10
1840.0
 20
1910.0
 10
1815.0
 20
1910.0
  0
LWPOLYLINE
  5
483
330
45D
100
AcDbEntity
  8
Окна
100
AcDbPolyline
 90
4
 70
1
 10
2343.333333333333
 20
120.0
 10
2368.333333333333
 20
120.0
 10
2368.333333333333
 20
1910.0
 10
2343.333333333333
 20
1910.0
  0
LWPOLYLINE
  5
484
330
45D
100
AcDbEntity
  8
Окна
100
AcDbPolyline
 90
4
 70
1
 10
2398.333333333333
 20
120.0
 10
2423.333333333333
 20
120.0
 10
2423.333333333333
 20
1910.0
 10
2398.333333333333
 20
1910.0
  0
LWPOLYLINE
  5
485
330
45D
100
AcDbEntity
  8
Окна
100
AcDbPolyline
 90
4
 70
1
 10
2926.6666666666665
 20
120.0
 10
2951.6666666666665
 20
120.0
 10
2951.6666666666665
 20
1910.0
 10
2926.6666666666665
 20
1910.0
  0
LWPOLYLINE
  5
486
330
45D
100
AcDbEntity
  8
Окна
100
AcDbPolyline
 90
4
 70
1
 10
2981.6666666666665
 20
120.0
 10
3006.6666666666665
 20
120.0
 10
3006.6666666666665
 20
1910.0
 10
2981.6666666666665
 20
1910.0
  0
LWPOLYLINE
  5
487
330
45D
100
AcDbEntity
  8
Окна
100
AcDbPolyline
 90
4
 70
1
 10
90.0
 20
663.3333333333334
 10
593.3333333333333
 20
663.3333333333334
 10
593.3333333333333
 20
688.3333333333334
 10
90.0
 20
688.3333333333334
  0
LWPOLYLINE
  5
488
330
45D
100
AcDbEntity
  8
Окна
100
AcDbPolyline
 90
4
 70
1
 10
90.0
 20
718.3333333333334
 10
593.3333333333333
 20
718.3333333333334
 10
593.3333333333333
 20
743.3333333333334
 10
90.0
 20
743.3333333333334
  0
LWPOLYLINE
  5
489
330
45D
100
AcDbEntity
  8
Окна
100
AcDbPolyline
 90
4
 70
1
 10
673.3333333333333
 20
663.3333333333334
 10
1176.6666666666665
 20
663.3333333333334
 10
1176.6666666666665
 20
688.3333333333334
 10
673.3333333333333
 20
688.3333333333334
  0
LWPOLYLINE
  5
48A
330
45D
100
AcDbEntity
  8
Окна
100
AcDbPolyline
 90
4
 70
1
 10
673.3333333333333
 20
718.3333333333334
 10
1176.6666666666665
 20
718.3333333333334
 10
1176.6666666666665
 20
743.3333333333334
 10
673.3333333333333
 20
743.3333333333334
  0
LWPOLYLINE
  5
48B
330
45D
100
AcDbEntity
  8
Окна
100
AcDbPolyline
 90
4
 70
1
 10
1256.6666666666665
 20
663.3333333333334
 10
1760.0
 20
663.3333333333334
 10
1760.0
 20
688.3333333333334
 10
1256.6666666666665
 20
688.3333333333334
  0
LWPOLYLINE
  5
48C
330
45D
100
AcDbEntity
  8
Окна
100
AcDbPolyline
 90
4
 70
1
 10
1256.6666666666665
 20
718.3333333333334
 10
1760.0
 20
718.3333333333334
 10
1760.0
 20
743.3333333333334
 10
1256.6666666666665
 20
743.3333333333334
  0
LWPOLYLINE
  5
48D
330
45D
100
AcDbEntity
  8
Окна
100
AcDbPolyline
 90
4
 70
1
 10
1840.0
 20
663.3333333333334
 10
2343.333333333333
 20
663.3333333333334
 10
2343.333333333333
 20
688.3333333333334
 10
1840.0
 20
688.3333333333334
  0
LWPOLYLINE
  5
48E
330
45D
100
AcDbEntity
  8
Окна
100
AcDbPolyline
 90
4
 70
1
 10
1840.0
 20
718.3333333333334
 10
2343.333333333333
 20
718.3333333333334
 10
2343.333333333333
 20
743.3333333333334
 10
1840.0
 20
743.3333333333334
  0
LWPOLYLINE
  5
48F
330
45D
100
AcDbEntity
  8
Окна
100
AcDbPolyline
 90
4
 70
1
 10
2423.333333333333
 20
663.3333333333334
 10
2926.6666666666665
 20
663.3333333333334
 10
2926.6666666666665
 20
688.3333333333334
 10
2423.333333333333
 20
688.3333333333334
  0
LWPOLYLINE
  5
490
330
45D
100
AcDbEntity
  8
Окна
100
AcDbPolyline
 90
4
 70
1
 10
2423.333333333333
 20
718.3333333333334
 10
2926.6666666666665
 20
718.3333333333334
 10
2926.6666666666665
 20
743.3333333333334
 10
2423.333333333333
 20
743.3333333333334
  0
LWPOLYLINE
  5
491
330
45D
100
AcDbEntity
  8
Окна
100
AcDbPolyline
 90
4
 70
1
 10
3006.6666666666665
 20
663.3333333333334
 10
3510.0
 20
663.3333333333334
 10
3510.0
 20
688.3333333333334
 10
3006.6666666666665
 20
688.3333333333334
  0
LWPOLYLINE
  5
492
330
45D
100
AcDbEntity
  8
Окна
100
AcDbPolyline
 90
4
 70
1
 10
3006.6666666666665
 20
718.3333333333334
 10
3510.0
 20
718.3333333333334
 10
3510.0
 20
743.3333333333334
 10
3006.6666666666665
 20
743.3333333333334
  0
LWPOLYLINE
  5
493
330
45D
100
AcDbEntity
  8
Окна
100
AcDbPolyline
 90
4
 70
1
 10
90.0
 20
1286.6666666666667
 10
593.3333333333333
 20
1286.6666666666667
 10
593.3333333333333
 20
1311.6666666666667
 10
90.0
 20
1311.6666666666667
  0
LWPOLYLINE
  5
494
330
45D
100
AcDbEntity
  8
Окна
100
AcDbPolyline
 90
4
 70
1
 10
90.0
 20
1341.6666666666667
 10
593.3333333333333
 20
1341.6666666666667
 10
593.3333333333333
 20
1366.6666666666667
 10
90.0
 20
1366.6666666666667
  0
LWPOLYLINE
  5
495
330
45D
100
AcDbEntity
  8
Окна
100
AcDbPolyline
 90
4
 70
1
 10
673.3333333333333
 20
1286.6666666666667
 10
1176.6666666666665
 20
1286.6666666666667
 10
1176.6666666666665
 20
1311.6666666666667
 10
673.3333333333333
 20
1311.6666666666667
  0
LWPOLYLINE
  5
496
330
45D
100
AcDbEntity
  8
Окна
100
AcDbPolyline
 90
4
 70
1
 10
673.3333333333333
 20
1341.6666666666667
 10
1176.6666666666665
 20
1341.6666666666667
 10
1176.6666666666665
 20
1366.6666666666667
 10
673.3333333333333
 20
1366.6666666666667
  0
LWPOLYLINE
  5
497
330
45D
100
AcDbEntity
  8
Окна
100
AcDbPolyline
 90
4
 70
1
 10
1256.6666666666665
 20
1286.6666666666667
 10
1760.0
 20
1286.6666666666667
 10
1760.0
 20
1311.6666666666667
 10
1256.6666666666665
 20
1311.6666666666667
  0
LWPOLYLINE
  5
498
330
45D
100
AcDbEntity
  8
Окна
100
AcDbPolyline
 90
4
 70
1
 10
1256.6666666666665
 20
1341.6666666666667
 10
1760.0
 20
1341.6666666666667
 10
1760.0
 20
1366.6666666666667
 10
1256.6666666666665
 20
1366.6666666666667
  0
LWPOLYLINE
  5
499
330
45D
100
AcDbEntity
  8
Окна
100
AcDbPolyline
 90
4
 70
1
 10
1840.0
 20
1286.6666666666667
 10
2343.333333333333
 20
1286.6666666666667
 10
2343.333333333333
 20
1311.6666666666667
 10
1840.0
 20
1311.6666666666667
  0
LWPOLYLINE
  5
49A
330
45D
100
AcDbEntity
  8
Окна
100
AcDbPolyline
 90
4
 70
1
 10
1840.0
 20
1341.6666666666667
 10
2343.333333333333
 20
1341.6666666666667
 10
2343.333333333333
 20
1366.6666666666667
 10
1840.0
 20
1366.6666666666667
  0
LWPOLYLINE
  5
49B
330
45D
100
AcDbEntity
  8
Окна
100
AcDbPolyline
 90
4
 70
1
 10
2423.333333333333
 20
1286.6666666666667
 10
2926.6666666666665
 20
1286.6666666666667
 10
2926.6666666666665
 20
1311.6666666666667
 10
2423.333333333333
 20
1311.6666666666667
  0
LWPOLYLINE
  5
49C
330
45D
100
AcDbEntity
  8
Окна
100
AcDbPolyline
 90
4
 70
1
 10
2423.333333333333
 20
1341.6666666666667
 10
2926.6666666666665
 20
1341.6666666666667
 10
2926.6666666666665
 20
1366.6666666666667
 10
2423.333333333333
 20
1366.6666666666667
  0
LWPOLYLINE
  5
49D
330
45D
100
AcDbEntity
  8
Окна
100
AcDbPolyline
 90
4
 70
1
 10
3006.6666666666665
 20
1286.6666666666667
 10
3510.0
 20
1286.6666666666667
 10
3510.0
 20
1311.6666666666667
 10
3006.6666666666665
 20
1311.6666666666667
  0
LWPOLYLINE
  5
49E
330
45D
100
AcDbEntity
  8
Окна
100
AcDbPolyline
 90
4
 70
1
 10
3006.6666666666665
 20
1341.6666666666667
 10
3510.0
 20
1341.6666666666667
 10
3510.0
 20
1366.6666666666667
 10
3006.6666666666665
 20
1366.6666666666667
  0
ATTDEF
  5
49F
330
45D
100
AcDbEntity
  8
Текст
100
AcDbText
 10
0.0
 20
2310.0
 30
0.0
 40
30.0
  1
Пример 09
  7
Основной стиль (для надписей)
100
AcDbAttributeDefinition
  3
Объект
  2
OBJECT
 70
0
  0
ATTDEF
  5
4A0
330
45D
100
AcDbEntity
  8
Текст
100
AcDbText
 10
0.0
 20
2260.0
 30
0.0
 40
30.0
  1
ОК-6.3/1 шт.
  7
Основной стиль (для надписей)
100
AcDbAttributeDefinition
  3
Окно / кол-во
  2
WINDOW
 70
0
  0
ATTDEF
  5
4A1
330
45D
100
AcDbEntity
  8
Текст
100
AcDbText
 10
0.0
 20
2210.0
 30
0.0
 40
30.0
  1
RAL8017/RAL9016
  7
Основной стиль (для надписей)
100
AcDbAttributeDefinition
  3
Цвет
  2
COLOR
 70
0
  0
ATTDEF
  5
4A2
330
45D
100
AcDbEntity
  8
Текст
100
AcDbText
 10
0.0
 20
2160.0
 30
0.0
 40
30.0
  1
Заполнение СПД42
  7
Основной стиль (для надписей)
100
AcDbAttributeDefinition
  3
Заполнение
  2
GLAZING
 70
0
  0
ATTDEF
  5
4A3
330
45D
100
AcDbEntity
  8
Текст
100
AcDbText
 10
0.0
 20
2110.0
 30
0.0
 40
30.0
  1
3600х2000
  7
Основной стиль (для надписей)
100
AcDbAttributeDefinition
  3
Габарит
  2
SIZE
 70
0
  0
ATTDEF
  5
4A4
330
45D
100
AcDbEntity
  8
Текст
100
AcDbText
 10
0.0
 20
2060.0
 30
0.0
 40
30.0
  1
6х3
  7
Основной стиль (для надписей)
100
AcDbAttributeDefinition
  3
Сетка
  2
GRID
 70
0
  0
TEXT
  5
4A5
330
45D
100
AcDbEntity
  8
Текст
100
AcDbText
 10
3600.0
 20
2060.0
 30
0.0
 40
30.0
  1
S=7.20 м²
  7
Основной стиль (для надписей)
 72
2
 11
3600.0
 21
2060.0
 31
0.0
100
AcDbText
 73
3
  0
DIMENSION
  5
4A6
330
45D
100
AcDbEntity
  8
Размеры
100
AcDbDimension
280
0
  3
Основной стиль
 10
30.0
 20
-80.0
 30
0.0
 11
331.66666666666663
 21
-52.0
 31
0.0
 70
32
 71
5
  1
<>
100
AcDbAlignedDimension
 13
30.0
 23
30.0
 33
0.0
 14
633.3333333333333
 24
30.0
 34
0.0
 50
0.0
100
AcDbRotatedDimension
  0
DIMENSION
  5
4A7
330
45D
100
AcDbEntity
  8
Размеры
100
AcDbDimension
280
0
  3
Основной стиль
 10
633.3333333333333
 20
-80.0
 30
0.0
 11
924.9999999999999
 21
-52.0
 31
0.0
 70
32
 71
5
  1
<>
100
AcDbAlignedDimension
 13
633.3333333333333
 23
30.0
 33
0.0
 14
1216.6666666666665
 24
30.0
 34
0.0
 50
0.0
100
AcDbRotatedDimension
  0
DIMENSION
  5
4A8
330
45D
100
AcDbEntity
  8
Размеры
100
AcDbDimension
280
0
  3
Основной стиль
 10
1216.6666666666665
 20
-80.0
 30
0.0
 11
1508.3333333333333
 21
-52.0
 31
0.0
 70
32
 71
5
  1
<>
100
AcDbAlignedDimension
 13
1216.6666666666665
 23
30.0
 33
0.0
 14
1800.0
 24
30.0
 34
0.0
 50
0.0
100
AcDbRotatedDimension
  0
DIMENSION
  5
4A9
330
45D
100
AcDbEntity
  8
Размеры
100
AcDbDimension
280
0
  3
Основной стиль
 10
1800.0
 20
-80.0
 30
0.0
 11
2091.6666666666665
 21
-52.0
 31
0.0
 70
32
 71
5
  1
<>
100
AcDbAlignedDimension
 13
1800.0
 23
30.0
 33
0.0
 14
2383.333333333333
 24
30.0
 34
0.0
 50
0.0
100
AcDbRotatedDimension
  0
DIMENSION
  5
4AA
330
45D
100
AcDbEntity
  8
Размеры
100
AcDbDimension
280
0
  3
Основной стиль
 10
2383.333333333333
 20
-80.0
 30
0.0
 11
2675.0
 21
-52.0
 31
0.0
 70
32
 71
5
  1
<>
100
AcDbAlignedDimension
 13
2383.333333333333
 23
30.0
 33
0.0
 14
2966.6666666666665
 24
30.0
 34
0.0
 50
0.0
100
AcDbRotatedDimension
  0
DIMENSION
  5
4AB
330
45D
100
AcDbEntity
  8
Размеры
100
AcDbDimension
280
0
  3
Основной стиль
 10
2966.6666666666665
 20
-80.0
 30
0.0
 11
3268.333333333333
 21
-52.0
 31
0.0
 70
32
 71
5
  1
<>
100
AcDbAlignedDimension
 13
2966.6666666666665
 23
30.0
 33
0.0
 14
3570.0
 24
30.0
 34
0.0
 50
0.0
100
AcDbRotatedDimension
  0
DIMENSION
  5
4AC
330
45D
100
AcDbEntity
  8
Размеры
100
AcDbDimension
280
0
  3
Основной стиль с точками
 10
30.0
 20
-160.0
 30
0.0
 11
1800.0
 21
-132.0
 31
0.0
 70
32
 71
5
  1
<>
100
AcDbAlignedDimension
 13
30.0
 23
30.0
 33
0.0
 14
3570.0
 24
30.0
 34
0.0
 50
0.0
100
AcDbRotatedDimension
  0
DIMENSION
  5
4AD
330
45D
100
AcDbEntity
  8
Размеры
100
AcDbDimension
280
0
  3
Основной стиль
 10
0.0
 20
-240.0
 30
0.0
 11
1800.0
 21
-212.0
 31
0.0
 70
32
 71
5
  1
<>
100
AcDbAlignedDimension
 13
0.0
 23
0.0
 33
0.0
 14
3600.0
 24
0.0
 34
0.0
 50
0.0
100
AcDbRotatedDimension
  0
DIMENSION
  5
4AE
330
45D
100
AcDbEntity
  8
Размеры
100
AcDbDimension
280
0
  3
Основной стиль
 10
0.0
 20
-160.0
 30
0.0
 11
15.0
 21
-120.0
 31
0.0
 70
32
 71
5
  1
<>
100
AcDbAlignedDimension
 13
0.0
 23
0.0
 33
0.0
 14
30.0
 24
0.0
 34
0.0
 50
0.0
100
AcDbRotatedDimension
  0
DIMENSION
  5
4AF
330
45D
100
AcDbEntity
  8
Размеры
100
AcDbDimension
280
0
  3
Основной стиль
 10
3570.0
 20
-160.0
 30
0.0
 11
3585.0
 21
-120.0
 31
0.0
 70
32
 71
5
  1
<>
100
AcDbAlignedDimension
 13
3570.0
 23
0.0
 33
0.0
 14
3600.0
 24
0.0
 34
0.0
 50
0.0
100
AcDbRotatedDimension
  0
DIMENSION
  5
4B0
330
45D
100
AcDbEntity
  8
Размеры
100
AcDbDimension
280
0
  3
Основной стиль
 10
3680.0
 20
60.0
 30
0.0
 11
3652.0
 21
381.6666666666667
 31
0.0
 70
32
 71
5
  1
<>
100
AcDbAlignedDimension
 13
3570.0
 23
60.0
 33
0.0
 14
3570.0
 24
703.3333333333334
 34
0.0
 50
90.0
100
AcDbRotatedDimension
  0
DIMENSION
  5
4B1
330
45D
100
AcDbEntity
  8
Размеры
100
AcDbDimension
280
0
  3
Основной стиль
 10
3680.0
 20
703.3333333333334
 30
0.0
 11
3652.0
 21
1015.0
 31
0.0
 70
32
 71
5
  1
<>
100
AcDbAlignedDimension
 13
3570.0
 23
703.3333333333334
 33
0.0
 14
3570.0
 24
1326.6666666666667
 34
0.0
 50
90.0
100
AcDbRotatedDimension
  0
DIMENSION
  5
4B2
330
45D
100
AcDbEntity
  8
Размеры
100
AcDbDimension
280
0
  3
Основной стиль
 10
3680.0
 20
1326.6666666666667
 30
0.0
 11
3652.0
 21
1648.3333333333335
 31
0.0
 70
32
 71
5
  1
<>
100
AcDbAlignedDimension
 13
3570.0
 23
1326.6666666666667
 33
0.0
 14
3570.0
 24
1970.0
 34
0.0
 50
90.0
100
AcDbRotatedDimension
  0
DIMENSION
  5
4B3
330
45D
100
AcDbEntity
  8
Размеры
100
AcDbDimension
280
0
  3
Основной стиль с точками
 10
3760.0
 20
60.0
 30
0.0
 11
3732.0
 21
1015.0
 31
0.0
 70
32
 71
5
  1
<>
100
AcDbAlignedDimension
 13
3570.0
 23
60.0
 33
0.0
 14
3570.0
 24
1970.0
 34
0.0
 50
90.0
100
AcDbRotatedDimension
  0
DIMENSION
  5
4B4
330
45D
100
AcDbEntity
  8
Размеры
100
AcDbDimension
280
0
  3
Основной стиль с точками
 10
3680.0
 20
30.0
 30
0.0
 11
3640.0
 21
45.0
 31
0.0
 70
32
 71
5
  1
<>
100
AcDbAlignedDimension
 13
3570.0
 23
30.0
 33
0.0
 14
3570.0
 24
60.0
 34
0.0
 50
90.0
100
AcDbRotatedDimension
  0
DIMENSION
  5
4B5
330
45D
100
AcDbEntity
  8
Размеры
100
AcDbDimension
280
0
  3
Основной стиль
 10
3840.0
 20
0.0
 30
0.0
 11
3812.0
 21
1000.0
 31
0.0
 70
32
 71
5
  1
<>
100
AcDbAlignedDimension
 13
3600.0
 23
0.0
 33
0.0
 14
3600.0
 24
2000.0
 34
0.0
 50
90.0
100
AcDbRotatedDimension
  0
DIMENSION
  5
4B6
330
45D
100
AcDbEntity
  8
Размеры
100
AcDbDimension
280
0
  3
Основной стиль
 10
3760.0
 20
0.0
 30
0.0
 11
3720.0
 21
15.0
 31
0.0
 70
32
 71
5
  1
<>
100
AcDbAlignedDimension
 13
3600.0
 23
0.0
 33
0.0
 14
3600.0
 24
30.0
 34
0.0
 50
90.0
100
AcDbRotatedDimension
  0
DIMENSION
  5
4B7
330
45D
100
AcDbEntity
  8
Размеры
100
AcDbDimension
280
0
  3
Основной стиль
 10
3760.0
 20
1970.0
 30
0.0
 11
3720.0
 21
1985.0
 31
0.0
 70
32
 71
5
  1
<>
100
AcDbAlignedDimension
 13
3600.0
 23
1970.0
 33
0.0
 14
3600.0
 24
2000.0
 34
0.0
 50
90.0
100
AcDbRotatedDimension
  0
ENDBLK
  5
45F
330
45D
100
AcDbEntity
  8
0
100
AcDbBlockEnd
  0
BLOCK
  5
4B9
330
4B8
100
AcDbEntity
  8
0
100
AcDbBlockBegin
  2
Пример 10 ОК-8.4 4800х3000 8x4 Изнутри #10
 70
2
 10
0.0
 20
0.0
 30
0.0
  3
Пример 10 ОК-8.4 4800х3000 8x4 Изнутри #10
  1

  0
LWPOLYLINE
  5
4BB
330
4B8
100
AcDbEntity
  8
Штриховые
100
AcDbPolyline
 90
4
 70
1
 10
4800.0
 20
0.0
 10
0.0
 20
0.0
 10
0.0
 20
3000.0
 10
4800.0
 20
3000.0
  0
LWPOLYLINE
  5
4BC
330
4B8
100
AcDbEntity
  8
Окна
100
AcDbPolyline
 90
4
 70
1
 10
4770.0
 20
60.0
 10
30.0
 20
60.0
 10
30.0
 20
2970.0
 10
4770.0
 20
2970.0
  0
LWPOLYLINE
  5
4BD
330
4B8
100
AcDbEntity
  8
Окна
100
AcDbPolyline
 90
4
 70
1
 10
4710.0
 20
120.0
 10
90.0
 20
120.0
 10
90.0
 20
2910.0
 10
4710.0
 20
2910.0
  0
LINE
  5
4BE
330
4B8
100
AcDbEntity
  8
Окна
100
AcDbLine
 10
4770.0
 20
60.0
 30
0.0
 11
4710.0
 21
120.0
 31
0.0
  0
LINE
  5
4BF
330
4B8
100
AcDbEntity
  8
Окна
100
AcDbLine
 10
30.0
 20
60.0
 30
0.0
 11
90.0
 21
120.0
 31
0.0
  0
LINE
  5
4C0
330
4B8
100
AcDbEntity
  8
Окна
100
AcDbLine
 10
30.0
 20
2970.0
 30
0.0
 11
90.0
 21
2910.0
 31
0.0
  0
LINE
  5
4C1
330
4B8
100
AcDbEntity
  8
Окна
100
AcDbLine
 10
4770.0
 20
2970.0
 30
0.0
 11
4710.0
 21
2910.0
 31
0.0
  0
LWPOLYLINE
  5
4C2
330
4B8
100
AcDbEntity
  8
Окна
100
AcDbPolyline
 90
4
 70
1
 10
4202.5
 20
120.0
 10
4122.5
 20
120.0
 10
4122.5
 20
2910.0
 10
4202.5
 20
2910.0
  0
LWPOLYLINE
  5
4C3
330
4B8
100
AcDbEntity
  8
Окна
100
AcDbPolyline
 90
4
 70
1
 10
3615.0
 20
120.0
 10
3535.0
 20
120.0
 10
3535.0
 20
2910.0
 10
3615.0
 20
2910.0
  0
LWPOLYLINE
  5
4C4
330
4B8
100
AcDbEntity
  8
Окна
100
AcDbPolyline
 90
4
 70
1
 10
3027.5
 20
120.0
 10
2947.5
 20
120.0
 10
2947.5
 20
2910.0
 10
3027.5
 20
2910.0
  0
LWPOLYLINE
  5
4C5
330
4B8
100
AcDbEntity
  8
Окна
100
AcDbPolyline
 90
4
 70
1
 10
2440.0
 20
120.0
 10
2360.0
 20
120.0
 10
2360.0
 20
2910.0
 10
2440.0
 20
2910.0
  0
LWPOLYLINE
  5
4C6
330
4B8
100
AcDbEntity
  8
Окна
100
AcDbPolyline
 90
4
 70
1
 10
1852.5
 20
120.0
 10
1772.5
 20
120.0
 10
1772.5
 20
2910.0
 10
1852.5
 20
2910.0
  0
LWPOLYLINE
  5
4C7
330
4B8
100
AcDbEntity
  8
Окна
100
AcDbPolyline
 90
4
 70
1
 10
1265.0
 20
120.0
 10
1185.0
 20
120.0
 10
1185.0
 20
2910.0
 10
1265.0
 20
2910.0
  0
LWPOLYLINE
  5
4C8
330
4B8
100
AcDbEntity
  8
Окна
100
AcDbPolyline
 90
4
 70
1
 10
677.5
 20
120.0
 10
597.5
 20
120.0
 10
597.5
 20
2910.0
 10
677.5
 20
2910.0
  0
LWPOLYLINE
  5
4C9
330
4B8
100
AcDbEntity
  8
Окна
100
AcDbPolyline
 90
4
 70
1
 10
4710.0
 20
757.5
 10
4202.5
 20
757.5
 10
4202.5
 20
837.5
 10
4710.0
 20
837.5
  0
LWPOLYLINE
  5
4CA
330
4B8
100
AcDbEntity
  8
Окна
100
AcDbPolyline
 90
4
 70
1
 10
4122.5
 20
757.5
 10
3615.0
 20
757.5
 10
3615.0
 20
837.5
 10
4122.5
 20
837.5
  0
LWPOLYLINE
  5
4CB
330
4B8
100
AcDbEntity
  8
Окна
100
AcDbPolyline
 90
4
 70
1
 10
3535.0
 20
757.5
 10
3027.5
 20
757.5
 10
3027.5
 20
837.5
 10
3535.0
 20
837.5
  0
LWPOLYLINE
  5
4CC
330
4B8
100
AcDbEntity
  8
Окна
100
AcDbPolyline
 90
4
 70
1
 10
2947.5
 20
757.5
 10
2440.0
 20
757.5
 10
2440.0
 20
837.5
 10
2947.5
 20
837.5
  0
LWPOLYLINE
  5
4CD
330
4B8
100
AcDbEntity
  8
Окна
100
AcDbPolyline
 90
4
 70
1
 10
2360.0
 20
757.5
 10
1852.5
 20
757.5
 10
1852.5
 20
837.5
 10
2360.0
 20
837.5
  0
LWPOLYLINE
  5
4CE
330
4B8
100
AcDbEntity
  8
Окна
100
AcDbPolyline
 90
4
 70
1
 10
1772.5
 20
757.5
 10
1265.0
 20
757.5
 10
1265.0
 20
837.5
 10
1772.5
 20
837.5
  0
LWPOLYLINE
  5
4CF
330
4B8
100
AcDbEntity
  8
Окна
100
AcDbPolyline
 90
4
 70
1
 10
1185.0
 20
757.5
 10
677.5
 20
757.5
 10
677.5
 20
837.5
 10
1185.0
 20
837.5
  0
LWPOLYLINE
  5
4D0
330
4B8
100
AcDbEntity
  8
Окна
100
AcDbPolyline
 90
4
 70
1
 10
597.5
 20
757.5
 10
90.0
 20
757.5
 10
90.0
 20
837.5
 10
597.5
 20
837.5
  0
LWPOLYLINE
  5
4D1
330
4B8
100
AcDbEntity
  8
Окна
100
AcDbPolyline
 90
4
 70
1
 10
4710.0
 20
1475.0
 10
4202.5
 20
1475.0
 10
4202.5
 20
1555.0
 10
4710.0
 20
1555.0
  0
LWPOLYLINE
  5
4D2
330
4B8
100
AcDbEntity
  8
Окна
100
AcDbPolyline
 90
4
 70
1
 10
4122.5
 20
1475.0
 10
3615.0
 20
1475.0
 10
3615.0
 20
1555.0
 10
4122.5
 20
1555.0
  0
LWPOLYLINE
  5
4D3
330
4B8
100
AcDbEntity
  8
Окна
100
AcDbPolyline
 90
4
 70
1
 10
3535.0
 20
1475.0
 10
3027.5
 20
1475.0
 10
3027.5
 20
1555.0
 10
3535.0
 20
1555.0
  0
LWPOLYLINE
  5
4D4
330
4B8
100
AcDbEntity
  8
Окна
100
AcDbPolyline
 90
4
 70
1
 10
2947.5
 20
1475.0
 10
2440.0
 20
1475.0
 10
2440.0
 20
1555.0
 10
2947.5
 20
1555.0
  0
LWPOLYLINE
  5
4D5
330
4B8
100
AcDbEntity
  8
Окна
100
AcDbPolyline
 90
4
 70
1
 10
2360.0
 20
1475.0
 10
1852.5
 20
1475.0
 10
1852.5
 20
1555.0
 10
2360.0
 20
1555.0
  0
LWPOLYLINE
  5
4D6
330
4B8
100
AcDbEntity
  8
Окна
100
AcDbPolyline
 90
4
 70
1
 10
1772.5
 20
1475.0
 10
1265.0
 20
1475.0
 10
1265.0
 20
1555.0
 10
1772.5
 20
1555.0
  0
LWPOLYLINE
  5
4D7
330
4B8
100
AcDbEntity
  8
Окна
100
AcDbPolyline
 90
4
 70
1
 10
1185.0
 20
1475.0
 10
677.5
 20
1475.0
 10
677.5
 20
1555.0
 10
1185.0
 20
1555.0
  0
LWPOLYLINE
  5
4D8
330
4B8
100
AcDbEntity
  8
Окна
100
AcDbPolyline
 90
4
 70
1
 10
597.5
 20
1475.0
 10
90.0
 20
1475.0
 10
90.0
 20
1555.0
 10
597.5
 20
1555.0
  0
LWPOLYLINE
  5
4D9
330
4B8
100
AcDbEntity
  8
Окна
100
AcDbPolyline
 90
4
 70
1
 10
4710.0
 20
2192.5
 10
4202.5
 20
2192.5
 10
4202.5
 20
2272.5
 10
4710.0
 20
2272.5
  0
LWPOLYLINE
  5
4DA
330
4B8
100
AcDbEntity
  8
Окна
100
AcDbPolyline
 90
4
 70
1
 10
4122.5
 20
2192.5
 10
3615.0
 20
2192.5
 10
3615.0
 20
2272.5
 10
4122.5
 20
2272.5
  0
LWPOLYLINE
  5
4DB
330
4B8
100
AcDbEntity
  8
Окна
100
AcDbPolyline
 90
4
 70
1
 10
3535.0
 20
2192.5
 10
3027.5
 20
2192.5
 10
3027.5
 20
2272.5
 10
3535.0
 20
2272.5
  0
LWPOLYLINE
  5
4DC
330
4B8
100
AcDbEntity
  8
Окна
100
AcDbPolyline
 90
4
 70
1
 10
2947.5
 20
2192.5
 10
2440.0
 20
2192.5
 10
2440.0
 20
2272.5
 10
2947.5
 20
2272.5
  0
LWPOLYLINE
  5
4DD
330
4B8
100
AcDbEntity
  8
Окна
100
AcDbPolyline
 90
4
 70
1
 10
2360.0
 20
2192.5
 10
1852.5
 20
2192.5
 10
1852.5
 20
2272.5
 10
2360.0
 20
2272.5
  0
LWPOLYLINE
  5
4DE
330
4B8
100
AcDbEntity
  8
Окна
100
AcDbPolyline
 90
4
 70
1
 10
1772.5
 20
2192.5
 10
1265.0
 20
2192.5
 10
1265.0
 20
2272.5
 10
1772.5
 20
2272.5
  0
LWPOLYLINE
  5
4DF
330
4B8
100
AcDbEntity
  8
Окна
100
AcDbPolyline
 90
4
 70
1
 10
1185.0
 20
2192.5
 10
677.5
 20
2192.5
 10
677.5
 20
2272.5
 10
1185.0
 20
2272.5
  0
LWPOLYLINE
  5
4E0
330
4B8
100
AcDbEntity
  8
Окна
100
AcDbPolyline
 90
4
 70
1
 10
597.5
 20
2192.5
 10
90.0
 20
2192.5
 10
90.0
 20
2272.5
 10
597.5
 20
2272.5
  0
LWPOLYLINE
  5
4E1
330
4B8
100
AcDbEntity
  8
Окна
100
AcDbPolyline
 90
4
 70
1
 10
4770.0
 20
30.0
 10
30.0
 20
30.0
 10
30.0
 20
60.0
 10
4770.0
 20
60.0
  0
LWPOLYLINE
  5
4E2
330
4B8
100
AcDbEntity
  8
Окна
100
AcDbPolyline
 90
4
 70
1
 10
90.0
 20
120.0
 10
4710.0
 20
120.0
 10
4710.0
 20
145.0
 10
90.0
 20
145.0
  0
LWPOLYLINE
  5
4E3
330
4B8
100
AcDbEntity
  8
Окна
100
AcDbPolyline
 90
4
 70
1
 10
90.0
 20
2885.0
 10
4710.0
 20
2885.0
 10
4710.0
 20
2910.0
 10
90.0
 20
2910.0
  0
LWPOLYLINE
  5
4E4
330
4B8
100
AcDbEntity
  8
Окна
100
AcDbPolyline
 90
4
 70
1
 10
90.0
 20
145.0
 10
115.0
 20
145.0
 10
115.0
 20
2885.0
 10
90.0
 20
2885.0
  0
LWPOLYLINE
  5
4E5
330
4B8
100
AcDbEntity
  8
Окна
100
AcDbPolyline
 90
4
 70
1
 10
4685.0
 20
145.0
 10
4710.0
 20
145.0
 10
4710.0
 20
2885.0
 10
4685.0
 20
2885.0
  0
LWPOLYLINE
  5
4E6
330
4B8
100
AcDbEntity
  8
Окна
100
AcDbPolyline
 90
4
 70
1
 10
4122.5
 20
120.0
 10
4147.5
 20
120.0
 10
4147.5
 20
2910.0
 10
4122.5
 20
2910.0
  0
LWPOLYLINE
  5
4E7
330
4B8
100
AcDbEntity
  8
Окна
100
AcDbPolyline
 90
4
 70
1
 10
4177.5
 20
120.0
 10
4202.5
 20
120.0
 10
4202.5
 20
2910.0
 10
4177.5
 20
2910.0
  0
LWPOLYLINE
  5
4E8
330
4B8
100
AcDbEntity
  8
Окна
100
AcDbPolyline
 90
4
 70
1
 10
3535.0
 20
120.0
 10
3560.0
 20
120.0
 10
3560.0
 20
2910.0
 10
3535.0
 20
2910.0
  0
LWPOLYLINE
  5
4E9
330
4B8
100
AcDbEntity
  8
Окна
100
AcDbPolyline
 90
4
 70
1
 10
3590.0
 20
120.0
 10
3615.0
 20
120.0
 10
3615.0
 20
2910.0
 10
3590.0
 20
2910.0
  0
LWPOLYLINE
  5
4EA
330
4B8
100
AcDbEntity
  8
Окна
100
AcDbPolyline
 90
4
 70
1
 10
2947.5
 20
120.0
 10
2972.5
 20
120.0
 10
2972.5
 20
2910.0
 10
2947.5
 20
2910.0
  0
LWPOLYLINE
  5
4EB
330
4B8
100
AcDbEntity
  8
Окна
100
AcDbPolyline
 90
4
 70
1
 10
3002.5
 20
120.0
 10
3027.5
 20
120.0
 10
3027.5
 20
2910.0
 10
3002.5
 20
2910.0
  0
LWPOLYLINE
  5
4EC
330
4B8
100
AcDbEntity
  8
Окна
100
AcDbPolyline
 90
4
 70
1
 10
2360.0
 20
120.0
 10
2385.0
 20
120.0
 10
2385.0
 20
2910.0
 10
2360.0
 20
2910.0
  0
LWPOLYLINE
  5
4ED
330
4B8
100
AcDbEntity
  8
Окна
100
AcDbPolyline
 90
4
 70
1
 10
2415.0
 20
120.0
 10
2440.0
 20
120.0
 10
2440.0
 20
2910.0
 10
2415.0
 20
2910.0
  0
LWPOLYLINE
  5
4EE
330
4B8
100
AcDbEntity
  8
Окна
100
AcDbPolyline
 90
4
 70
1
 10
1772.5
 20
120.0
 10
1797.5
 20
120.0
 10
1797.5
 20
2910.0
 10
1772.5
 20
2910.0
  0
LWPOLYLINE
  5
4EF
330
4B8
100
AcDbEntity
  8
Окна
100
AcDbPolyline
 90
4
 70
1
 10
1827.5
 20
120.0
 10
1852.5
 20
120.0
 10
1852.5
 20
2910.0
 10
1827.5
 20
2910.0
  0
LWPOLYLINE
  5
4F0
330
4B8
100
AcDbEntity
  8
Окна
100
AcDbPolyline
 90
4
 70
1
 10
1185.0
 20
120.0
 10
1210.0
 20
120.0
 10
1210.0
 20
2910.0
 10
1185.0
 20
2910.0
  0
LWPOLYLINE
  5
4F1
330
4B8
100
AcDbEntity
  8
Окна
100
AcDbPolyline
 90
4
 70
1
 10
1240.0
 20
120.0
 10
1265.0
 20
120.0
 10
1265.0
 20
2910.0
 10
1240.0
 20
2910.0
  0
LWPOLYLINE
  5
4F2
330
4B8
100
AcDbEntity
  8
Окна
100
AcDbPolyline
 90
4
 70
1
 10
597.5
 20
120.0
 10
622.5
 20
120.0
 10
622.5
 20
2910.0
 10
597.5
 20
2910.0
  0
LWPOLYLINE
  5
4F3
330
4B8
100
AcDbEntity
  8
Окна
100
AcDbPolyline
 90
4
 70
1
 10
652.5
 20
120.0
 10
677.5
 20
120.0
 10
677.5
 20
2910.0
 10
652.5
 20
2910.0
  0
LWPOLYLINE
  5
4F4
330
4B8
100
AcDbEntity
  8
Окна
100
AcDbPolyline
 90
4
 70
1
 10
4202.5
 20
757.5
 10
4710.0
 20
757.5
 10
4710.0
 20
782.5
 10
4202.5
 20
782.5
  0
LWPOLYLINE
  5
4F5
330
4B8
100
AcDbEntity
  8
Окна
100
AcDbPolyline
 90
4
 70
1
 10
4202.5
 20
812.5
 10
4710.0
 20
812.5
 10
4710.0
 20
837.5
 10
4202.5
 20
837.5
  0
LWPOLYLINE
  5
4F6
330
4B8
100
AcDbEntity
  8
Окна
100
AcDbPolyline
 90
4
 70
1
 10
3615.0
 20
757.5
 10
4122.5
 20
757.5
 10
4122.5
 20
782.5
 10
3615.0
 20
782.5
  0
LWPOLYLINE
  5
4F7
330
4B8
100
AcDbEntity
  8
Окна
100
AcDbPolyline
 90
4
 70
1
 10
3615.0
 20
812.5
 10
4122.5
 20
812.5
 10
4122.5
 20
837.5
 10
3615.0
 20
837.5
  0
LWPOLYLINE
  5
4F8
330
4B8
100
AcDbEntity
  8
Окна
100
AcDbPolyline
 90
4
 70
1
 10
3027.5
 20
757.5
 10
3535.0
 20
757.5
 10
3535.0
 20
782.5
 10
3027.5
 20
782.5
  0
LWPOLYLINE
  5
4F9
330
4B8
100
AcDbEntity
  8
Окна
100
AcDbPolyline
 90
4
 70
1
 10
3027.5
 20
812.5
 10
3535.0
 20
812.5
 10
3535.0
 20
837.5
 10
3027.5
 20
837.5
  0
LWPOLYLINE
  5
4FA
330
4B8
100
AcDbEntity
  8
Окна
100
AcDbPolyline
 90
4
 70
1
 10
2440.0
 20
757.5
 10
2947.5
 20
757.5
 10
2947.5
 20
782.5
 10
2440.0
 20
782.5
  0
LWPOLYLINE
  5
4FB
330
4B8
100
AcDbEntity
  8
Окна
100
AcDbPolyline
 90
4
 70
1
 10
2440.0
 20
812.5
 10
2947.5
 20
812.5
 10
2947.5
 20
837.5
 10
2440.0
 20
837.5
  0
LWPOLYLINE
  5
4FC
330
4B8
100
AcDbEntity
  8
Окна
100
AcDbPolyline
 90
4
 70
1
 10
1852.5
 20
757.5
 10
2360.0
 20
757.5
 10
2360.0
 20
782.5
 10
1852.5
 20
782.5
  0
LWPOLYLINE
  5
4FD
330
4B8
100
AcDbEntity
  8
Окна
100
AcDbPolyline
 90
4
 70
1
 10
1852.5
 20
812.5
 10
2360.0
 20
812.5
 10
2360.0
 20
837.5
 10
1852.5
 20
837.5
  0
LWPOLYLINE
  5
4FE
330
4B8
100
AcDbEntity
  8
Окна
100
AcDbPolyline
 90
4
 70
1
 10
1265.0
 20
757.5
 10
1772.5
 20
757.5
 10
1772.5
 20
782.5
 10
1265.0
 20
782.5
  0
LWPOLYLINE
  5
4FF
330
4B8
100
AcDbEntity
  8
Окна
100
AcDbPolyline
 90
4
 70
1
 10
1265.0
 20
812.5
 10
1772.5
 20
812.5
 10
1772.5
 20
837.5
 10
1265.0
 20
837.5
  0
LWPOLYLINE
  5
500
330
4B8
100
AcDbEntity
  8
Окна
100
AcDbPolyline
 90
4
 70
1
 10
677.5
 20
757.5
 10
1185.0
 20
757.5
 10
1185.0
 20
782.5
 10
677.5
 20
782.5
  0
LWPOLYLINE
  5
501
330
4B8
100
AcDbEntity
  8
Окна
100
AcDbPolyline
 90
4
 70
1
 10
677.5
 20
812.5
 10
1185.0
 20
812.5
 10
1185.0
 20
837.5
 10
677.5
 20
837.5
  0
LWPOLYLINE
  5
502
330
4B8
100
AcDbEntity
  8
Окна
100
AcDbPolyline
 90
4
 70
1
 10
90.0
 20
757.5
 10
597.5
 20
757.5
 10
597.5
 20
782.5
 10
90.0
 20
782.5
  0
LWPOLYLINE
  5
503
330
4B8
100
AcDbEntity
  8
Окна
100
AcDbPolyline
 90
4
 70
1
 10
90.0
 20
812.5
 10
597.5
 20
812.5
 10
597.5
 20
837.5
 10
90.0
 20
837.5
  0
LWPOLYLINE
  5
504
330
4B8
100
AcDbEntity
  8
Окна
100
AcDbPolyline
 90
4
 70
1
 10
4202.5
 20
1475.0
 10
4710.0
 20
1475.0
 10
4710.0
 20
1500.0
 10
4202.5
 20
1500.0
  0
LWPOLYLINE
  5
505
330
4B8
100
AcDbEntity
  8
Окна
100
AcDbPolyline
 90
4
 70
1
 10
4202.5
 20
1530.0
 10
4710.0
 20
1530.0
 10
4710.0
 20
1555.0
 10
4202.5
 20
1555.0
  0
LWPOLYLINE
  5
506
330
4B8
100
AcDbEntity
  8
Окна
100
AcDbPolyline
 90
4
 70
1
 10
3615.0
 20
1475.0
 10
4122.5
 20
1475.0
 10
4122.5
 20
1500.0
 10
3615.0
 20
1500.0
  0
LWPOLYLINE
  5
507
330
4B8
100
AcDbEntity
  8
Окна
100
AcDbPolyline
 90
4
 70
1
 10
3615.0
 20
1530.0
 10
4122.5
 20
1530.0
 10
4122.5
 20
1555.0
 10
3615.0
 20
1555.0
  0
LWPOLYLINE
  5
508
330
4B8
100
AcDbEntity
  8
Окна
100
AcDbPolyline
 90
4
 70
1
 10
3027.5
 20
1475.0
 10
3535.0
 20
1475.0
 10
3535.0
 20
1500.0
 10
3027.5
 20
1500.0
  0
LWPOLYLINE
  5
509
330
4B8
100
AcDbEntity
  8
Окна
100
AcDbPolyline
 90
4
 70
1
 10
3027.5
 20
1530.0
 10
3535.0
 20
1530.0
 10
3535.0
 20
1555.0
 10
3027.5
 20
1555.0
  0
LWPOLYLINE
  5
50A
330
4B8
100
AcDbEntity
  8
Окна
100
AcDbPolyline
 90
4
 70
1
 10
2440.0
 20
1475.0
 10
2947.5
 20
1475.0
 10
2947.5
 20
1500.0
 10
2440.0
 20
1500.0
  0
LWPOLYLINE
  5
50B
330
4B8
100
AcDbEntity
  8
Окна
100
AcDbPolyline
 90
4
 70
1
 10
2440.0
 20
1530.0
 10
2947.5
 20
1530.0
 10
2947.5
 20
1555.0
 10
2440.0
 20
1555.0
  0
LWPOLYLINE
  5
50C
330
4B8
100
AcDbEntity
  8
Окна
100
AcDbPolyline
 90
4
 70
1
 10
1852.5
 20
1475.0
 10
2360.0
 20
1475.0
 10
2360.0
 20
1500.0
 10
1852.5
 20
1500.0
  0
LWPOLYLINE
  5
50D
330
4B8
100
AcDbEntity
  8
Окна
100
AcDbPolyline
 90
4
 70
1
 10
1852.5
 20
1530.0
 10
2360.0
 20
1530.0
 10
2360.0
 20
1555.0
 10
1852.5
 20
1555.0
  0
LWPOLYLINE
  5
50E
330
4B8
100
AcDbEntity
  8
Окна
100
AcDbPolyline
 90
4
 70
1
 10
1265.0
 20
1475.0
 10
1772.5
 20
1475.0
 10
1772.5
 20
1500.0
 10
1265.0
 20
1500.0
  0
LWPOLYLINE
  5
50F
330
4B8
100
AcDbEntity
  8
Окна
100
AcDbPolyline
 90
4
 70
1
 10
1265.0
 20
1530.0
 10
1772.5
 20
1530.0
 10
1772.5
 20
1555.0
 10
1265.0
 20
1555.0
  0
LWPOLYLINE
  5
510
330
4B8
100
AcDbEntity
  8
Окна
100
AcDbPolyline
 90
4
 70
1
 10
677.5
 20
1475.0
 10
1185.0
 20
1475.0
 10
1185.0
 20
1500.0
 10
677.5
 20
1500.0
  0
LWPOLYLINE
  5
511
330
4B8
100
AcDbEntity
  8
Окна
100
AcDbPolyline
 90
4
 70
1
 10
677.5
 20
1530.0
 10
1185.0
 20
1530.0
 10
1185.0
 20
1555.0
 10
677.5
 20
1555.0
  0
LWPOLYLINE
  5
512
330
4B8
100
AcDbEntity
  8
Окна
100
AcDbPolyline
 90
4
 70
1
 10
90.0
 20
1475.0
 10
597.5
 20
1475.0
 10
597.5
 20
1500.0
 10
90.0
 20
1500.0
  0
LWPOLYLINE
  5
513
330
4B8
100
AcDbEntity
  8
Окна
100
AcDbPolyline
 90
4
 70
1
 10
90.0
 20
1530.0
 10
597.5
 20
1530.0
 10
597.5
 20
1555.0
 10
90.0
 20
1555.0
  0
LWPOLYLINE
  5
514
330
4B8
100
AcDbEntity
  8
Окна
100
AcDbPolyline
 90
4
 70
1
 10
4202.5
 20
2192.5
 10
4710.0
 20
2192.5
 10
4710.0
 20
2217.5
 10
4202.5
 20
2217.5
  0
LWPOLYLINE
  5
515
330
4B8
100
AcDbEntity
  8
Окна
100
AcDbPolyline
 90
4
 70
1
 10
4202.5
 20
2247.5
 10
4710.0
 20
2247.5
 10
4710.0
 20
2272.5
 10
4202.5
 20
2272.5
  0
LWPOLYLINE
  5
516
330
4B8
100
AcDbEntity
  8
Окна
100
AcDbPolyline
 90
4
 70
1
 10
3615.0
 20
2192.5
 10
4122.5
 20
2192.5
 10
4122.5
 20
2217.5
 10
3615.0
 20
2217.5
  0
LWPOLYLINE
  5
517
330
4B8
100
AcDbEntity
  8
Окна
100
AcDbPolyline
 90
4
 70
1
 10
3615.0
 20
2247.5
 10
4122.5
 20
2247.5
 10
4122.5
 20
2272.5
 10
3615.0
 20
2272.5
  0
LWPOLYLINE
  5
518
330
4B8
100
AcDbEntity
  8
Окна
100
AcDbPolyline
 90
4
 70
1
 10
3027.5
 20
2192.5
 10
3535.0
 20
2192.5
 10
3535.0
 20
2217.5
 10
3027.5
 20
2217.5
  0
LWPOLYLINE
  5
519
330
4B8
100
AcDbEntity
  8
Окна
100
AcDbPolyline
 90
4
 70
1
 10
3027.5
 20
2247.5
 10
3535.0
 20
2247.5
 10
3535.0
 20
2272.5
 10
3027.5
 20
2272.5
  0
LWPOLYLINE
  5
51A
330
4B8
100
AcDbEntity
  8
Окна
100
AcDbPolyline
 90
4
 70
1
 10
2440.0
 20
2192.5
 10
2947.5
 20
2192.5
 10
2947.5
 20
2217.5
 10
2440.0
 20
2217.5
  0
LWPOLYLINE
  5
51B
330
4B8
100
AcDbEntity
  8
Окна
100
AcDbPolyline
 90
4
 70
1
 10
2440.0
 20
2247.5
 10
2947.5
 20
2247.5
 10
2947.5
 20
2272.5
 10
2440.0
 20
2272.5
  0
LWPOLYLINE
  5
51C
330
4B8
100
AcDbEntity
  8
Окна
100
AcDbPolyline
 90
4
 70
1
 10
1852.5
 20
2192.5
 10
2360.0
 20
2192.5
 10
2360.0
 20
2217.5
 10
1852.5
 20
2217.5
  0
LWPOLYLINE
  5
51D
330
4B8
100
AcDbEntity
  8
Окна
100
AcDbPolyline
 90
4
 70
1
 10
1852.5
 20
2247.5
 10
2360.0
 20
2247.5
 10
2360.0
 20
2272.5
 10
1852.5
 20
2272.5
  0
LWPOLYLINE
  5
51E
330
4B8
100
AcDbEntity
  8
Окна
100
AcDbPolyline
 90
4
 70
1
 10
1265.0
 20
2192.5
 10
1772.5
 20
2192.5
 10
1772.5
 20
2217.5
 10
1265.0
 20
2217.5
  0
LWPOLYLINE
  5
51F
330
4B8
100
AcDbEntity
  8
Окна
100
AcDbPolyline
 90
4
 70
1
 10
1265.0
 20
2247.5
 10
1772.5
 20
2247.5
 10
1772.5
 20
2272.5
 10
1265.0
 20
2272.5
  0
LWPOLYLINE
  5
520
330
4B8
100
AcDbEntity
  8
Окна
100
AcDbPolyline
 90
4
 70
1
 10
677.5
 20
2192.5
 10
1185.0
 20
2192.5
 10
1185.0
 20
2217.5
 10
677.5
 20
2217.5
  0
LWPOLYLINE
  5
521
330
4B8
100
AcDbEntity
  8
Окна
100
AcDbPolyline
 90
4
 70
1
 10
677.5
 20
2247.5
 10
1185.0
 20
2247.5
 10
1185.0
 20
2272.5
 10
677.5
 20
2272.5
  0
LWPOLYLINE
  5
522
330
4B8
100
AcDbEntity
  8
Окна
100
AcDbPolyline
 90
4
 70
1
 10
90.0
 20
2192.5
 10
597.5
 20
2192.5
 10
597.5
 20
2217.5
 10
90.0
 20
2217.5
  0
LWPOLYLINE
  5
523
330
4B8
100
AcDbEntity
  8
Окна
100
AcDbPolyline
 90
4
 70
1
 10
90.0
 20
2247.5
 10
597.5
 20
2247.5
 10
597.5
 20
2272.5
 10
90.0
 20
2272.5
  0
ATTDEF
  5
524
330
4B8
100
AcDbEntity
  8
Текст
100
AcDbText
 10
0.0
 20
3310.0
 30
0.0
 40
30.0
  1
Пример 10
  7
Основной стиль (для надписей)
100
AcDbAttributeDefinition
  3
Объект
  2
OBJECT
 70
0
  0
ATTDEF
  5
525
330
4B8
100
AcDbEntity
  8
Текст
100
AcDbText
 10
0.0
 20
3260.0
 30
0.0
 40
30.0
  1
ОК-8.4/1 шт.
  7
Основной стиль (для надписей)
100
AcDbAttributeDefinition
  3
Окно / кол-во
  2
WINDOW
 70
0
  0
ATTDEF
  5
526
330
4B8
100
AcDbEntity
  8
Текст
100
AcDbText
 10
0.0
 20
3210.0
 30
0.0
 40
30.0
  1
RAL8017/RAL9016
  7
Основной стиль (для надписей)
100
AcDbAttributeDefinition
  3
Цвет
  2
COLOR
 70
0
  0
ATTDEF
  5
527
330
4B8
100
AcDbEntity
  8
Текст
100
AcDbText
 10
0.0
 20
3160.0
 30
0.0
 40
30.0
  1
Заполнение СПД42
  7
Основной стиль (для надписей)
100
AcDbAttributeDefinition
  3
Заполнение
  2
GLAZING
 70
0
  0
ATTDEF
  5
528
330
4B8
100
AcDbEntity
  8
Текст
100
AcDbText
 10
0.0
 20
3110.0
 30
0.0
 40
30.0
  1
4800х3000
  7
Основной стиль (для надписей)
100
AcDbAttributeDefinition
  3
Габарит
  2
SIZE
 70
0
  0
ATTDEF
  5
529
330
4B8
100
AcDbEntity
  8
Текст
100
AcDbText
 10
0.0
 20
3060.0
 30
0.0
 40
30.0
  1
8х4
  7
Основной стиль (для надписей)
100
AcDbAttributeDefinition
  3
Сетка
  2
GRID
 70
0
  0
TEXT
  5
52A
330
4B8
100
AcDbEntity
  8
Текст
100
AcDbText
 10
4800.0
 20
3060.0
 30
0.0
 40
30.0
  1
S=14.40 м²
  7
Основной стиль (для надписей)
 72
2
 11
4800.0
 21
3060.0
 31
0.0
100
AcDbText
 73
3
  0
DIMENSION
  5
52B
330
4B8
100
AcDbEntity
  8
Размеры
100
AcDbDimension
280
0
  3
Основной стиль
 10
30.0
 20
-80.0
 30
0.0
 11
333.75
 21
-52.0
 31
0.0
 70
32
 71
5
  1
<>
100
AcDbAlignedDimension
 13
30.0
 23
30.0
 33
0.0
 14
637.5
 24
30.0
 34
0.0
 50
0.0
100
AcDbRotatedDimension
  0
DIMENSION
  5
52C
330
4B8
100
AcDbEntity
  8
Размеры
100
AcDbDimension
280
0
  3
Основной стиль
 10
637.5
 20
-80.0
 30
0.0
 11
931.25
 21
-52.0
 31
0.0
 70
32
 71
5
  1
<>
100
AcDbAlignedDimension
 13
637.5
 23
30.0
 33
0.0
 14
1225.0
 24
30.0
 34
0.0
 50
0.0
100
AcDbRotatedDimension
  0
DIMENSION
  5
52D
330
4B8
100
AcDbEntity
  8
Размеры
100
AcDbDimension
280
0
  3
Основной стиль
 10
1225.0
 20
-80.0
 30
0.0
 11
1518.75
 21
-52.0
 31
0.0
 70
32
 71
5
  1
<>
100
AcDbAlignedDimension
 13
1225.0
 23
30.0
 33
0.0
 14
1812.5
 24
30.0
 34
0.0
 50
0.0
100
AcDbRotatedDimension
  0
DIMENSION
  5
52E
330
4B8
100
AcDbEntity
  8
Размеры
100
AcDbDimension
280
0
  3
Основной стиль
 10
1812.5
 20
-80.0
 30
0.0
 11
2106.25
 21
-52.0
 31
0.0
 70
32
 71
5
  1
<>
100
AcDbAlignedDimension
 13
1812.5
 23
30.0
 33
0.0
 14
2400.0
 24
30.0
 34
0.0
 50
0.0
100
AcDbRotatedDimension
  0
DIMENSION
  5
52F
330
4B8
100
AcDbEntity
  8
Размеры
100
AcDbDimension
280
0
  3
Основной стиль
 10
2400.0
 20
-80.0
 30
0.0
 11
2693.75
 21
-52.0
 31
0.0
 70
32
 71
5
  1
<>
100
AcDbAlignedDimension
 13
2400.0
 23
30.0
 33
0.0
 14
2987.5
 24
30.0
 34
0.0
 50
0.0
100
AcDbRotatedDimension
  0
DIMENSION
  5
530
330
4B8
100
AcDbEntity
  8
Размеры
100
AcDbDimension
280
0
  3
Основной стиль
 10
2987.5
 20
-80.0
 30
0.0
 11
3281.25
 21
-52.0
 31
0.0
 70
32
 71
5
  1
<>
100
AcDbAlignedDimension
 13
2987.5
 23
30.0
 33
0.0
 14
3575.0
 24
30.0
 34
0.0
 50
0.0
100
AcDbRotatedDimension
  0
DIMENSION
  5
531
330
4B8
100
AcDbEntity
  8
Размеры
100
AcDbDimension
280
0
  3
Основной стиль
 10
3575.0
 20
-80.0
 30
0.0
 11
3868.75
 21
-52.0
 31
0.0
 70
32
 71
5
  1
<>
100
AcDbAlignedDimension
 13
3575.0
 23
30.0
 33
0.0
 14
4162.5
 24
30.0
 34
0.0
 50
0.0
100
AcDbRotatedDimension
  0
DIMENSION
  5
532
330
4B8
100
AcDbEntity
  8
Размеры
100
AcDbDimension
280
0
  3
Основной стиль
 10
4162.5
 20
-80.0
 30
0.0
 11
4466.25
 21
-52.0
 31
0.0
 70
32
 71
5
  1
<>
100
AcDbAlignedDimension
 13
4162.5
 23
30.0
 33
0.0
 14
4770.0
 24
30.0
 34
0.0
 50
0.0
100
AcDbRotatedDimension
  0
DIMENSION
  5
533
330
4B8
100
AcDbEntity
  8
Размеры
100
AcDbDimension
280
0
  3
Основной стиль с точками
 10
30.0
 20
-160.0
 30
0.0
 11
2400.0
 21
-132.0
 31
0.0
 70
32
 71
5
  1
<>
100
AcDbAlignedDimension
 13
30.0
 23
30.0
 33
0.0
 14
4770.0
 24
30.0
 34
0.0
 50
0.0
100
AcDbRotatedDimension
  0
DIMENSION
  5
534
330
4B8
100
AcDbEntity
  8
Размеры
100
AcDbDimension
280
0
  3
Основной стиль
 10
0.0
 20
-240.0
 30
0.0
 11
2400.0
 21
-212.0
 31
0.0
 70
32
 71
5
  1
<>
100
AcDbAlignedDimension
 13
0.0
 23
0.0
 33
0.0
 14
4800.0
 24
0.0
 34
0.0
 50
0.0
100
AcDbRotatedDimension
  0
DIMENSION
  5
535
330
4B8
100
AcDbEntity
  8
Размеры
100
AcDbDimension
280
0
  3
Основной стиль
 10
0.0
 20
-160.0
 30
0.0
 11
15.0
 21
-120.0
 31
0.0
 70
32
 71
5
  1
<>
100
AcDbAlignedDimension
 13
0.0
 23
0.0
 33
0.0
 14
30.0
 24
0.0
 34
0.0
 50
0.0
100
AcDbRotatedDimension
  0
DIMENSION
  5
536
330
4B8
100
AcDbEntity
  8
Размеры
100
AcDbDimension
280
0
  3
Основной стиль
 10
4770.0
 20
-160.0
 30
0.0
 11
4785.0
 21
-120.0
 31
0.0
 70
32
 71
5
  1
<>
100
AcDbAlignedDimension
 13
4770.0
 23
0.0
 33
0.0
 14
4800.0
 24
0.0
 34
0.0
 50
0.0
100
AcDbRotatedDimension
  0
DIMENSION
  5
537
330
4B8
100
AcDbEntity
  8
Размеры
100
AcDbDimension
280
0
  3
Основной стиль
 10
4880.0
 20
60.0
 30
0.0
 11
4852.0
 21
428.75
 31
0.0
 70
32
 71
5
  1
<>
100
AcDbAlignedDimension
 13
4770.0
 23
60.0
 33
0.0
 14
4770.0
 24
797.5
 34
0.0
 50
90.0
100
AcDbRotatedDimension
  0
DIMENSION
  5
538
330
4B8
100
AcDbEntity
  8
Размеры
100
AcDbDimension
280
0
  3
Основной стиль
 10
4880.0
 20
797.5
 30
0.0
 11
4852.0
 21
1156.25
 31
0.0
 70
32
 71
5
  1
<>
100
AcDbAlignedDimension
 13
4770.0
 23
797.5
 33
0.0
 14
4770.0
 24
1515.0
 34
0.0
 50
90.0
100
AcDbRotatedDimension
  0
DIMENSION
  5
539
330
4B8
100
AcDbEntity
  8
Размеры
100
AcDbDimension
280
0
  3
Основной стиль
 10
4880.0
 20
1515.0
 30
0.0
 11
4852.0
 21
1873.75
 31
0.0
 70
32
 71
5
  1
<>
100
AcDbAlignedDimension
 13
4770.0
 23
1515.0
 33
0.0
 14
4770.0
 24
2232.5
 34
0.0
 50
90.0
100
AcDbRotatedDimension
  0
DIMENSION
  5
53A
330
4B8
100
AcDbEntity
  8
Размеры
100
AcDbDimension
280
0
  3
Основной стиль
 10
4880.0
 20
2232.5
 30
0.0
 11
4852.0
 21
2601.25
 31
0.0
 70
32
 71
5
  1
<>
100
AcDbAlignedDimension
 13
4770.0
 23
2232.5
 33
0.0
 14
4770.0
 24
2970.0
 34
0.0
 50
90.0
100
AcDbRotatedDimension
  0
DIMENSION
  5
53B
330
4B8
100
AcDbEntity
  8
Размеры
100
AcDbDimension
280
0
  3
Основной стиль с точками
 10
4960.0
 20
60.0
 30
0.0
 11
4932.0
 21
1515.0
 31
0.0
 70
32
 71
5
  1
<>
100
AcDbAlignedDimension
 13
4770.0
 23
60.0
 33
0.0
 14
4770.0
 24
2970.0
 34
0.0
 50
90.0
100
AcDbRotatedDimension
  0
DIMENSION
  5
53C
330
4B8
100
AcDbEntity
  8
Размеры
100
AcDbDimension
280
0
  3
Основной стиль с точками
 10
4880.0
 20
30.0
 30
0.0
 11
4840.0
 21
45.0
 31
0.0
 70
32
 71
5
  1
<>
100
AcDbAlignedDimension
 13
4770.0
 23
30.0
 33
0.0
 14
4770.0
 24
60.0
 34
0.0
 50
90.0
100
AcDbRotatedDimension
  0
DIMENSION
  5
53D
330
4B8
100
AcDbEntity
  8
Размеры
100
AcDbDimension
280
0
  3
Основной стиль
 10
5040.0
 20
0.0
 30
0.0
 11
5012.0
 21
1500.0
 31
0.0
 70
32
 71
5
  1
<>
100
AcDbAlignedDimension
 13
4800.0
 23
0.0
 33
0.0
 14
4800.0
 24
3000.0
 34
0.0
 50
90.0
100
AcDbRotatedDimension
  0
DIMENSION
  5
53E
330
4B8
100
AcDbEntity
  8
Размеры
100
AcDbDimension
280
0
  3
Основной стиль
 10
4960.0
 20
0.0
 30
0.0
 11
4920.0
 21
15.0
 31
0.0
 70
32
 71
5
  1
<>
100
AcDbAlignedDimension
 13
4800.0
 23
0.0
 33
0.0
 14
4800.0
 24
30.0
 34
0.0
 50
90.0
100
AcDbRotatedDimension
  0
DIMENSION
  5
53F
330
4B8
100
AcDbEntity
  8
Размеры
100
AcDbDimension
280
0
  3
Основной стиль
 10
4960.0
 20
2970.0
 30
0.0
 11
4920.0
 21
2985.0
 31
0.0
 70
32
 71
5
  1
<>
100
AcDbAlignedDimension
 13
4800.0
 23
2970.0
 33
0.0
 14
4800.0
 24
3000.0
 34
0.0
 50
90.0
100
AcDbRotatedDimension
  0
ENDBLK
  5
4BA
330
4B8
100
AcDbEntity
  8
0
100
AcDbBlockEnd
  0
BLOCK
  5
541
330
540
100
AcDbEntity
  8
0
100
AcDbBlockBegin
  2
Пример 11 ОК-2.2П 1500х1500 2x2 Снаружи #11
 70
2
 10
0.0
 20
0.0
 30
0.0
  3
Пример 11 ОК-2.2П 1500х1500 2x2 Снаружи #11
  1

  0
LWPOLYLINE
  5
543
330
540
100
AcDbEntity
  8
Штриховые
100
AcDbPolyline
 90
4
 70
1
 10
0.0
 20
0.0
 10
1500.0
 20
0.0
 10
1500.0
 20
1500.0
 10
0.0
 20
1500.0
  0
LWPOLYLINE
  5
544
330
540
100
AcDbEntity
  8
Окна
100
AcDbPolyline
 90
4
 70
1
 10
20.0
 20
60.0
 10
1480.0
 20
60.0
 10
1480.0
 20
1480.0
 10
20.0
 20
1480.0
  0
LWPOLYLINE
  5
545
330
540
100
AcDbEntity
  8
Окна
100
AcDbPolyline
 90
4
 70
1
 10
90.0
 20
130.0
 10
1410.0
 20
130.0
 10
1410.0
 20
1410.0
 10
90.0
 20
1410.0
  0
LINE
  5
546
330
540
100
AcDbEntity
  8
Окна
100
AcDbLine
 10
20.0
 20
60.0
 30
0.0
 11
90.0
 21
130.0
 31
0.0
  0
LINE
  5
547
330
540
100
AcDbEntity
  8
Окна
100
AcDbLine
 10
1480.0
 20
60.0
 30
0.0
 11
1410.0
 21
130.0
 31
0.0
  0
LINE
  5
548
330
540
100
AcDbEntity
  8
Окна
100
AcDbLine
 10
1480.0
 20
1480.0
 30
0.0
 11
1410.0
 21
1410.0
 31
0.0
  0
LINE
  5
549
330
540
100
AcDbEntity
  8
Окна
100
AcDbLine
 10
20.0
 20
1480.0
 30
0.0
 11
90.0
 21
1410.0
 31
0.0
  0
LWPOLYLINE
  5
54A
330
540
100
AcDbEntity
  8
Окна
100
AcDbPolyline
 90
4
 70
1
 10
700.0
 20
130.0
 10
800.0
 20
130.0
 10
800.0
 20
1410.0
 10
700.0
 20
1410.0
  0
LWPOLYLINE
  5
54B
330
540
100
AcDbEntity
  8
Окна
100
AcDbPolyline
 90
4
 70
1
 10
90.0
 20
720.0
 10
700.0
 20
720.0
 10
700.0
 20
820.0
 10
90.0
 20
820.0
  0
LWPOLYLINE
  5
54C
330
540
100
AcDbEntity
  8
Окна
100
AcDbPolyline
 90
4
 70
1
 10
800.0
 20
720.0
 10
1410.0
 20
720.0
 10
1410.0
 20
820.0
 10
800.0
 20
820.0
  0
LWPOLYLINE
  5
54D
330
540
100
AcDbEntity
  8
Окна
100
AcDbPolyline
 90
4
 70
1
 10
20.0
 20
20.0
 10
1480.0
 20
20.0
 10
1480.0
 20
60.0
 10
20.0
 20
60.0
  0
LINE
  5
54E
330
540
100
AcDbEntity
  8
Окна
100
AcDbLine
 10
155.0
 20
195.0
 30
0.0
 11
635.0
 21
195.0
 31
0.0
  0
LINE
  5
54F
330
540
100
AcDbEntity
  8
Окна
100
AcDbLine
 10
635.0
 20
195.0
 30
0.0
 11
635.0
 21
655.0
 31
0.0
  0
LINE
  5
550
330
540
100
AcDbEntity
  8
Окна
100
AcDbLine
 10
635.0
 20
655.0
 30
0.0
 11
155.0
 21
655.0
 31
0.0
  0
LINE
  5
551
330
540
100
AcDbEntity
  8
Окна
100
AcDbLine
 10
155.0
 20
655.0
 30
0.0
 11
155.0
 21
195.0
 31
0.0
  0
LINE
  5
552
330
540
100
AcDbEntity
  8
Окна
100
AcDbLine
 10
90.0
 20
130.0
 30
0.0
 11
155.0
 21
195.0
 31
0.0
  0
LINE
  5
553
330
540
100
AcDbEntity
  8
Окна
100
AcDbLine
 10
700.0
 20
130.0
 30
0.0
 11
635.0
 21
195.0
 31
0.0
  0
LINE
  5
554
330
540
100
AcDbEntity
  8
Окна
100
AcDbLine
 10
700.0
 20
720.0
 30
0.0
 11
635.0
 21
655.0
 31
0.0
  0
LINE
  5
555
330
540
100
AcDbEntity
  8
Окна
100
AcDbLine
 10
90.0
 20
720.0
 30
0.0
 11
155.0
 21
655.0
 31
0.0
  0
LINE
  5
556
330
540
100
AcDbEntity
  8
Штриховые
  6
ByLayer
100
AcDbLine
 10
90.0
 20
130.0
 30
0.0
 11
700.0
 21
425.0
 31
0.0
  0
LINE
  5
557
330
540
100
AcDbEntity
  8
Штриховые
  6
ByLayer
100
AcDbLine
 10
90.0
 20
720.0
 30
0.0
 11
700.0
 21
425.0
 31
0.0
  0
LINE
  5
558
330
540
100
AcDbEntity
  8
Штриховые
  6
ByLayer
100
AcDbLine
 10
90.0
 20
130.0
 30
0.0
 11
395.0
 21
720.0
 31
0.0
  0
LINE
  5
559
330
540
100
AcDbEntity
  8
Штриховые
  6
ByLayer
100
AcDbLine
 10
700.0
 20
130.0
 30
0.0
 11
395.0
 21
720.0
 31
0.0
  0
LINE
  5
55A
330
540
100
AcDbEntity
  8
Окна
100
AcDbLine
 10
865.0
 20
885.0
 30
0.0
 11
1345.0
 21
885.0
 31
0.0
  0
LINE
  5
55B
330
540
100
AcDbEntity
  8
Окна
100
AcDbLine
 10
1345.0
 20
885.0
 30
0.0
 11
1345.0
 21
1345.0
 31
0.0
  0
LINE
  5
55C
330
540
100
AcDbEntity
  8
Окна
100
AcDbLine
 10
1345.0
 20
1345.0
 30
0.0
 11
865.0
 21
1345.0
 31
0.0
  0
LINE
  5
55D
330
540
100
AcDbEntity
  8
Окна
100
AcDbLine
 10
865.0
 20
1345.0
 30
0.0
 11
865.0
 21
885.0
 31
0.0
  0
LINE
  5
55E
330
540
100
AcDbEntity
  8
Окна
100
AcDbLine
 10
800.0
 20
820.0
 30
0.0
 11
865.0
 21
885.0
 31
0.0
  0
LINE
  5
55F
330
540
100
AcDbEntity
  8
Окна
100
AcDbLine
 10
1410.0
 20
820.0
 30
0.0
 11
1345.0
 21
885.0
 31
0.0
  0
LINE
  5
560
330
540
100
AcDbEntity
  8
Окна
100
AcDbLine
 10
1410.0
 20
1410.0
 30
0.0
 11
1345.0
 21
1345.0
 31
0.0
  0
LINE
  5
561
330
540
100
AcDbEntity
  8
Окна
100
AcDbLine
 10
800.0
 20
1410.0
 30
0.0
 11
865.0
 21
1345.0
 31
0.0
  0
LINE
  5
562
330
540
100
AcDbEntity
  8
Штриховые
  6
ByLayer
100
AcDbLine
 10
800.0
 20
820.0
 30
0.0
 11
1410.0
 21
1115.0
 31
0.0
  0
LINE
  5
563
330
540
100
AcDbEntity
  8
Штриховые
  6
ByLayer
100
AcDbLine
 10
800.0
 20
1410.0
 30
0.0
 11
1410.0
 21
1115.0
 31
0.0
  0
LWPOLYLINE
  5
564
330
540
100
AcDbEntity
  8
Окна
100
AcDbPolyline
 90
4
 70
1
 10
90.0
 20
130.0
 10
1410.0
 20
130.0
 10
1410.0
 20
150.0
 10
90.0
 20
150.0
  0
LWPOLYLINE
  5
565
330
540
100
AcDbEntity
  8
Окна
100
AcDbPolyline
 90
4
 70
1
 10
90.0
 20
1390.0
 10
1410.0
 20
1390.0
 10
1410.0
 20
1410.0
 10
90.0
 20
1410.0
  0
LWPOLYLINE
  5
566
330
540
100
AcDbEntity
  8
Окна
100
AcDbPolyline
 90
4
 70
1
 10
90.0
 20
150.0
 10
110.0
 20
150.0
 10
110.0
 20
1390.0
 10
90.0
 20
1390.0
  0
LWPOLYLINE
  5
567
330
540
100
AcDbEntity
  8
Окна
100
AcDbPolyline
 90
4
 70
1
 10
1390.0
 20
150.0
 10
1410.0
 20
150.0
 10
1410.0
 20
1390.0
 10
1390.0
 20
1390.0
  0
LWPOLYLINE
  5
568
330
540
100
AcDbEntity
  8
Окна
100
AcDbPolyline
 90
4
 70
1
 10
700.0
 20
130.0
 10
720.0
 20
130.0
 10
720.0
 20
1410.0
 10
700.0
 20
1410.0
  0
LWPOLYLINE
  5
569
330
540
100
AcDbEntity
  8
Окна
100
AcDbPolyline
 90
4
 70
1
 10
780.0
 20
130.0
 10
800.0
 20
130.0
 10
800.0
 20
1410.0
 10
780.0
 20
1410.0
  0
LWPOLYLINE
  5
56A
330
540
100
AcDbEntity
  8
Окна
100
AcDbPolyline
 90
4
 70
1
 10
90.0
 20
720.0
 10
700.0
 20
720.0
 10
700.0
 20
740.0
 10
90.0
 20
740.0
  0
LWPOLYLINE
  5
56B
330
540
100
AcDbEntity
  8
Окна
100
AcDbPolyline
 90
4
 70
1
 10
90.0
 20
800.0
 10
700.0
 20
800.0
 10
700.0
 20
820.0
 10
90.0
 20
820.0
  0
LWPOLYLINE
  5
56C
330
540
100
AcDbEntity
  8
Окна
100
AcDbPolyline
 90
4
 70
1
 10
800.0
 20
720.0
 10
1410.0
 20
720.0
 10
1410.0
 20
740.0
 10
800.0
 20
740.0
  0
LWPOLYLINE
  5
56D
330
540
100
AcDbEntity
  8
Окна
100
AcDbPolyline
 90
4
 70
1
 10
800.0
 20
800.0
 10
1410.0
 20
800.0
 10
1410.0
 20
820.0
 10
800.0
 20
820.0
  0
LWPOLYLINE
  5
56E
330
540
100
AcDbEntity
  8
Окна
100
AcDbPolyline
 90
4
 70
1
 10
155.0
 20
195.0
 10
635.0
 20
195.0
 10
635.0
 20
215.0
 10
155.0
 20
215.0
  0
LWPOLYLINE
  5
56F
330
540
100
AcDbEntity
  8
Окна
100
AcDbPolyline
 90
4
 70
1
 10
155.0
 20
635.0
 10
635.0
 20
635.0
 10
635.0
 20
655.0
 10
155.0
 20
655.0
  0
LWPOLYLINE
  5
570
330
540
100
AcDbEntity
  8
Окна
100
AcDbPolyline
 90
4
 70
1
 10
155.0
 20
215.0
 10
175.0
 20
215.0
 10
175.0
 20
635.0
 10
155.0
 20
635.0
  0
LWPOLYLINE
  5
571
330
540
100
AcDbEntity
  8
Окна
100
AcDbPolyline
 90
4
 70
1
 10
615.0
 20
215.0
 10
635.0
 20
215.0
 10
635.0
 20
635.0
 10
615.0
 20
635.0
  0
LWPOLYLINE
  5
572
330
540
100
AcDbEntity
  8
Окна
100
AcDbPolyline
 90
4
 70
1
 10
865.0
 20
885.0
 10
1345.0
 20
885.0
 10
1345.0
 20
905.0
 10
865.0
 20
905.0
  0
LWPOLYLINE
  5
573
330
540
100
AcDbEntity
  8
Окна
100
AcDbPolyline
 90
4
 70
1
 10
865.0
 20
1325.0
 10
1345.0
 20
1325.0
 10
1345.0
 20
1345.0
 10
865.0
 20
1345.0
  0
LWPOLYLINE
  5
574
330
540
100
AcDbEntity
  8
Окна
100
AcDbPolyline
 90
4
 70
1
 10
865.0
 20
905.0
 10
885.0
 20
905.0
 10
885.0
 20
1325.0
 10
865.0
 20
1325.0
  0
LWPOLYLINE
  5
575
330
540
100
AcDbEntity
  8
Окна
100
AcDbPolyline
 90
4
 70
1
 10
1325.0
 20
905.0
 10
1345.0
 20
905.0
 10
1345.0
 20
1325.0
 10
1325.0
 20
1325.0
  0
ATTDEF
  5
576
330
540
100
AcDbEntity
  8
Текст
100
AcDbText
 10
0.0
 20
1810.0
 30
0.0
 40
30.0
  1
Пример 11
  7
Основной стиль (для надписей)
100
AcDbAttributeDefinition
  3
Объект
  2
OBJECT
 70
0
  0
ATTDEF
  5
577
330
540
100
AcDbEntity
  8
Текст
100
AcDbText
 10
0.0
 20
1760.0
 30
0.0
 40
30.0
  1
ОК-2.2П/1 шт.
  7
Основной стиль (для надписей)
100
AcDbAttributeDefinition
  3
Окно / кол-во
  2
WINDOW
 70
0
  0
ATTDEF
  5
578
330
540
100
AcDbEntity
  8
Текст
100
AcDbText
 10
0.0
 20
1710.0
 30
0.0
 40
30.0
  1
RAL8017/RAL9016
  7
Основной стиль (для надписей)
100
AcDbAttributeDefinition
  3
Цвет
  2
COLOR
 70
0
  0
ATTDEF
  5
579
330
540
100
AcDbEntity
  8
Текст
100
AcDbText
 10
0.0
 20
1660.0
 30
0.0
 40
30.0
  1
Заполнение СПД42
  7
Основной стиль (для надписей)
100
AcDbAttributeDefinition
  3
Заполнение
  2
GLAZING
 70
0
  0
ATTDEF
  5
57A
330
540
100
AcDbEntity
  8
Текст
100
AcDbText
 10
0.0
 20
1610.0
 30
0.0
 40
30.0
  1
1500х1500
  7
Основной стиль (для надписей)
100
AcDbAttributeDefinition
  3
Габарит
  2
SIZE
 70
0
  0
ATTDEF
  5
57B
330
540
100
AcDbEntity
  8
Текст
100
AcDbText
 10
0.0
 20
1560.0
 30
0.0
 40
30.0
  1
2х2
  7
Основной стиль (для надписей)
100
AcDbAttributeDefinition
  3
Сетка
  2
GRID
 70
0
  0
TEXT
  5
57C
330
540
100
AcDbEntity
  8
Текст
100
AcDbText
 10
1500.0
 20
1560.0
 30
0.0
 40
30.0
  1
S=2.25 м²
  7
Основной стиль (для надписей)
 72
2
 11
1500.0
 21
1560.0
 31
0.0
100
AcDbText
 73
3
  0
DIMENSION
  5
57D
330
540
100
AcDbEntity
  8
Размеры
100
AcDbDimension
280
0
  3
Основной стиль
 10
20.0
 20
-80.0
 30
0.0
 11
385.0
 21
-52.0
 31
0.0
 70
32
 71
5
  1
<>
100
AcDbAlignedDimension
 13
20.0
 23
20.0
 33
0.0
 14
750.0
 24
20.0
 34
0.0
 50
0.0
100
AcDbRotatedDimension
  0
DIMENSION
  5
57E
330
540
100
AcDbEntity
  8
Размеры
100
AcDbDimension
280
0
  3
Основной стиль
 10
750.0
 20
-80.0
 30
0.0
 11
1115.0
 21
-52.0
 31
0.0
 70
32
 71
5
  1
<>
100
AcDbAlignedDimension
 13
750.0
 23
20.0
 33
0.0
 14
1480.0
 24
20.0
 34
0.0
 50
0.0
100
AcDbRotatedDimension
  0
DIMENSION
  5
57F
330
540
100
AcDbEntity
  8
Размеры
100
AcDbDimension
280
0
  3
Основной стиль с точками
 10
20.0
 20
-160.0
 30
0.0
 11
750.0
 21
-132.0
 31
0.0
 70
32
 71
5
  1
<>
100
AcDbAlignedDimension
 13
20.0
 23
20.0
 33
0.0
 14
1480.0
 24
20.0
 34
0.0
 50
0.0
100
AcDbRotatedDimension
  0
DIMENSION
  5
580
330
540
100
AcDbEntity
  8
Размеры
100
AcDbDimension
280
0
  3
Основной стиль
 10
0.0
 20
-240.0
 30
0.0
 11
750.0
 21
-212.0
 31
0.0
 70
32
 71
5
  1
<>
100
AcDbAlignedDimension
 13
0.0
 23
0.0
 33
0.0
 14
1500.0
 24
0.0
 34
0.0
 50
0.0
100
AcDbRotatedDimension
  0
DIMENSION
  5
581
330
540
100
AcDbEntity
  8
Размеры
100
AcDbDimension
280
0
  3
Основной стиль
 10
0.0
 20
-160.0
 30
0.0
 11
10.0
 21
-120.0
 31
0.0
 70
32
 71
5
  1
<>
100
AcDbAlignedDimension
 13
0.0
 23
0.0
 33
0.0
 14
20.0
 24
0.0
 34
0.0
 50
0.0
100
AcDbRotatedDimension
  0
DIMENSION
  5
582
330
540
100
AcDbEntity
  8
Размеры
100
AcDbDimension
280
0
  3
Основной стиль
 10
1480.0
 20
-160.0
 30
0.0
 11
1490.0
 21
-120.0
 31
0.0
 70
32
 71
5
  1
<>
100
AcDbAlignedDimension
 13
1480.0
 23
0.0
 33
0.0
 14
1500.0
 24
0.0
 34
0.0
 50
0.0
100
AcDbRotatedDimension
  0
DIMENSION
  5
583
330
540
100
AcDbEntity
  8
Размеры
100
AcDbDimension
280
0
  3
Основной стиль
 10
1580.0
 20
60.0
 30
0.0
 11
1552.0
 21
415.0
 31
0.0
 70
32
 71
5
  1
<>
100
AcDbAlignedDimension
 13
1480.0
 23
60.0
 33
0.0
 14
1480.0
 24
770.0
 34
0.0
 50
90.0
100
AcDbRotatedDimension
  0
DIMENSION
  5
584
330
540
100
AcDbEntity
  8
Размеры
100
AcDbDimension
280
0
  3
Основной стиль
 10
1580.0
 20
770.0
 30
0.0
 11
1552.0
 21
1125.0
 31
0.0
 70
32
 71
5
  1
<>
100
AcDbAlignedDimension
 13
1480.0
 23
770.0
 33
0.0
 14
1480.0
 24
1480.0
 34
0.0
 50
90.0
100
AcDbRotatedDimension
  0
DIMENSION
  5
585
330
540
100
AcDbEntity
  8
Размеры
100
AcDbDimension
280
0
  3
Основной стиль с точками
 10
1660.0
 20
60.0
 30
0.0
 11
1632.0
 21
770.0
 31
0.0
 70
32
 71
5
  1
<>
100
AcDbAlignedDimension
 13
1480.0
 23
60.0
 33
0.0
 14
1480.0
 24
1480.0
 34
0.0
 50
90.0
100
AcDbRotatedDimension
  0
DIMENSION
  5
586
330
540
100
AcDbEntity
  8
Размеры
100
AcDbDimension
280
0
  3
Основной стиль с точками
 10
1580.0
 20
20.0
 30
0.0
 11
1540.0
 21
40.0
 31
0.0
 70
32
 71
5
  1
<>
100
AcDbAlignedDimension
 13
1480.0
 23
20.0
 33
0.0
 14
1480.0
 24
60.0
 34
0.0
 50
90.0
100
AcDbRotatedDimension
  0
DIMENSION
  5
587
330
540
100
AcDbEntity
  8
Размеры
100
AcDbDimension
280
0
  3
Основной стиль
 10
1740.0
 20
0.0
 30
0.0
 11
1712.0
 21
750.0
 31
0.0
 70
32
 71
5
  1
<>
100
AcDbAlignedDimension
 13
1500.0
 23
0.0
 33
0.0
 14
1500.0
 24
1500.0
 34
0.0
 50
90.0
100
AcDbRotatedDimension
  0
DIMENSION
  5
588
330
540
100
AcDbEntity
  8
Размеры
100
AcDbDimension
280
0
  3
Основной стиль
 10
1660.0
 20
0.0
 30
0.0
 11
1620.0
 21
10.0
 31
0.0
 70
32
 71
5
  1
<>
100
AcDbAlignedDimension
 13
1500.0
 23
0.0
 33
0.0
 14
1500.0
 24
20.0
 34
0.0
 50
90.0
100
AcDbRotatedDimension
  0
DIMENSION
  5
589
330
540
100
AcDbEntity
  8
Размеры
100
AcDbDimension
280
0
  3
Основной стиль
 10
1660.0
 20
1480.0
 30
0.0
 11
1620.0
 21
1490.0
 31
0.0
 70
32
 71
5
  1
<>
100
AcDbAlignedDimension
 13
1500.0
 23
1480.0
 33
0.0
 14
1500.0
 24
1500.0
 34
0.0
 50
90.0
100
AcDbRotatedDimension
  0
ENDBLK
  5
542
330
540
100
AcDbEntity
  8
0
100
AcDbBlockEnd
  0
BLOCK
  5
58B
330
58A
100
AcDbEntity
  8
0
100
AcDbBlockBegin
  2
Пример 12 ОК-УЗ 1200х2100 2x3 Изнутри #12
 70
2
 10
0.0
 20
0.0
 30
0.0
  3
Пример 12 ОК-УЗ 1200х2100 2x3 Изнутри #12
  1

  0
LWPOLYLINE
  5
58D
330
58A
100
AcDbEntity
  8
Штриховые
100
AcDbPolyline
 90
4
 70
1
 10
1200.0
 20
0.0
 10
0.0
 20
0.0
 10
0.0
 20
2100.0
 10
1200.0
 20
2100.0
  0
LWPOLYLINE
  5
58E
330
58A
100
AcDbEntity
  8
Окна
100
AcDbPolyline
 90
4
 70
1
 10
1170.0
 20
60.0
 10
30.0
 20
60.0
 10
30.0
 20
2070.0
 10
1170.0
 20
2070.0
  0
LINE
  5
58F
330
58A
100
AcDbEntity
  8
Окна
100
AcDbLine
 10
1110.0
 20
120.0
 30
0.0
 11
575.0
 21
120.0
 31
0.0
  0
LINE
  5
590
330
58A
100
AcDbEntity
  8
Окна
100
AcDbLine
 10
90.0
 20
711.6666666666666
 30
0.0
 11
90.0
 21
761.6666666666666
 31
0.0
  0
LINE
  5
591
330
58A
100
AcDbEntity
  8
Окна
100
AcDbLine
 10
90.0
 20
1368.3333333333335
 30
0.0
 11
90.0
 21
2010.0
 31
0.0
  0
LINE
  5
592
330
58A
100
AcDbEntity
  8
Окна
100
AcDbLine
 10
90.0
 20
2010.0
 30
0.0
 11
625.0
 21
2010.0
 31
0.0
  0
LINE
  5
593
330
58A
100
AcDbEntity
  8
Окна
100
AcDbLine
 10
1110.0
 20
1418.3333333333333
 30
0.0
 11
1110.0
 21
1368.3333333333333
 31
0.0
  0
LINE
  5
594
330
58A
100
AcDbEntity
  8
Окна
100
AcDbLine
 10
1110.0
 20
761.6666666666665
 30
0.0
 11
1110.0
 21
120.0
 31
0.0
  0
LINE
  5
595
330
58A
100
AcDbEntity
  8
Окна
100
AcDbLine
 10
1170.0
 20
60.0
 30
0.0
 11
1110.0
 21
120.0
 31
0.0
  0
LINE
  5
596
330
58A
100
AcDbEntity
  8
Окна
100
AcDbLine
 10
30.0
 20
60.0
 30
0.0
 11
75.0
 21
105.0
 31
0.0
  0
LINE
  5
597
330
58A
100
AcDbEntity
  8
Окна
100
AcDbLine
 10
30.0
 20
2070.0
 30
0.0
 11
90.0
 21
2010.0
 31
0.0
  0
LINE
  5
598
330
58A
100
AcDbEntity
  8
Окна
100
AcDbLine
 10
1170.0
 20
2070.0
 30
0.0
 11
1125.0
 21
2025.0
 31
0.0
  0
LINE
  5
599
330
58A
100
AcDbEntity
  8
Окна
100
AcDbLine
 10
640.0
 20
120.0
 30
0.0
 11
575.0
 21
120.0
 31
0.0
  0
LINE
  5
59A
330
58A
100
AcDbEntity
  8
Окна
100
AcDbLine
 10
575.0
 20
696.6666666666666
 30
0.0
 11
640.0
 21
696.6666666666666
 31
0.0
  0
LINE
  5
59B
330
58A
100
AcDbEntity
  8
Окна
100
AcDbLine
 10
640.0
 20
696.6666666666666
 30
0.0
 11
640.0
 21
120.0
 31
0.0
  0
LINE
  5
59C
330
58A
100
AcDbEntity
  8
Окна
100
AcDbLine
 10
625.0
 20
776.6666666666666
 30
0.0
 11
575.0
 21
776.6666666666666
 31
0.0
  0
LINE
  5
59D
330
58A
100
AcDbEntity
  8
Окна
100
AcDbLine
 10
575.0
 20
1353.3333333333333
 30
0.0
 11
625.0
 21
1353.3333333333333
 31
0.0
  0
LINE
  5
59E
330
58A
100
AcDbEntity
  8
Окна
100
AcDbLine
 10
625.0
 20
1433.3333333333333
 30
0.0
 11
560.0
 21
1433.3333333333333
 31
0.0
  0
LINE
  5
59F
330
58A
100
AcDbEntity
  8
Окна
100
AcDbLine
 10
560.0
 20
1433.3333333333333
 30
0.0
 11
560.0
 21
2010.0
 31
0.0
  0
LINE
  5
5A0
330
58A
100
AcDbEntity
  8
Окна
100
AcDbLine
 10
560.0
 20
2010.0
 30
0.0
 11
625.0
 21
2010.0
 31
0.0
  0
LINE
  5
5A1
330
58A
100
AcDbEntity
  8
Окна
100
AcDbLine
 10
1110.0
 20
696.6666666666666
 30
0.0
 11
575.0
 21
696.6666666666666
 31
0.0
  0
LINE
  5
5A2
330
58A
100
AcDbEntity
  8
Окна
100
AcDbLine
 10
90.0
 20
711.6666666666666
 30
0.0
 11
90.0
 21
761.6666666666666
 31
0.0
  0
LINE
  5
5A3
330
58A
100
AcDbEntity
  8
Окна
100
AcDbLine
 10
575.0
 20
776.6666666666666
 30
0.0
 11
625.0
 21
776.6666666666666
 31
0.0
  0
LINE
  5
5A4
330
58A
100
AcDbEntity
  8
Окна
100
AcDbLine
 10
1110.0
 20
761.6666666666666
 30
0.0
 11
1110.0
 21
696.6666666666666
 31
0.0
  0
LINE
  5
5A5
330
58A
100
AcDbEntity
  8
Окна
100
AcDbLine
 10
625.0
 20
1353.3333333333333
 30
0.0
 11
575.0
 21
1353.3333333333333
 31
0.0
  0
LINE
  5
5A6
330
58A
100
AcDbEntity
  8
Окна
100
AcDbLine
 10
90.0
 20
1368.3333333333333
 30
0.0
 11
90.0
 21
1433.3333333333333
 31
0.0
  0
LINE
  5
5A7
330
58A
100
AcDbEntity
  8
Окна
100
AcDbLine
 10
90.0
 20
1433.3333333333333
 30
0.0
 11
625.0
 21
1433.3333333333333
 31
0.0
  0
LINE
  5
5A8
330
58A
100
AcDbEntity
  8
Окна
100
AcDbLine
 10
1110.0
 20
1418.3333333333333
 30
0.0
 11
1110.0
 21
1368.3333333333333
 31
0.0
  0
LWPOLYLINE
  5
5A9
330
58A
100
AcDbEntity
  8
Окна
100
AcDbPolyline
 90
4
 70
1
 10
1170.0
 20
30.0
 10
30.0
 20
30.0
 10
30.0
 20
60.0
 10
1170.0
 20
60.0
  0
LINE
  5
5AA
330
58A
100
AcDbEntity
  8
Окна
100
AcDbLine
 10
575.0
 20
105.0
 30
0.0
 11
75.0
 21
105.0
 31
0.0
  0
LINE
  5
5AB
330
58A
100
AcDbEntity
  8
Окна
100
AcDbLine
 10
75.0
 20
105.0
 30
0.0
 11
75.0
 21
711.6666666666666
 31
0.0
  0
LINE
  5
5AC
330
58A
100
AcDbEntity
  8
Окна
100
AcDbLine
 10
75.0
 20
711.6666666666666
 30
0.0
 11
575.0
 21
711.6666666666666
 31
0.0
  0
LINE
  5
5AD
330
58A
100
AcDbEntity
  8
Окна
100
AcDbLine
 10
575.0
 20
711.6666666666666
 30
0.0
 11
575.0
 21
105.0
 31
0.0
  0
LINE
  5
5AE
330
58A
100
AcDbEntity
  8
Окна
100
AcDbLine
 10
495.0
 20
185.0
 30
0.0
 11
155.0
 21
185.0
 31
0.0
  0
LINE
  5
5AF
330
58A
100
AcDbEntity
  8
Окна
100
AcDbLine
 10
155.0
 20
185.0
 30
0.0
 11
155.0
 21
631.6666666666666
 31
0.0
  0
LINE
  5
5B0
330
58A
100
AcDbEntity
  8
Окна
100
AcDbLine
 10
155.0
 20
631.6666666666666
 30
0.0
 11
495.0
 21
631.6666666666666
 31
0.0
  0
LINE
  5
5B1
330
58A
100
AcDbEntity
  8
Окна
100
AcDbLine
 10
495.0
 20
631.6666666666666
 30
0.0
 11
495.0
 21
185.0
 31
0.0
  0
LINE
  5
5B2
330
58A
100
AcDbEntity
  8
Окна
100
AcDbLine
 10
575.0
 20
105.0
 30
0.0
 11
495.0
 21
185.0
 31
0.0
  0
LINE
  5
5B3
330
58A
100
AcDbEntity
  8
Окна
100
AcDbLine
 10
75.0
 20
105.0
 30
0.0
 11
155.0
 21
185.0
 31
0.0
  0
LINE
  5
5B4
330
58A
100
AcDbEntity
  8
Окна
100
AcDbLine
 10
75.0
 20
711.6666666666666
 30
0.0
 11
155.0
 21
631.6666666666666
 31
0.0
  0
LINE
  5
5B5
330
58A
100
AcDbEntity
  8
Окна
100
AcDbLine
 10
575.0
 20
711.6666666666666
 30
0.0
 11
495.0
 21
631.6666666666666
 31
0.0
  0
LINE
  5
5B6
330
58A
100
AcDbEntity
  8
Штриховые
  6
Continuous
100
AcDbLine
 10
575.0
 20
105.0
 30
0.0
 11
75.0
 21
408.3333333333333
 31
0.0
  0
LINE
  5
5B7
330
58A
100
AcDbEntity
  8
Штриховые
  6
Continuous
100
AcDbLine
 10
575.0
 20
711.6666666666666
 30
0.0
 11
75.0
 21
408.3333333333333
 31
0.0
  0
LINE
  5
5B8
330
58A
100
AcDbEntity
  8
Окна
100
AcDbLine
 10
1125.0
 20
761.6666666666666
 30
0.0
 11
625.0
 21
761.6666666666666
 31
0.0
  0
LINE
  5
5B9
330
58A
100
AcDbEntity
  8
Окна
100
AcDbLine
 10
625.0
 20
761.6666666666666
 30
0.0
 11
625.0
 21
1368.3333333333333
 31
0.0
  0
LINE
  5
5BA
330
58A
100
AcDbEntity
  8
Окна
100
AcDbLine
 10
625.0
 20
1368.3333333333333
 30
0.0
 11
1125.0
 21
1368.3333333333333
 31
0.0
  0
LINE
  5
5BB
330
58A
100
AcDbEntity
  8
Окна
100
AcDbLine
 10
1125.0
 20
1368.3333333333333
 30
0.0
 11
1125.0
 21
761.6666666666666
 31
0.0
  0
LINE
  5
5BC
330
58A
100
AcDbEntity
  8
Окна
100
AcDbLine
 10
1045.0
 20
841.6666666666666
 30
0.0
 11
705.0
 21
841.6666666666666
 31
0.0
  0
LINE
  5
5BD
330
58A
100
AcDbEntity
  8
Окна
100
AcDbLine
 10
705.0
 20
841.6666666666666
 30
0.0
 11
705.0
 21
1288.3333333333333
 31
0.0
  0
LINE
  5
5BE
330
58A
100
AcDbEntity
  8
Окна
100
AcDbLine
 10
705.0
 20
1288.3333333333333
 30
0.0
 11
1045.0
 21
1288.3333333333333
 31
0.0
  0
LINE
  5
5BF
330
58A
100
AcDbEntity
  8
Окна
100
AcDbLine
 10
1045.0
 20
1288.3333333333333
 30
0.0
 11
1045.0
 21
841.6666666666666
 31
0.0
  0
LINE
  5
5C0
330
58A
100
AcDbEntity
  8
Окна
100
AcDbLine
 10
1125.0
 20
761.6666666666666
 30
0.0
 11
1045.0
 21
841.6666666666666
 31
0.0
  0
LINE
  5
5C1
330
58A
100
AcDbEntity
  8
Окна
100
AcDbLine
 10
625.0
 20
761.6666666666666
 30
0.0
 11
705.0
 21
841.6666666666666
 31
0.0
  0
LINE
  5
5C2
330
58A
100
AcDbEntity
  8
Окна
100
AcDbLine
 10
625.0
 20
1368.3333333333333
 30
0.0
 11
705.0
 21
1288.3333333333333
 31
0.0
  0
LINE
  5
5C3
330
58A
100
AcDbEntity
  8
Окна
100
AcDbLine
 10
1125.0
 20
1368.3333333333333
 30
0.0
 11
1045.0
 21
1288.3333333333333
 31
0.0
  0
LINE
  5
5C4
330
58A
100
AcDbEntity
  8
Штриховые
  6
Continuous
100
AcDbLine
 10
1125.0
 20
761.6666666666666
 30
0.0
 11
625.0
 21
1065.0
 31
0.0
  0
LINE
  5
5C5
330
58A
100
AcDbEntity
  8
Штриховые
  6
Continuous
100
AcDbLine
 10
1125.0
 20
1368.3333333333333
 30
0.0
 11
625.0
 21
1065.0
 31
0.0
  0
LINE
  5
5C6
330
58A
100
AcDbEntity
  8
Окна
100
AcDbLine
 10
575.0
 20
761.6666666666666
 30
0.0
 11
75.0
 21
761.6666666666666
 31
0.0
  0
LINE
  5
5C7
330
58A
100
AcDbEntity
  8
Окна
100
AcDbLine
 10
75.0
 20
761.6666666666666
 30
0.0
 11
75.0
 21
1368.3333333333333
 31
0.0
  0
LINE
  5
5C8
330
58A
100
AcDbEntity
  8
Окна
100
AcDbLine
 10
75.0
 20
1368.3333333333333
 30
0.0
 11
575.0
 21
1368.3333333333333
 31
0.0
  0
LINE
  5
5C9
330
58A
100
AcDbEntity
  8
Окна
100
AcDbLine
 10
575.0
 20
1368.3333333333333
 30
0.0
 11
575.0
 21
761.6666666666666
 31
0.0
  0
LINE
  5
5CA
330
58A
100
AcDbEntity
  8
Окна
100
AcDbLine
 10
495.0
 20
841.6666666666666
 30
0.0
 11
155.0
 21
841.6666666666666
 31
0.0
  0
LINE
  5
5CB
330
58A
100
AcDbEntity
  8
Окна
100
AcDbLine
 10
155.0
 20
841.6666666666666
 30
0.0
 11
155.0
 21
1288.3333333333333
 31
0.0
  0
LINE
  5
5CC
330
58A
100
AcDbEntity
  8
Окна
100
AcDbLine
 10
155.0
 20
1288.3333333333333
 30
0.0
 11
495.0
 21
1288.3333333333333
 31
0.0
  0
LINE
  5
5CD
330
58A
100
AcDbEntity
  8
Окна
100
AcDbLine
 10
495.0
 20
1288.3333333333333
 30
0.0
 11
495.0
 21
841.6666666666666
 31
0.0
  0
LINE
  5
5CE
330
58A
100
AcDbEntity
  8
Окна
100
AcDbLine
 10
575.0
 20
761.6666666666666
 30
0.0
 11
495.0
 21
841.6666666666666
 31
0.0
  0
LINE
  5
5CF
330
58A
100
AcDbEntity
  8
Окна
100
AcDbLine
 10
75.0
 20
761.6666666666666
 30
0.0
 11
155.0
 21
841.6666666666666
 31
0.0
  0
LINE
  5
5D0
330
58A
100
AcDbEntity
  8
Окна
100
AcDbLine
 10
75.0
 20
1368.3333333333333
 30
0.0
 11
155.0
 21
1288.3333333333333
 31
0.0
  0
LINE
  5
5D1
330
58A
100
AcDbEntity
  8
Окна
100
AcDbLine
 10
575.0
 20
1368.3333333333333
 30
0.0
 11
495.0
 21
1288.3333333333333
 31
0.0
  0
LINE
  5
5D2
330
58A
100
AcDbEntity
  8
Штриховые
  6
Continuous
100
AcDbLine
 10
575.0
 20
761.6666666666666
 30
0.0
 11
75.0
 21
1065.0
 31
0.0
  0
LINE
  5
5D3
330
58A
100
AcDbEntity
  8
Штриховые
  6
Continuous
100
AcDbLine
 10
575.0
 20
1368.3333333333333
 30
0.0
 11
75.0
 21
1065.0
 31
0.0
  0
LINE
  5
5D4
330
58A
100
AcDbEntity
  8
Штриховые
  6
Continuous
100
AcDbLine
 10
575.0
 20
761.6666666666666
 30
0.0
 11
325.0
 21
1368.3333333333333
 31
0.0
  0
LINE
  5
5D5
330
58A
100
AcDbEntity
  8
Штриховые
  6
Continuous
100
AcDbLine
 10
75.0
 20
761.6666666666666
 30
0.0
 11
325.0
 21
1368.3333333333333
 31
0.0
  0
LINE
  5
5D6
330
58A
100
AcDbEntity
  8
Окна
100
AcDbLine
 10
1125.0
 20
1418.3333333333333
 30
0.0
 11
625.0
 21
1418.3333333333333
 31
0.0
  0
LINE
  5
5D7
330
58A
100
AcDbEntity
  8
Окна
100
AcDbLine
 10
625.0
 20
1418.3333333333333
 30
0.0
 11
625.0
 21
2025.0
 31
0.0
  0
LINE
  5
5D8
330
58A
100
AcDbEntity
  8
Окна
100
AcDbLine
 10
625.0
 20
2025.0
 30
0.0
 11
1125.0
 21
2025.0
 31
0.0
  0
LINE
  5
5D9
330
58A
100
AcDbEntity
  8
Окна
100
AcDbLine
 10
1125.0
 20
2025.0
 30
0.0
 11
1125.0
 21
1418.3333333333333
 31
0.0
  0
LINE
  5
5DA
330
58A
100
AcDbEntity
  8
Окна
100
AcDbLine
 10
1045.0
 20
1498.3333333333333
 30
0.0
 11
705.0
 21
1498.3333333333333
 31
0.0
  0
LINE
  5
5DB
330
58A
100
AcDbEntity
  8
Окна
100
AcDbLine
 10
705.0
 20
1498.3333333333333
 30
0.0
 11
705.0
 21
1945.0
 31
0.0
  0
LINE
  5
5DC
330
58A
100
AcDbEntity
  8
Окна
100
AcDbLine
 10
705.0
 20
1945.0
 30
0.0
 11
1045.0
 21
1945.0
 31
0.0
  0
LINE
  5
5DD
330
58A
100
AcDbEntity
  8
Окна
100
AcDbLine
 10
1045.0
 20
1945.0
 30
0.0
 11
1045.0
 21
1498.3333333333333
 31
0.0
  0
LINE
  5
5DE
330
58A
100
AcDbEntity
  8
Окна
100
AcDbLine
 10
1125.0
 20
1418.3333333333333
 30
0.0
 11
1045.0
 21
1498.3333333333333
 31
0.0
  0
LINE
  5
5DF
330
58A
100
AcDbEntity
  8
Окна
100
AcDbLine
 10
625.0
 20
1418.3333333333333
 30
0.0
 11
705.0
 21
1498.3333333333333
 31
0.0
  0
LINE
  5
5E0
330
58A
100
AcDbEntity
  8
Окна
100
AcDbLine
 10
625.0
 20
2025.0
 30
0.0
 11
705.0
 21
1945.0
 31
0.0
  0
LINE
  5
5E1
330
58A
100
AcDbEntity
  8
Окна
100
AcDbLine
 10
1125.0
 20
2025.0
 30
0.0
 11
1045.0
 21
1945.0
 31
0.0
  0
LINE
  5
5E2
330
58A
100
AcDbEntity
  8
Штриховые
  6
Continuous
100
AcDbLine
 10
1125.0
 20
1418.3333333333333
 30
0.0
 11
875.0
 21
2025.0
 31
0.0
  0
LINE
  5
5E3
330
58A
100
AcDbEntity
  8
Штриховые
  6
Continuous
100
AcDbLine
 10
625.0
 20
1418.3333333333333
 30
0.0
 11
875.0
 21
2025.0
 31
0.0
  0
LINE
  5
5E4
330
58A
100
AcDbEntity
  8
Окна
100
AcDbLine
 10
575.0
 20
120.0
 30
0.0
 11
1110.0
 21
120.0
 31
0.0
  0
LINE
  5
5E5
330
58A
100
AcDbEntity
  8
Окна
100
AcDbLine
 10
1110.0
 20
120.0
 30
0.0
 11
1110.0
 21
145.0
 31
0.0
  0
LINE
  5
5E6
330
58A
100
AcDbEntity
  8
Окна
100
AcDbLine
 10
1110.0
 20
145.0
 30
0.0
 11
575.0
 21
145.0
 31
0.0
  0
LINE
  5
5E7
330
58A
100
AcDbEntity
  8
Окна
100
AcDbLine
 10
90.0
 20
1985.0
 30
0.0
 11
625.0
 21
1985.0
 31
0.0
  0
LINE
  5
5E8
330
58A
100
AcDbEntity
  8
Окна
100
AcDbLine
 10
625.0
 20
2010.0
 30
0.0
 11
90.0
 21
2010.0
 31
0.0
  0
LINE
  5
5E9
330
58A
100
AcDbEntity
  8
Окна
100
AcDbLine
 10
90.0
 20
2010.0
 30
0.0
 11
90.0
 21
1985.0
 31
0.0
  0
LINE
  5
5EA
330
58A
100
AcDbEntity
  8
Окна
100
AcDbLine
 10
115.0
 20
711.6666666666666
 30
0.0
 11
115.0
 21
761.6666666666666
 31
0.0
  0
LINE
  5
5EB
330
58A
100
AcDbEntity
  8
Окна
100
AcDbLine
 10
115.0
 20
1368.3333333333335
 30
0.0
 11
115.0
 21
1985.0
 31
0.0
  0
LINE
  5
5EC
330
58A
100
AcDbEntity
  8
Окна
100
AcDbLine
 10
115.0
 20
1985.0
 30
0.0
 11
90.0
 21
1985.0
 31
0.0
  0
LINE
  5
5ED
330
58A
100
AcDbEntity
  8
Окна
100
AcDbLine
 10
90.0
 20
1985.0
 30
0.0
 11
90.0
 21
1368.3333333333333
 31
0.0
  0
LINE
  5
5EE
330
58A
100
AcDbEntity
  8
Окна
100
AcDbLine
 10
90.0
 20
761.6666666666665
 30
0.0
 11
90.0
 21
711.6666666666665
 31
0.0
  0
LINE
  5
5EF
330
58A
100
AcDbEntity
  8
Окна
100
AcDbLine
 10
1085.0
 20
145.0
 30
0.0
 11
1110.0
 21
145.0
 31
0.0
  0
LINE
  5
5F0
330
58A
100
AcDbEntity
  8
Окна
100
AcDbLine
 10
1110.0
 20
145.0
 30
0.0
 11
1110.0
 21
761.6666666666666
 31
0.0
  0
LINE
  5
5F1
330
58A
100
AcDbEntity
  8
Окна
100
AcDbLine
 10
1110.0
 20
1368.3333333333333
 30
0.0
 11
1110.0
 21
1418.3333333333333
 31
0.0
  0
LINE
  5
5F2
330
58A
100
AcDbEntity
  8
Окна
100
AcDbLine
 10
1085.0
 20
1418.3333333333333
 30
0.0
 11
1085.0
 21
1368.3333333333333
 31
0.0
  0
LINE
  5
5F3
330
58A
100
AcDbEntity
  8
Окна
100
AcDbLine
 10
1085.0
 20
761.6666666666665
 30
0.0
 11
1085.0
 21
145.0
 31
0.0
  0
LINE
  5
5F4
330
58A
100
AcDbEntity
  8
Окна
100
AcDbLine
 10
575.0
 20
120.0
 30
0.0
 11
585.0
 21
120.0
 31
0.0
  0
LINE
  5
5F5
330
58A
100
AcDbEntity
  8
Окна
100
AcDbLine
 10
585.0
 20
120.0
 30
0.0
 11
585.0
 21
696.6666666666666
 31
0.0
  0
LINE
  5
5F6
330
58A
100
AcDbEntity
  8
Окна
100
AcDbLine
 10
585.0
 20
696.6666666666666
 30
0.0
 11
575.0
 21
696.6666666666666
 31
0.0
  0
LINE
  5
5F7
330
58A
100
AcDbEntity
  8
Окна
100
AcDbLine
 10
615.0
 20
120.0
 30
0.0
 11
640.0
 21
120.0
 31
0.0
  0
LINE
  5
5F8
330
58A
100
AcDbEntity
  8
Окна
100
AcDbLine
 10
640.0
 20
120.0
 30
0.0
 11
640.0
 21
696.6666666666666
 31
0.0
  0
LINE
  5
5F9
330
58A
100
AcDbEntity
  8
Окна
100
AcDbLine
 10
640.0
 20
696.6666666666666
 30
0.0
 11
615.0
 21
696.6666666666666
 31
0.0
  0
LINE
  5
5FA
330
58A
100
AcDbEntity
  8
Окна
100
AcDbLine
 10
615.0
 20
696.6666666666666
 30
0.0
 11
615.0
 21
120.0
 31
0.0
  0
LINE
  5
5FB
330
58A
100
AcDbEntity
  8
Окна
100
AcDbLine
 10
575.0
 20
776.6666666666666
 30
0.0
 11
585.0
 21
776.6666666666666
 31
0.0
  0
LINE
  5
5FC
330
58A
100
AcDbEntity
  8
Окна
100
AcDbLine
 10
585.0
 20
776.6666666666666
 30
0.0
 11
585.0
 21
1353.3333333333333
 31
0.0
  0
LINE
  5
5FD
330
58A
100
AcDbEntity
  8
Окна
100
AcDbLine
 10
585.0
 20
1353.3333333333333
 30
0.0
 11
575.0
 21
1353.3333333333333
 31
0.0
  0
LINE
  5
5FE
330
58A
100
AcDbEntity
  8
Окна
100
AcDbLine
 10
615.0
 20
776.6666666666666
 30
0.0
 11
625.0
 21
776.6666666666666
 31
0.0
  0
LINE
  5
5FF
330
58A
100
AcDbEntity
  8
Окна
100
AcDbLine
 10
625.0
 20
1353.3333333333333
 30
0.0
 11
615.0
 21
1353.3333333333333
 31
0.0
  0
LINE
  5
600
330
58A
100
AcDbEntity
  8
Окна
100
AcDbLine
 10
615.0
 20
1353.3333333333333
 30
0.0
 11
615.0
 21
776.6666666666666
 31
0.0
  0
LINE
  5
601
330
58A
100
AcDbEntity
  8
Окна
100
AcDbLine
 10
560.0
 20
1433.3333333333333
 30
0.0
 11
585.0
 21
1433.3333333333333
 31
0.0
  0
LINE
  5
602
330
58A
100
AcDbEntity
  8
Окна
100
AcDbLine
 10
585.0
 20
1433.3333333333333
 30
0.0
 11
585.0
 21
2010.0
 31
0.0
  0
LINE
  5
603
330
58A
100
AcDbEntity
  8
Окна
100
AcDbLine
 10
585.0
 20
2010.0
 30
0.0
 11
560.0
 21
2010.0
 31
0.0
  0
LINE
  5
604
330
58A
100
AcDbEntity
  8
Окна
100
AcDbLine
 10
560.0
 20
2010.0
 30
0.0
 11
560.0
 21
1433.3333333333333
 31
0.0
  0
LINE
  5
605
330
58A
100
AcDbEntity
  8
Окна
100
AcDbLine
 10
615.0
 20
1433.3333333333333
 30
0.0
 11
625.0
 21
1433.3333333333333
 31
0.0
  0
LINE
  5
606
330
58A
100
AcDbEntity
  8
Окна
100
AcDbLine
 10
625.0
 20
2010.0
 30
0.0
 11
615.0
 21
2010.0
 31
0.0
  0
LINE
  5
607
330
58A
100
AcDbEntity
  8
Окна
100
AcDbLine
 10
615.0
 20
2010.0
 30
0.0
 11
615.0
 21
1433.3333333333333
 31
0.0
  0
LINE
  5
608
330
58A
100
AcDbEntity
  8
Окна
100
AcDbLine
 10
575.0
 20
696.6666666666666
 30
0.0
 11
1110.0
 21
696.6666666666666
 31
0.0
  0
LINE
  5
609
330
58A
100
AcDbEntity
  8
Окна
100
AcDbLine
 10
1110.0
 20
696.6666666666666
 30
0.0
 11
1110.0
 21
721.6666666666666
 31
0.0
  0
LINE
  5
60A
330
58A
100
AcDbEntity
  8
Окна
100
AcDbLine
 10
1110.0
 20
721.6666666666666
 30
0.0
 11
90.0
 21
721.6666666666666
 31
0.0
  0
LINE
  5
60B
330
58A
100
AcDbEntity
  8
Окна
100
AcDbLine
 10
90.0
 20
721.6666666666666
 30
0.0
 11
90.0
 21
711.6666666666666
 31
0.0
  0
LINE
  5
60C
330
58A
100
AcDbEntity
  8
Окна
100
AcDbLine
 10
90.0
 20
751.6666666666666
 30
0.0
 11
1110.0
 21
751.6666666666666
 31
0.0
  0
LINE
  5
60D
330
58A
100
AcDbEntity
  8
Окна
100
AcDbLine
 10
1110.0
 20
751.6666666666666
 30
0.0
 11
1110.0
 21
761.6666666666666
 31
0.0
  0
LINE
  5
60E
330
58A
100
AcDbEntity
  8
Окна
100
AcDbLine
 10
625.0
 20
776.6666666666666
 30
0.0
 11
575.0
 21
776.6666666666666
 31
0.0
  0
LINE
  5
60F
330
58A
100
AcDbEntity
  8
Окна
100
AcDbLine
 10
90.0
 20
761.6666666666666
 30
0.0
 11
90.0
 21
751.6666666666666
 31
0.0
  0
LINE
  5
610
330
58A
100
AcDbEntity
  8
Окна
100
AcDbLine
 10
575.0
 20
1353.3333333333333
 30
0.0
 11
625.0
 21
1353.3333333333333
 31
0.0
  0
LINE
  5
611
330
58A
100
AcDbEntity
  8
Окна
100
AcDbLine
 10
1110.0
 20
1368.3333333333333
 30
0.0
 11
1110.0
 21
1378.3333333333333
 31
0.0
  0
LINE
  5
612
330
58A
100
AcDbEntity
  8
Окна
100
AcDbLine
 10
1110.0
 20
1378.3333333333333
 30
0.0
 11
90.0
 21
1378.3333333333333
 31
0.0
  0
LINE
  5
613
330
58A
100
AcDbEntity
  8
Окна
100
AcDbLine
 10
90.0
 20
1378.3333333333333
 30
0.0
 11
90.0
 21
1368.3333333333333
 31
0.0
  0
LINE
  5
614
330
58A
100
AcDbEntity
  8
Окна
100
AcDbLine
 10
90.0
 20
1408.3333333333333
 30
0.0
 11
1110.0
 21
1408.3333333333333
 31
0.0
  0
LINE
  5
615
330
58A
100
AcDbEntity
  8
Окна
100
AcDbLine
 10
1110.0
 20
1408.3333333333333
 30
0.0
 11
1110.0
 21
1418.3333333333333
 31
0.0
  0
LINE
  5
616
330
58A
100
AcDbEntity
  8
Окна
100
AcDbLine
 10
625.0
 20
1433.3333333333333
 30
0.0
 11
90.0
 21
1433.3333333333333
 31
0.0
  0
LINE
  5
617
330
58A
100
AcDbEntity
  8
Окна
100
AcDbLine
 10
90.0
 20
1433.3333333333333
 30
0.0
 11
90.0
 21
1408.3333333333333
 31
0.0
  0
ATTDEF
  5
618
330
58A
100
AcDbEntity
  8
Текст
100
AcDbText
 10
0.0
 20
2410.0
 30
0.0
 40
30.0
  1
Пример 12
  7
Основной стиль (для надписей)
100
AcDbAttributeDefinition
  3
Объект
  2
OBJECT
 70
0
  0
ATTDEF
  5
619
330
58A
100
AcDbEntity
  8
Текст
100
AcDbText
 10
0.0
 20
2360.0
 30
0.0
 40
30.0
  1
ОК-УЗ/1 шт.
  7
Основной стиль (для надписей)
100
AcDbAttributeDefinition
  3
Окно / кол-во
  2
WINDOW
 70
0
  0
ATTDEF
  5
61A
330
58A
100
AcDbEntity
  8
Текст
100
AcDbText
 10
0.0
 20
2310.0
 30
0.0
 40
30.0
  1
RAL8017/RAL9016
  7
Основной стиль (для надписей)
100
AcDbAttributeDefinition
  3
Цвет
  2
COLOR
 70
0
  0
ATTDEF
  5
61B
330
58A
100
AcDbEntity
  8
Текст
100
AcDbText
 10
0.0
 20
2260.0
 30
0.0
 40
30.0
  1
Заполнение СПД42
  7
Основной стиль (для надписей)
100
AcDbAttributeDefinition
  3
Заполнение
  2
GLAZING
 70
0
  0
ATTDEF
  5
61C
330
58A
100
AcDbEntity
  8
Текст
100
AcDbText
 10
0.0
 20
2210.0
 30
0.0
 40
30.0
  1
1200х2100
  7
Основной стиль (для надписей)
100
AcDbAttributeDefinition
  3
Габарит
  2
SIZE
 70
0
  0
ATTDEF
  5
61D
330
58A
100
AcDbEntity
  8
Текст
100
AcDbText
 10
0.0
 20
2160.0
 30
0.0
 40
30.0
  1
2х3
  7
Основной стиль (для надписей)
100
AcDbAttributeDefinition
  3
Сетка
  2
GRID
 70
0
  0
TEXT
  5
61E
330
58A
100
AcDbEntity
  8
Текст
100
AcDbText
 10
1200.0
 20
2160.0
 30
0.0
 40
30.0
  1
S=2.52 м²
  7
Основной стиль (для надписей)
 72
2
 11
1200.0
 21
2160.0
 31
0.0
100
AcDbText
 73
3
  0
DIMENSION
  5
61F
330
58A
100
AcDbEntity
  8
Размеры
100
AcDbDimension
280
0
  3
Основной стиль
 10
30.0
 20
-80.0
 30
0.0
 11
315.0
 21
-52.0
 31
0.0
 70
32
 71
5
  1
<>
100
AcDbAlignedDimension
 13
30.0
 23
30.0
 33
0.0
 14
600.0
 24
30.0
 34
0.0
 50
0.0
100
AcDbRotatedDimension
  0
DIMENSION
  5
620
330
58A
100
AcDbEntity
  8
Размеры
100
AcDbDimension
280
0
  3
Основной стиль
 10
600.0
 20
-80.0
 30
0.0
 11
885.0
 21
-52.0
 31
0.0
 70
32
 71
5
  1
<>
100
AcDbAlignedDimension
 13
600.0
 23
30.0
 33
0.0
 14
1170.0
 24
30.0
 34
0.0
 50
0.0
100
AcDbRotatedDimension
  0
DIMENSION
  5
621
330
58A
100
AcDbEntity
  8
Размеры
100
AcDbDimension
280
0
  3
Основной стиль с точками
 10
30.0
 20
-160.0
 30
0.0
 11
600.0
 21
-132.0
 31
0.0
 70
32
 71
5
  1
<>
100
AcDbAlignedDimension
 13
30.0
 23
30.0
 33
0.0
 14
1170.0
 24
30.0
 34
0.0
 50
0.0
100
AcDbRotatedDimension
  0
DIMENSION
  5
622
330
58A
100
AcDbEntity
  8
Размеры
100
AcDbDimension
280
0
  3
Основной стиль
 10
0.0
 20
-240.0
 30
0.0
 11
600.0
 21
-212.0
 31
0.0
 70
32
 71
5
  1
<>
100
AcDbAlignedDimension
 13
0.0
 23
0.0
 33
0.0
 14
1200.0
 24
0.0
 34
0.0
 50
0.0
100
AcDbRotatedDimension
  0
DIMENSION
  5
623
330
58A
100
AcDbEntity
  8
Размеры
100
AcDbDimension
280
0
  3
Основной стиль
 10
0.0
 20
-160.0
 30
0.0
 11
15.0
 21
-120.0
 31
0.0
 70
32
 71
5
  1
<>
100
AcDbAlignedDimension
 13
0.0
 23
0.0
 33
0.0
 14
30.0
 24
0.0
 34
0.0
 50
0.0
100
AcDbRotatedDimension
  0
DIMENSION
  5
624
330
58A
100
AcDbEntity
  8
Размеры
100
AcDbDimension
280
0
  3
Основной стиль
 10
1170.0
 20
-160.0
 30
0.0
 11
1185.0
 21
-120.0
 31
0.0
 70
32
 71
5
  1
<>
100
AcDbAlignedDimension
 13
1170.0
 23
0.0
 33
0.0
 14
1200.0
 24
0.0
 34
0.0
 50
0.0
100
AcDbRotatedDimension
  0
DIMENSION
  5
625
330
58A
100
AcDbEntity
  8
Размеры
100
AcDbDimension
280
0
  3
Основной стиль
 10
1280.0
 20
60.0
 30
0.0
 11
1252.0
 21
398.3333333333333
 31
0.0
 70
32
 71
5
  1
<>
100
AcDbAlignedDimension
 13
1170.0
 23
60.0
 33
0.0
 14
1170.0
 24
736.6666666666666
 34
0.0
 50
90.0
100
AcDbRotatedDimension
  0
DIMENSION
  5
626
330
58A
100
AcDbEntity
  8
Размеры
100
AcDbDimension
280
0
  3
Основной стиль
 10
1280.0
 20
736.6666666666666
 30
0.0
 11
1252.0
 21
1065.0
 31
0.0
 70
32
 71
5
  1
<>
100
AcDbAlignedDimension
 13
1170.0
 23
736.6666666666666
 33
0.0
 14
1170.0
 24
1393.3333333333333
 34
0.0
 50
90.0
100
AcDbRotatedDimension
  0
DIMENSION
  5
627
330
58A
100
AcDbEntity
  8
Размеры
100
AcDbDimension
280
0
  3
Основной стиль
 10
1280.0
 20
1393.3333333333333
 30
0.0
 11
1252.0
 21
1731.6666666666665
 31
0.0
 70
32
 71
5
  1
<>
100
AcDbAlignedDimension
 13
1170.0
 23
1393.3333333333333
 33
0.0
 14
1170.0
 24
2070.0
 34
0.0
 50
90.0
100
AcDbRotatedDimension
  0
DIMENSION
  5
628
330
58A
100
AcDbEntity
  8
Размеры
100
AcDbDimension
280
0
  3
Основной стиль с точками
 10
1360.0
 20
60.0
 30
0.0
 11
1332.0
 21
1065.0
 31
0.0
 70
32
 71
5
  1
<>
100
AcDbAlignedDimension
 13
1170.0
 23
60.0
 33
0.0
 14
1170.0
 24
2070.0
 34
0.0
 50
90.0
100
AcDbRotatedDimension
  0
DIMENSION
  5
629
330
58A
100
AcDbEntity
  8
Размеры
100
AcDbDimension
280
0
  3
Основной стиль с точками
 10
1280.0
 20
30.0
 30
0.0
 11
1240.0
 21
45.0
 31
0.0
 70
32
 71
5
  1
<>
100
AcDbAlignedDimension
 13
1170.0
 23
30.0
 33
0.0
 14
1170.0
 24
60.0
 34
0.0
 50
90.0
100
AcDbRotatedDimension
  0
DIMENSION
  5
62A
330
58A
100
AcDbEntity
  8
Размеры
100
AcDbDimension
280
0
  3
Основной стиль
 10
1440.0
 20
0.0
 30
0.0
 11
1412.0
 21
1050.0
 31
0.0
 70
32
 71
5
  1
<>
100
AcDbAlignedDimension
 13
1200.0
 23
0.0
 33
0.0
 14
1200.0
 24
2100.0
 34
0.0
 50
90.0
100
AcDbRotatedDimension
  0
DIMENSION
  5
62B
330
58A
100
AcDbEntity
  8
Размеры
100
AcDbDimension
280
0
  3
Основной стиль
 10
1360.0
 20
0.0
 30
0.0
 11
1320.0
 21
15.0
 31
0.0
 70
32
 71
5
  1
<>
100
AcDbAlignedDimension
 13
1200.0
 23
0.0
 33
0.0
 14
1200.0
 24
30.0
 34
0.0
 50
90.0
100
AcDbRotatedDimension
  0
DIMENSION
  5
62C
330
58A
100
AcDbEntity
  8
Размеры
100
AcDbDimension
280
0
  3
Основной стиль
 10
1360.0
 20
2070.0
 30
0.0
 11
1320.0
 21
2085.0
 31
0.0
 70
32
 71
5
  1
<>
100
AcDbAlignedDimension
 13
1200.0
 23
2070.0
 33
0.0
 14
1200.0
 24
2100.0
 34
0.0
 50
90.0
100
AcDbRotatedDimension
  0
ENDBLK
  5
58C
330
58A
100
AcDbEntity
  8
0
100
AcDbBlockEnd
  0
ENDSEC
  0
SECTION
  2
ENTITIES
  0
INSERT
  5
62D
330
17
100
AcDbEntity
  8
Окна
100
AcDbBlockReference
 66
1
  2
Пример 01 ОК-1.1 900х900 1x1 Снаружи #01
 10
0.0
 20
0.0
 30
0.0
  0
ATTRIB
  5
62F
330
17
100
AcDbEntity
  8
Текст
100
AcDbText
 10
0.0
 20
1210.0
 30
0.0
 40
30.0
  1
Пример 01
  7
Основной стиль (для надписей)
 11
0.0
 21
1210.0
 31
0.0
100
AcDbAttribute
  2
OBJECT
 70
0
  0
ATTRIB
  5
630
330
17
100
AcDbEntity
  8
Текст
100
AcDbText
 10
0.0
 20
1160.0
 30
0.0
 40
30.0
  1
ОК-1.1/1 шт.
  7
Основной стиль (для надписей)
 11
0.0
 21
1160.0
 31
0.0
100
AcDbAttribute
  2
WINDOW
 70
0
  0
ATTRIB
  5
631
330
17
100
AcDbEntity
  8
Текст
100
AcDbText
 10
0.0
 20
1110.0
 30
0.0
 40
30.0
  1
RAL8017/RAL9016
  7
Основной стиль (для надписей)
 11
0.0
 21
1110.0
 31
0.0
100
AcDbAttribute
  2
COLOR
 70
0
  0
ATTRIB
  5
632
330
17
100
AcDbEntity
  8
Текст
100
AcDbText
 10
0.0
 20
1060.0
 30
0.0
 40
30.0
  1
Заполнение СПД42
  7
Основной стиль (для надписей)
 11
0.0
 21
1060.0
 31
0.0
100
AcDbAttribute
  2
GLAZING
 70
0
  0
ATTRIB
  5
633
330
17
100
AcDbEntity
  8
Текст
100
AcDbText
 10
0.0
 20
1010.0
 30
0.0
 40
30.0
  1
900х900
  7
Основной стиль (для надписей)
 11
0.0
 21
1010.0
 31
0.0
100
AcDbAttribute
  2
SIZE
 70
0
  0
ATTRIB
  5
634
330
17
100
AcDbEntity
  8
Текст
100
AcDbText
 10
0.0
 20
960.0
 30
0.0
 40
30.0
  1
1х1
  7
Основной стиль (для надписей)
 11
0.0
 21
960.0
 31
0.0
100
AcDbAttribute
  2
GRID
 70
0
  0
SEQEND
  5
62E
330
62D
100
AcDbEntity
  8
Окна
  0
TEXT
  5
635
330
17
100
AcDbEntity
  8
Текст
100
AcDbText
 10
0.0
 20
0.0
 30
0.0
 40
40.0
  1
01. Пример 01 ОК-1.1 900х900 1x1 Снаружи #01
  7
Основной стиль (для надписей)
100
AcDbText
  0
INSERT
  5
636
330
17
100
AcDbEntity
  8
Окна
100
AcDbBlockReference
 66
1
  2
Пример 02 ОК-1.2 1000х1200 1x1 Изнутри #02
 10
3500.0
 20
0.0
 30
0.0
  0
ATTRIB
  5
638
330
17
100
AcDbEntity
  8
Текст
100
AcDbText
 10
3500.0
 20
1510.0
 30
0.0
 40
30.0
  1
Пример 02
  7
Основной стиль (для надписей)
 11
3500.0
 21
1510.0
 31
0.0
100
AcDbAttribute
  2
OBJECT
 70
0
  0
ATTRIB
  5
639
330
17
100
AcDbEntity
  8
Текст
100
AcDbText
 10
3500.0
 20
1460.0
 30
0.0
 40
30.0
  1
ОК-1.2/1 шт.
  7
Основной стиль (для надписей)
 11
3500.0
 21
1460.0
 31
0.0
100
AcDbAttribute
  2
WINDOW
 70
0
  0
ATTRIB
  5
63A
330
17
100
AcDbEntity
  8
Текст
100
AcDbText
 10
3500.0
 20
1410.0
 30
0.0
 40
30.0
  1
RAL8017/RAL9016
  7
Основной стиль (для надписей)
 11
3500.0
 21
1410.0
 31
0.0
100
AcDbAttribute
  2
COLOR
 70
0
  0
ATTRIB
  5
63B
330
17
100
AcDbEntity
  8
Текст
100
AcDbText
 10
3500.0
 20
1360.0
 30
0.0
 40
30.0
  1
Заполнение СПД42
  7
Основной стиль (для надписей)
 11
3500.0
 21
1360.0
 31
0.0
100
AcDbAttribute
  2
GLAZING
 70
0
  0
ATTRIB
  5
63C
330
17
100
AcDbEntity
  8
Текст
100
AcDbText
 10
3500.0
 20
1310.0
 30
0.0
 40
30.0
  1
1000х1200
  7
Основной стиль (для надписей)
 11
3500.0
 21
1310.0
 31
0.0
100
AcDbAttribute
  2
SIZE
 70
0
  0
ATTRIB
  5
63D
330
17
100
AcDbEntity
  8
Текст
100
AcDbText
 10
3500.0
 20
1260.0
 30
0.0
 40
30.0
  1
1х1
  7
Основной стиль (для надписей)
 11
3500.0
 21
1260.0
 31
0.0
100
AcDbAttribute
  2
GRID
 70
0
  0
SEQEND
  5
637
330
636
100
AcDbEntity
  8
Окна
  0
TEXT
  5
63E
330
17
100
AcDbEntity
  8
Текст
100
AcDbText
 10
0.0
 20
0.0
 30
0.0
 40
40.0
  1
02. Пример 02 ОК-1.2 1000х1200 1x1 Изнутри #02
  7
Основной стиль (для надписей)
100
AcDbText
  0
INSERT
  5
63F
330
17
100
AcDbEntity
  8
Окна
100
AcDbBlockReference
 66
1
  2
Пример 03 ОК-2.1 1400х1500 2x1 Снаружи #03
 10
7000.0
 20
0.0
 30
0.0
  0
ATTRIB
  5
641
330
17
100
AcDbEntity
  8
Текст
100
AcDbText
 10
7000.0
 20
1810.0
 30
0.0
 40
30.0
  1
Пример 03
  7
Основной стиль (для надписей)
 11
7000.0
 21
1810.0
 31
0.0
100
AcDbAttribute
  2
OBJECT
 70
0
  0
ATTRIB
  5
642
330
17
100
AcDbEntity
  8
Текст
100
AcDbText
 10
7000.0
 20
1760.0
 30
0.0
 40
30.0
  1
ОК-2.1/1 шт.
  7
Основной стиль (для надписей)
 11
7000.0
 21
1760.0
 31
0.0
100
AcDbAttribute
  2
WINDOW
 70
0
  0
ATTRIB
  5
643
330
17
100
AcDbEntity
  8
Текст
100
AcDbText
 10
7000.0
 20
1710.0
 30
0.0
 40
30.0
  1
RAL8017/RAL9016
  7
Основной стиль (для надписей)
 11
7000.0
 21
1710.0
 31
0.0
100
AcDbAttribute
  2
COLOR
 70
0
  0
ATTRIB
  5
644
330
17
100
AcDbEntity
  8
Текст
100
AcDbText
 10
7000.0
 20
1660.0
 30
0.0
 40
30.0
  1
Заполнение СПД42
  7
Основной стиль (для надписей)
 11
7000.0
 21
1660.0
 31
0.0
100
AcDbAttribute
  2
GLAZING
 70
0
  0
ATTRIB
  5
645
330
17
100
AcDbEntity
  8
Текст
100
AcDbText
 10
7000.0
 20
1610.0
 30
0.0
 40
30.0
  1
1400х1500
  7
Основной стиль (для надписей)
 11
7000.0
 21
1610.0
 31
0.0
100
AcDbAttribute
  2
SIZE
 70
0
  0
ATTRIB
  5
646
330
17
100
AcDbEntity
  8
Текст
100
AcDbText
 10
7000.0
 20
1560.0
 30
0.0
 40
30.0
  1
2х1
  7
Основной стиль (для надписей)
 11
7000.0
 21
1560.0
 31
0.0
100
AcDbAttribute
  2
GRID
 70
0
  0
SEQEND
  5
640
330
63F
100
AcDbEntity
  8
Окна
  0
TEXT
  5
647
330
17
100
AcDbEntity
  8
Текст
100
AcDbText
 10
0.0
 20
0.0
 30
0.0
 40
40.0
  1
03. Пример 03 ОК-2.1 1400х1500 2x1 Снаружи #03
  7
Основной стиль (для надписей)
100
AcDbText
  0
INSERT
  5
648
330
17
100
AcDbEntity
  8
Окна
100
AcDbBlockReference
 66
1
  2
Пример 04 ОК-2.2 1800х1800 2x2 Изнутри #04
 10
0.0
 20
-3500.0
 30
0.0
  0
ATTRIB
  5
64A
330
17
100
AcDbEntity
  8
Текст
100
AcDbText
 10
0.0
 20
-1390.0
 30
0.0
 40
30.0
  1
Пример 04
  7
Основной стиль (для надписей)
 11
0.0
 21
-1390.0
 31
0.0
100
AcDbAttribute
  2
OBJECT
 70
0
  0
ATTRIB
  5
64B
330
17
100
AcDbEntity
  8
Текст
100
AcDbText
 10
0.0
 20
-1440.0
 30
0.0
 40
30.0
  1
ОК-2.2/1 шт.
  7
Основной стиль (для надписей)
 11
0.0
 21
-1440.0
 31
0.0
100
AcDbAttribute
  2
WINDOW
 70
0
  0
ATTRIB
  5
64C
330
17
100
AcDbEntity
  8
Текст
100
AcDbText
 10
0.0
 20
-1490.0
 30
0.0
 40
30.0
  1
RAL8017/RAL9016
  7
Основной стиль (для надписей)
 11
0.0
 21
-1490.0
 31
0.0
100
AcDbAttribute
  2
COLOR
 70
0
  0
ATTRIB
  5
64D
330
17
100
AcDbEntity
  8
Текст
100
AcDbText
 10
0.0
 20
-1540.0
 30
0.0
 40
30.0
  1
Заполнение СПД42
  7
Основной стиль (для надписей)
 11
0.0
 21
-1540.0
 31
0.0
100
AcDbAttribute
  2
GLAZING
 70
0
  0
ATTRIB
  5
64E
330
17
100
AcDbEntity
  8
Текст
100
AcDbText
 10
0.0
 20
-1590.0
 30
0.0
 40
30.0
  1
1800х1800
  7
Основной стиль (для надписей)
 11
0.0
 21
-1590.0
 31
0.0
100
AcDbAttribute
  2
SIZE
 70
0
  0
ATTRIB
  5
64F
330
17
100
AcDbEntity
  8
Текст
100
AcDbText
 10
0.0
 20
-1640.0
 30
0.0
 40
30.0
  1
2х2
  7
Основной стиль (для надписей)
 11
0.0
 21
-1640.0
 31
0.0
100
AcDbAttribute
  2
GRID
 70
0
  0
SEQEND
  5
649
330
648
100
AcDbEntity
  8
Окна
  0
TEXT
  5
650
330
17
100
AcDbEntity
  8
Текст
100
AcDbText
 10
0.0
 20
0.0
 30
0.0
 40
40.0
  1
04. Пример 04 ОК-2.2 1800х1800 2x2 Изнутри #04
  7
Основной стиль (для надписей)
100
AcDbText
  0
INSERT
  5
651
330
17
100
AcDbEntity
  8
Окна
100
AcDbBlockReference
 66
1
  2
Пример 05 ОК-3.2 1500х1500 3x2 Снаружи #05
 10
3500.0
 20
-3500.0
 30
0.0
  0
ATTRIB
  5
653
330
17
100
AcDbEntity
  8
Текст
100
AcDbText
 10
3500.0
 20
-1690.0
 30
0.0
 40
30.0
  1
Пример 05
  7
Основной стиль (для надписей)
 11
3500.0
 21
-1690.0
 31
0.0
100
AcDbAttribute
  2
OBJECT
 70
0
  0
ATTRIB
  5
654
330
17
100
AcDbEntity
  8
Текст
100
AcDbText
 10
3500.0
 20
-1740.0
 30
0.0
 40
30.0
  1
ОК-3.2/1 шт.
  7
Основной стиль (для надписей)
 11
3500.0
 21
-1740.0
 31
0.0
100
AcDbAttribute
  2
WINDOW
 70
0
  0
ATTRIB
  5
655
330
17
100
AcDbEntity
  8
Текст
100
AcDbText
 10
3500.0
 20
-1790.0
 30
0.0
 40
30.0
  1
RAL8017/RAL9016
  7
Основной стиль (для надписей)
 11
3500.0
 21
-1790.0
 31
0.0
100
AcDbAttribute
  2
COLOR
 70
0
  0
ATTRIB
  5
656
330
17
100
AcDbEntity
  8
Текст
100
AcDbText
 10
3500.0
 20
-1840.0
 30
0.0
 40
30.0
  1
Заполнение СПД42
  7
Основной стиль (для надписей)
 11
3500.0
 21
-1840.0
 31
0.0
100
AcDbAttribute
  2
GLAZING
 70
0
  0
ATTRIB
  5
657
330
17
100
AcDbEntity
  8
Текст
100
AcDbText
 10
3500.0
 20
-1890.0
 30
0.0
 40
30.0
  1
1500х1500
  7
Основной стиль (для надписей)
 11
3500.0
 21
-1890.0
 31
0.0
100
AcDbAttribute
  2
SIZE
 70
0
  0
ATTRIB
  5
658
330
17
100
AcDbEntity
  8
Текст
100
AcDbText
 10
3500.0
 20
-1940.0
 30
0.0
 40
30.0
  1
3х2
  7
Основной стиль (для надписей)
 11
3500.0
 21
-1940.0
 31
0.0
100
AcDbAttribute
  2
GRID
 70
0
  0
SEQEND
  5
652
330
651
100
AcDbEntity
  8
Окна
  0
TEXT
  5
659
330
17
100
AcDbEntity
  8
Текст
100
AcDbText
 10
0.0
 20
0.0
 30
0.0
 40
40.0
  1
05. Пример 05 ОК-3.2 1500х1500 3x2 Снаружи #05
  7
Основной стиль (для надписей)
100
AcDbText
  0
INSERT
  5
65A
330
17
100
AcDbEntity
  8
Окна
100
AcDbBlockReference
 66
1
  2
Пример 06 ОК-3.2Д 1700х1700 3x2 Изнутри #06
 10
7000.0
 20
-3500.0
 30
0.0
  0
ATTRIB
  5
65C
330
17
100
AcDbEntity
  8
Текст
100
AcDbText
 10
7000.0
 20
-1490.0
 30
0.0
 40
30.0
  1
Пример 06
  7
Основной стиль (для надписей)
 11
7000.0
 21
-1490.0
 31
0.0
100
AcDbAttribute
  2
OBJECT
 70
0
  0
ATTRIB
  5
65D
330
17
100
AcDbEntity
  8
Текст
100
AcDbText
 10
7000.0
 20
-1540.0
 30
0.0
 40
30.0
  1
ОК-3.2Д/1 шт.
  7
Основной стиль (для надписей)
 11
7000.0
 21
-1540.0
 31
0.0
100
AcDbAttribute
  2
WINDOW
 70
0
  0
ATTRIB
  5
65E
330
17
100
AcDbEntity
  8
Текст
100
AcDbText
 10
7000.0
 20
-1590.0
 30
0.0
 40
30.0
  1
RAL8017/RAL9016
  7
Основной стиль (для надписей)
 11
7000.0
 21
-1590.0
 31
0.0
100
AcDbAttribute
  2
COLOR
 70
0
  0
ATTRIB
  5
65F
330
17
100
AcDbEntity
  8
Текст
100
AcDbText
 10
7000.0
 20
-1640.0
 30
0.0
 40
30.0
  1
Заполнение СПД42
  7
Основной стиль (для надписей)
 11
7000.0
 21
-1640.0
 31
0.0
100
AcDbAttribute
  2
GLAZING
 70
0
  0
ATTRIB
  5
660
330
17
100
AcDbEntity
  8
Текст
100
AcDbText
 10
7000.0
 20
-1690.0
 30
0.0
 40
30.0
  1
1700х1700
  7
Основной стиль (для надписей)
 11
7000.0
 21
-1690.0
 31
0.0
100
AcDbAttribute
  2
SIZE
 70
0
  0
ATTRIB
  5
661
330
17
100
AcDbEntity
  8
Текст
100
AcDbText
 10
7000.0
 20
-1740.0
 30
0.0
 40
30.0
  1
3х2
  7
Основной стиль (для надписей)
 11
7000.0
 21
-1740.0
 31
0.0
100
AcDbAttribute
  2
GRID
 70
0
  0
SEQEND
  5
65B
330
65A
100
AcDbEntity
  8
Окна
  0
TEXT
  5
662
330
17
100
AcDbEntity
  8
Текст
100
AcDbText
 10
0.0
 20
0.0
 30
0.0
 40
40.0
  1
06. Пример 06 ОК-3.2Д 1700х1700 3x2 Изнутри #06
  7
Основной стиль (для надписей)
100
AcDbText
  0
INSERT
  5
663
330
17
100
AcDbEntity
  8
Окна
100
AcDbBlockReference
 66
1
  2
Пример 07 ОК-3.3 2100х2100 3x3 Снаружи #07
 10
0.0
 20
-7000.0
 30
0.0
  0
ATTRIB
  5
665
330
17
100
AcDbEntity
  8
Текст
100
AcDbText
 10
0.0
 20
-4590.0
 30
0.0
 40
30.0
  1
Пример 07
  7
Основной стиль (для надписей)
 11
0.0
 21
-4590.0
 31
0.0
100
AcDbAttribute
  2
OBJECT
 70
0
  0
ATTRIB
  5
666
330
17
100
AcDbEntity
  8
Текст
100
AcDbText
 10
0.0
 20
-4640.0
 30
0.0
 40
30.0
  1
ОК-3.3/1 шт.
  7
Основной стиль (для надписей)
 11
0.0
 21
-4640.0
 31
0.0
100
AcDbAttribute
  2
WINDOW
 70
0
  0
ATTRIB
  5
667
330
17
100
AcDbEntity
  8
Текст
100
AcDbText
 10
0.0
 20
-4690.0
 30
0.0
 40
30.0
  1
RAL8017/RAL9016
  7
Основной стиль (для надписей)
 11
0.0
 21
-4690.0
 31
0.0
100
AcDbAttribute
  2
COLOR
 70
0
  0
ATTRIB
  5
668
330
17
100
AcDbEntity
  8
Текст
100
AcDbText
 10
0.0
 20
-4740.0
 30
0.0
 40
30.0
  1
Заполнение СПД42
  7
Основной стиль (для надписей)
 11
0.0
 21
-4740.0
 31
0.0
100
AcDbAttribute
  2
GLAZING
 70
0
  0
ATTRIB
  5
669
330
17
100
AcDbEntity
  8
Текст
100
AcDbText
 10
0.0
 20
-4790.0
 30
0.0
 40
30.0
  1
2100х2100
  7
Основной стиль (для надписей)
 11
0.0
 21
-4790.0
 31
0.0
100
AcDbAttribute
  2
SIZE
 70
0
  0
ATTRIB
  5
66A
330
17
100
AcDbEntity
  8
Текст
100
AcDbText
 10
0.0
 20
-4840.0
 30
0.0
 40
30.0
  1
3х3
  7
Основной стиль (для надписей)
 11
0.0
 21
-4840.0
 31
0.0
100
AcDbAttribute
  2
GRID
 70
0
  0
SEQEND
  5
664
330
663
100
AcDbEntity
  8
Окна
  0
TEXT
  5
66B
330
17
100
AcDbEntity
  8
Текст
100
AcDbText
 10
0.0
 20
0.0
 30
0.0
 40
40.0
  1
07. Пример 07 ОК-3.3 2100х2100 3x3 Снаружи #07
  7
Основной стиль (для надписей)
100
AcDbText
  0
INSERT
  5
66C
330
17
100
AcDbEntity
  8
Окна
100
AcDbBlockReference
 66
1
  2
Пример 08 ОК-4.3 2400х1800 4x3 Изнутри #08
 10
3500.0
 20
-7000.0
 30
0.0
  0
ATTRIB
  5
66E
330
17
100
AcDbEntity
  8
Текст
100
AcDbText
 10
3500.0
 20
-4890.0
 30
0.0
 40
30.0
  1
Пример 08
  7
Основной стиль (для надписей)
 11
3500.0
 21
-4890.0
 31
0.0
100
AcDbAttribute
  2
OBJECT
 70
0
  0
ATTRIB
  5
66F
330
17
100
AcDbEntity
  8
Текст
100
AcDbText
 10
3500.0
 20
-4940.0
 30
0.0
 40
30.0
  1
ОК-4.3/1 шт.
  7
Основной стиль (для надписей)
 11
3500.0
 21
-4940.0
 31
0.0
100
AcDbAttribute
  2
WINDOW
 70
0
  0
ATTRIB
  5
670
330
17
100
AcDbEntity
  8
Текст
100
AcDbText
 10
3500.0
 20
-4990.0
 30
0.0
 40
30.0
  1
RAL8017/RAL9016
  7
Основной стиль (для надписей)
 11
3500.0
 21
-4990.0
 31
0.0
100
AcDbAttribute
  2
COLOR
 70
0
  0
ATTRIB
  5
671
330
17
100
AcDbEntity
  8
Текст
100
AcDbText
 10
3500.0
 20
-5040.0
 30
0.0
 40
30.0
  1
Заполнение СПД42
  7
Основной стиль (для надписей)
 11
3500.0
 21
-5040.0
 31
0.0
100
AcDbAttribute
  2
GLAZING
 70
0
  0
ATTRIB
  5
672
330
17
100
AcDbEntity
  8
Текст
100
AcDbText
 10
3500.0
 20
-5090.0
 30
0.0
 40
30.0
  1
2400х1800
  7
Основной стиль (для надписей)
 11
3500.0
 21
-5090.0
 31
0.0
100
AcDbAttribute
  2
SIZE
 70
0
  0
ATTRIB
  5
673
330
17
100
AcDbEntity
  8
Текст
100
AcDbText
 10
3500.0
 20
-5140.0
 30
0.0
 40
30.0
  1
4х3
  7
Основной стиль (для надписей)
 11
3500.0
 21
-5140.0
 31
0.0
100
AcDbAttribute
  2
GRID
 70
0
  0
SEQEND
  5
66D
330
66C
100
AcDbEntity
  8
Окна
  0
TEXT
  5
674
330
17
100
AcDbEntity
  8
Текст
100
AcDbText
 10
0.0
 20
0.0
 30
0.0
 40
40.0
  1
08. Пример 08 ОК-4.3 2400х1800 4x3 Изнутри #08
  7
Основной стиль (для надписей)
100
AcDbText
  0
INSERT
  5
675
330
17
100
AcDbEntity
  8
Окна
100
AcDbBlockReference
 66
1
  2
Пример 09 ОК-6.3 3600х2000 6x3 Снаружи #09
 10
7000.0
 20
-7000.0
 30
0.0
  0
ATTRIB
  5
677
330
17
100
AcDbEntity
  8
Текст
100
AcDbText
 10
7000.0
 20
-4690.0
 30
0.0
 40
30.0
  1
Пример 09
  7
Основной стиль (для надписей)
 11
7000.0
 21
-4690.0
 31
0.0
100
AcDbAttribute
  2
OBJECT
 70
0
  0
ATTRIB
  5
678
330
17
100
AcDbEntity
  8
Текст
100
AcDbText
 10
7000.0
 20
-4740.0
 30
0.0
 40
30.0
  1
ОК-6.3/1 шт.
  7
Основной стиль (для надписей)
 11
7000.0
 21
-4740.0
 31
0.0
100
AcDbAttribute
  2
WINDOW
 70
0
  0
ATTRIB
  5
679
330
17
100
AcDbEntity
  8
Текст
100
AcDbText
 10
7000.0
 20
-4790.0
 30
0.0
 40
30.0
  1
RAL8017/RAL9016
  7
Основной стиль (для надписей)
 11
7000.0
 21
-4790.0
 31
0.0
100
AcDbAttribute
  2
COLOR
 70
0
  0
ATTRIB
  5
67A
330
17
100
AcDbEntity
  8
Текст
100
AcDbText
 10
7000.0
 20
-4840.0
 30
0.0
 40
30.0
  1
Заполнение СПД42
  7
Основной стиль (для надписей)
 11
7000.0
 21
-4840.0
 31
0.0
100
AcDbAttribute
  2
GLAZING
 70
0
  0
ATTRIB
  5
67B
330
17
100
AcDbEntity
  8
Текст
100
AcDbText
 10
7000.0
 20
-4890.0
 30
0.0
 40
30.0
  1
3600х2000
  7
Основной стиль (для надписей)
 11
7000.0
 21
-4890.0
 31
0.0
100
AcDbAttribute
  2
SIZE
 70
0
  0
ATTRIB
  5
67C
330
17
100
AcDbEntity
  8
Текст
100
AcDbText
 10
7000.0
 20
-4940.0
 30
0.0
 40
30.0
  1
6х3
  7
Основной стиль (для надписей)
 11
7000.0
 21
-4940.0
 31
0.0
100
AcDbAttribute
  2
GRID
 70
0
  0
SEQEND
  5
676
330
675
100
AcDbEntity
  8
Окна
  0
TEXT
  5
67D
330
17
100
AcDbEntity
  8
Текст
100
AcDbText
 10
0.0
 20
0.0
 30
0.0
 40
40.0
  1
09. Пример 09 ОК-6.3 3600х2000 6x3 Снаружи #09
  7
Основной стиль (для надписей)
100
AcDbText
  0
INSERT
  5
67E
330
17
100
AcDbEntity
  8
Окна
100
AcDbBlockReference
 66
1
  2
Пример 10 ОК-8.4 4800х3000 8x4 Изнутри #10
 10
0.0
 20
-10500.0
 30
0.0
  0
ATTRIB
  5
680
330
17
100
AcDbEntity
  8
Текст
100
AcDbText
 10
0.0
 20
-7190.0
 30
0.0
 40
30.0
  1
Пример 10
  7
Основной стиль (для надписей)
 11
0.0
 21
-7190.0
 31
0.0
100
AcDbAttribute
  2
OBJECT
 70
0
  0
ATTRIB
  5
681
330
17
100
AcDbEntity
  8
Текст
100
AcDbText
 10
0.0
 20
-7240.0
 30
0.0
 40
30.0
  1
ОК-8.4/1 шт.
  7
Основной стиль (для надписей)
 11
0.0
 21
-7240.0
 31
0.0
100
AcDbAttribute
  2
WINDOW
 70
0
  0
ATTRIB
  5
682
330
17
100
AcDbEntity
  8
Текст
100
AcDbText
 10
0.0
 20
-7290.0
 30
0.0
 40
30.0
  1
RAL8017/RAL9016
  7
Основной стиль (для надписей)
 11
0.0
 21
-7290.0
 31
0.0
100
AcDbAttribute
  2
COLOR
 70
0
  0
ATTRIB
  5
683
330
17
100
AcDbEntity
  8
Текст
100
AcDbText
 10
0.0
 20
-7340.0
 30
0.0
 40
30.0
  1
Заполнение СПД42
  7
Основной стиль (для надписей)
 11
0.0
 21
-7340.0
 31
0.0
100
AcDbAttribute
  2
GLAZING
 70
0
  0
ATTRIB
  5
684
330
17
100
AcDbEntity
  8
Текст
100
AcDbText
 10
0.0
 20
-7390.0
 30
0.0
 40
30.0
  1
4800х3000
  7
Основной стиль (для надписей)
 11
0.0
 21
-7390.0
 31
0.0
100
AcDbAttribute
  2
SIZE
 70
0
  0
ATTRIB
  5
685
330
17
100
AcDbEntity
  8
Текст
100
AcDbText
 10
0.0
 20
-7440.0
 30
0.0
 40
30.0
  1
8х4
  7
Основной стиль (для надписей)
 11
0.0
 21
-7440.0
 31
0.0
100
AcDbAttribute
  2
GRID
 70
0
  0
SEQEND
  5
67F
330
67E
100
AcDbEntity
  8
Окна
  0
TEXT
  5
686
330
17
100
AcDbEntity
  8
Текст
100
AcDbText
 10
0.0
 20
0.0
 30
0.0
 40
40.0
  1
10. Пример 10 ОК-8.4 4800х3000 8x4 Изнутри #10
  7
Основной стиль (для надписей)
100
AcDbText
  0
INSERT
  5
687
330
17
100
AcDbEntity
  8
Окна
100
AcDbBlockReference
 66
1
  2
Пример 11 ОК-2.2П 1500х1500 2x2 Снаружи #11
 10
3500.0
 20
-10500.0
 30
0.0
  0
ATTRIB
  5
689
330
17
100
AcDbEntity
  8
Текст
100
AcDbText
 10
3500.0
 20
-8690.0
 30
0.0
 40
30.0
  1
Пример 11
  7
Основной стиль (для надписей)
 11
3500.0
 21
-8690.0
 31
0.0
100
AcDbAttribute
  2
OBJECT
 70
0
  0
ATTRIB
  5
68A
330
17
100
AcDbEntity
  8
Текст
100
AcDbText
 10
3500.0
 20
-8740.0
 30
0.0
 40
30.0
  1
ОК-2.2П/1 шт.
  7
Основной стиль (для надписей)
 11
3500.0
 21
-8740.0
 31
0.0
100
AcDbAttribute
  2
WINDOW
 70
0
  0
ATTRIB
  5
68B
330
17
100
AcDbEntity
  8
Текст
100
AcDbText
 10
3500.0
 20
-8790.0
 30
0.0
 40
30.0
  1
RAL8017/RAL9016
  7
Основной стиль (для надписей)
 11
3500.0
 21
-8790.0
 31
0.0
100
AcDbAttribute
  2
COLOR
 70
0
  0
ATTRIB
  5
68C
330
17
100
AcDbEntity
  8
Текст
100
AcDbText
 10
3500.0
 20
-8840.0
 30
0.0
 40
30.0
  1
Заполнение СПД42
  7
Основной стиль (для надписей)
 11
3500.0
 21
-8840.0
 31
0.0
100
AcDbAttribute
  2
GLAZING
 70
0
  0
ATTRIB
  5
68D
330
17
100
AcDbEntity
  8
Текст
100
AcDbText
 10
3500.0
 20
-8890.0
 30
0.0
 40
30.0
  1
1500х1500
  7
Основной стиль (для надписей)
 11
3500.0
 21
-8890.0
 31
0.0
100
AcDbAttribute
  2
SIZE
 70
0
  0
ATTRIB
  5
68E
330
17
100
AcDbEntity
  8
Текст
100
AcDbText
 10
3500.0
 20
-8940.0
 30
0.0
 40
30.0
  1
2х2
  7
Основной стиль (для надписей)
 11
3500.0
 21
-8940.0
 31
0.0
100
AcDbAttribute
  2
GRID
 70
0
  0
SEQEND
  5
688
330
687
100
AcDbEntity
  8
Окна
  0
TEXT
  5
68F
330
17
100
AcDbEntity
  8
Текст
100
AcDbText
 10
0.0
 20
0.0
 30
0.0
 40
40.0
  1
11. Пример 11 ОК-2.2П 1500х1500 2x2 Снаружи #11
  7
Основной стиль (для надписей)
100
AcDbText
  0
INSERT
  5
690
330
17
100
AcDbEntity
  8
Окна
100
AcDbBlockReference
 66
1
  2
Пример 12 ОК-УЗ 1200х2100 2x3 Изнутри #12
 10
7000.0
 20
-10500.0
 30
0.0
  0
ATTRIB
  5
692
330
17
100
AcDbEntity
  8
Текст
100
AcDbText
 10
7000.0
 20
-8090.0
 30
0.0
 40
30.0
  1
Пример 12
  7
Основной стиль (для надписей)
 11
7000.0
 21
-8090.0
 31
0.0
100
AcDbAttribute
  2
OBJECT
 70
0
  0
ATTRIB
  5
693
330
17
100
AcDbEntity
  8
Текст
100
AcDbText
 10
7000.0
 20
-8140.0
 30
0.0
 40
30.0
  1
ОК-УЗ/1 шт.
  7
Основной стиль (для надписей)
 11
7000.0
 21
-8140.0
 31
0.0
100
AcDbAttribute
  2
WINDOW
 70
0
  0
ATTRIB
  5
694
330
17
100
AcDbEntity
  8
Текст
100
AcDbText
 10
7000.0
 20
-8190.0
 30
0.0
 40
30.0
  1
RAL8017/RAL9016
  7
Основной стиль (для надписей)
 11
7000.0
 21
-8190.0
 31
0.0
100
AcDbAttribute
  2
COLOR
 70
0
  0
ATTRIB
  5
695
330
17
100
AcDbEntity
  8
Текст
100
AcDbText
 10
7000.0
 20
-8240.0
 30
0.0
 40
30.0
  1
Заполнение СПД42
  7
Основной стиль (для надписей)
 11
7000.0
 21
-8240.0
 31
0.0
100
AcDbAttribute
  2
GLAZING
 70
0
  0
ATTRIB
  5
696
330
17
100
AcDbEntity
  8
Текст
100
AcDbText
 10
7000.0
 20
-8290.0
 30
0.0
 40
30.0
  1
1200х2100
  7
Основной стиль (для надписей)
 11
7000.0
 21
-8290.0
 31
0.0
100
AcDbAttribute
  2
SIZE
 70
0
  0
ATTRIB
  5
697
330
17
100
AcDbEntity
  8
Текст
100
AcDbText
 10
7000.0
 20
-8340.0
 30
0.0
 40
30.0
  1
2х3
  7
Основной стиль (для надписей)
 11
7000.0
 21
-8340.0
 31
0.0
100
AcDbAttribute
  2
GRID
 70
0
  0
SEQEND
  5
691
330
690
100
AcDbEntity
  8
Окна
  0
TEXT
  5
698
330
17
100
AcDbEntity
  8
Текст
100
AcDbText
 10
0.0
 20
0.0
 30
0.0
 40
40.0
  1
12. Пример 12 ОК-УЗ 1200х2100 2x3 Изнутри #12
  7
Основной стиль (для надписей)
100
AcDbText
  0
ENDSEC
  0
SECTION
  2
OBJECTS
  0
DICTIONARY
  5
A
330
0
100
AcDbDictionary
281
1
  3
ACAD_COLOR
350
B
  3
ACAD_GROUP
350
C
  3
ACAD_LAYOUT
350
D
  3
ACAD_MATERIAL
350
E
  3
ACAD_MLEADERSTYLE
350
F
  3
ACAD_MLINESTYLE
350
10
  3
ACAD_PLOTSETTINGS
350
11
  3
ACAD_PLOTSTYLENAME
350
12
  3
ACAD_SCALELIST
350
14
  3
ACAD_TABLESTYLE
350
15
  3
ACAD_VISUALSTYLE
350
16
  3
EZDXF_META
350
2D
  0
DICTIONARY
  5
B
330
A
100
AcDbDictionary
281
1
  0
DICTIONARY
  5
C
330
A
100
AcDbDictionary
281
1
  0
DICTIONARY
  5
D
330
A
100
AcDbDictionary
281
1
  3
Model
350
1A
  3
Layout1
350
1E
  0
DICTIONARY
  5
E
330
A
100
AcDbDictionary
281
1
  3
ByBlock
350
1F
  3
ByLayer
350
20
  3
Global
350
21
  0
DICTIONARY
  5
F
330
A
100
AcDbDictionary
281
1
  3
Standard
350
2C
  0
DICTIONARY
  5
10
330
A
100
AcDbDictionary
281
1
  3
Standard
350
22
  0
DICTIONARY
  5
11
330
A
100
AcDbDictionary
281
1
  0
ACDBDICTIONARYWDFLT
  5
12
330
A
100
AcDbDictionary
281
1
  3
Normal
350
13
100
AcDbDictionaryWithDefault
340
13
  0
ACDBPLACEHOLDER
  5
13
330
12
  0
DICTIONARY
  5
14
330
A
100
AcDbDictionary
281
1
  0
DICTIONARY
  5
15
330
A
100
AcDbDictionary
281
1
  0
DICTIONARY
  5
16
330
A
100
AcDbDictionary
281
1
  0
LAYOUT
  5
1A
330
D
100
AcDbPlotSettings
  1

  4
A3
  6

 40
7.5
 41
20.0
 42
7.5
 43
20.0
 44
420.0
 45
297.0
 46
0.0
 47
0.0
 48
0.0
 49
0.0
140
0.0
141
0.0
142
1.0
143
1.0
 70
1024
 72
1
 73
0
 74
5
  7

 75
16
 76
0
 77
2
 78
300
147
1.0
148
0.0
149
0.0
100
AcDbLayout
  1
Model
 70
1
 71
0
 10
0.0
 20
0.0
 11
420.0
 21
297.0
 12
0.0
 22
0.0
 32
0.0
 14
1e+20
 24
1e+20
 34
1e+20
 15
-1e+20
 25
-1e+20
 35
-1e+20
146
0.0
 13
0.0
 23
0.0
 33
0.0
 16
1.0
 26
0.0
 36
0.0
 17
0.0
 27
1.0
 37
0.0
 76
1
330
17
  0
LAYOUT
  5
1E
330
D
100
AcDbPlotSettings
  1

  4
A3
  6

 40
7.5
 41
20.0
 42
7.5
 43
20.0
 44
420.0
 45
297.0
 46
0.0
 47
0.0
 48
0.0
 49
0.0
140
0.0
141
0.0
142
1.0
143
1.0
 70
0
 72
1
 73
0
 74
5
  7

 75
16
 76
0
 77
2
 78
300
147
1.0
148
0.0
149
0.0
100
AcDbLayout
  1
Layout1
 70
1
 71
1
 10
0.0
 20
0.0
 11
420.0
 21
297.0
 12
0.0
 22
0.0
 32
0.0
 14
1e+20
 24
1e+20
 34
1e+20
 15
-1e+20
 25
-1e+20
 35
-1e+20
146
0.0
 13
0.0
 23
0.0
 33
0.0
 16
1.0
 26
0.0
 36
0.0
 17
0.0
 27
1.0
 37
0.0
 76
1
330
1B
  0
MATERIAL
  5
1F
102
{ACAD_REACTORS
330
E
102
}
330
E
100
AcDbMaterial
  1
ByBlock
  2

 70
0
 40
1.0
 71
1
 41
1.0
 91
-1023410177
 42
1.0
 72
1
  3

 73
1
 74
1
 75
1
 44
0.5
 73
0
 45
1.0
 46
1.0
 77
1
  4

 78
1
 79
1
170
1
 48
1.0
171
1
  6

172
1
173
1
174
1
140
1.0
141
1.0
175
1
  7

176
1
177
1
178
1
143
1.0
179
1
  8

270
1
271
1
272
1
145
1.0
146
1.0
273
1
  9

274
1
275
1
276
1
 42
1.0
 72
1
  3

 73
1
 74
1
 75
1
 94
63
  0
MATERIAL
  5
20
102
{ACAD_REACTORS
330
E
102
}
330
E
100
AcDbMaterial
  1
ByLayer
  2

 70
0
 40
1.0
 71
1
 41
1.0
 91
-1023410177
 42
1.0
 72
1
  3

 73
1
 74
1
 75
1
 44
0.5
 73
0
 45
1.0
 46
1.0
 77
1
  4

 78
1
 79
1
170
1
 48
1.0
171
1
  6

172
1
173
1
174
1
140
1.0
141
1.0
175
1
  7

176
1
177
1
178
1
143
1.0
179
1
  8

270
1
271
1
272
1
145
1.0
146
1.0
273
1
  9

274
1
275
1
276
1
 42
1.0
 72
1
  3

 73
1
 74
1
 75
1
 94
63
  0
MATERIAL
  5
21
102
{ACAD_REACTORS
330
E
102
}
330
E
100
AcDbMaterial
  1
Global
  2

 70
0
 40
1.0
 71
1
 41
1.0
 91
-1023410177
 42
1.0
 72
1
  3

 73
1
 74
1
 75
1
 44
0.5
 73
0
 45
1.0
 46
1.0
 77
1
  4

 78
1
 79
1
170
1
 48
1.0
171
1
  6

172
1
173
1
174
1
140
1.0
141
1.0
175
1
  7

176
1
177
1
178
1
143
1.0
179
1
  8

270
1
271
1
272
1
145
1.0
146
1.0
273
1
  9

274
1
275
1
276
1
 42
1.0
 72
1
  3

 73
1
 74
1
 75
1
 94
63
  0
MLINESTYLE
  5
22
102
{ACAD_REACTORS
330
10
102
}
330
10
100
AcDbMlineStyle
  2
Standard
 70
0
  3

 62
256
 51
90.0
 52
90.0
 71
2
 49
0.5
 62
256
  6
BYLAYER
 49
-0.5
 62
256
  6
BYLAYER
  0
MLEADERSTYLE
  5
2C
102
{ACAD_REACTORS
330
F
102
}
330
F
100
AcDbMLeaderStyle
179
2
170
2
171
1
172
0
 90
2
 40
0.0
 41
0.0
173
1
 91
-1056964608
 92
-2
290
1
 42
2.0
291
1
 43
8.0
  3
Standard
 44
4.0
300

342
29
174
1
175
1
176
0
178
1
 93
-1056964608
 45
4.0
292
0
297
0
 46
4.0
 94
-1056964608
 47
1.0
 49
1.0
140
1.0
294
1
141
0.0
177
0
142
1.0
295
0
296
0
143
3.75
271
0
272
9
273
9
  0
DICTIONARY
  5
2D
330
A
100
AcDbDictionary
280
1
281
1
  3
CREATED_BY_EZDXF
350
2E
  3
WRITTEN_BY_EZDXF
350
69B
  0
DICTIONARYVAR
  5
2E
330
2D
100
DictionaryVariables
280
0
  1
1.4.4 @ 2026-09-21T02:27:33.016778+00:00
  0
DICTIONARYVAR
  5
69B
330
2D
100
DictionaryVariables
280
0
  1
1.4.4 @ 2026-09-21T02:27:54.938826+00:00
  0
ENDSEC
  0
EOF
